モデル3_全員達成True_目標達成True_最低照度0_最大照度10000_最適化前照度150_最適化日数7_ステップサイズ100_J0.3342_Each_J0.1351

l_j = [[2460    0]
 [2461    0]
 [2462    0]
 [2463    0]
 [2464    0]
 [2465    0]
 [2466    0]
 [2467    0]
 [2468    0]
 [2469    0]
 [2470    0]
 [2471    0]
 [2472    0]
 [2473    0]
 [2474    0]
 [2475    0]
 [2476    0]
 [2477    0]
 [2478    0]
 [2479    0]
 [2480    0]
 [2481    0]
 [2482    0]
 [2483    0]
 [2484    0]
 [2485    0]
 [2486    0]
 [2487    0]
 [2488    0]
 [2489    0]
 [2490    0]
 [2491    0]
 [2492    0]
 [2493    0]
 [2494    0]
 [2495    0]
 [2496    0]
 [2497    0]
 [2498    0]
 [2499    0]
 [2500    0]
 [2490    0]
 [2491    0]
 [2492    0]
 [2493    0]
 [2494    0]
 [2495    0]
 [2496    0]
 [2497    0]
 [2498    0]
 [2499    0]
 [2500    0]
 [2501   55]
 [2502  110]
 [2503  168]
 [2504  201]
 [2505  230]
 [2506  277]
 [2507  323]
 [2508  373]
 [2509  442]
 [2510  505]
 [2511  543]
 [2512  665]
 [2513  749]
 [2514  808]
 [2515  861]
 [2516  906]
 [2517  939]
 [2518  969]
 [2519  992]
 [2520  989]
 [2521 1000]
 [2522  997]
 [2523  992]
 [2524  986]
 [2525  978]
 [2526  971]
 [2527  963]
 [2528  953]
 [2529  945]
 [2530  966]
 [2531  973]
 [2532  979]
 [2533  987]
 [2534  991]
 [2535  995]
 [2536  999]
 [2537 1003]
 [2538 1006]
 [2539 1010]
 [2540 1012]
 [2541 1014]
 [2542 1016]
 [2543 1019]
 [2544 1020]
 [2545 1021]
 [2546 1023]
 [2547 1024]
 [2548 1025]
 [2549 1025]
 [2550 1026]
 [2551 1027]
 [2552 1027]
 [2553 1027]
 [2554 1027]
 [2555 1027]
 [2556 1026]
 [2557 1025]
 [2558 1025]
 [2559 1036]
 [2560 1045]
 [2561 1050]
 [2562 1050]
 [2563 1050]
 [2564 1050]
 [2565 1050]
 [2566 1050]
 [2567 1050]
 [2568 1050]
 [2569 1050]
 [2570 1050]
 [2571 1050]
 [2572 1050]
 [2573 1049]
 [2574 1043]
 [2575 1036]
 [2576 1026]
 [2577 1015]
 [2578 1005]
 [2579 1000]
 [2570 1050]
 [2571 1050]
 [2572 1050]
 [2573 1049]
 [2574 1043]
 [2575 1036]
 [2576 1026]
 [2577 1015]
 [2578 1005]
 [2579 1000]
 [2580  993]
 [2581  978]
 [2582  952]
 [2583  899]
 [2584  793]
 [2585  635]
 [2586  415]
 [2587  125]
 [2588    0]
 [2589    0]
 [2590    0]
 [2591    0]
 [2592    0]
 [2593    0]
 [2594    0]
 [2595    0]
 [2596    0]
 [2597    0]
 [2598    0]
 [2599    0]
 [2600    0]
 [2601    0]
 [2602    0]
 [2603    0]
 [2604    0]
 [2605    0]
 [2606    0]
 [2607    0]
 [2608    0]
 [2609    0]
 [2610    0]
 [2611    0]
 [2612    0]
 [2613    0]
 [2614    0]
 [2615    0]
 [2616    0]
 [2617    0]
 [2618    0]
 [2619    0]
 [2620    0]
 [2621    0]
 [2622    0]
 [2623    0]
 [2624    0]
 [2625    0]
 [2626    0]
 [2627    0]
 [2628    0]
 [2629    0]
 [2630    0]
 [2631    0]
 [2632    0]
 [2633    0]
 [2634    0]
 [2635    0]
 [2636    0]
 [2637    0]
 [2638    0]
 [2639    0]
 [2640    0]
 [2641    0]
 [2642    0]
 [2643    0]
 [2644    0]
 [2645    0]
 [2646    0]
 [2647    0]
 [2648    0]
 [2649    0]
 [2650    0]
 [2700    0]
 [2701    0]
 [2702    0]
 [2703    0]
 [2704    0]
 [2705    0]
 [2706    0]
 [2707    0]
 [2708    0]
 [2709    0]
 [2710    0]
 [2711    0]
 [2712    0]
 [2713    0]
 [2714    0]
 [2715    0]
 [2716    0]
 [2717    0]
 [2718    0]
 [2719    0]
 [2720    0]
 [2721    0]
 [2722    0]
 [2723    0]
 [2724    0]
 [2725    0]
 [2726    0]
 [2727    0]
 [2728    0]
 [2729    0]
 [2730    0]
 [2731    0]
 [2732    0]
 [2733    0]
 [2734    0]
 [2735    0]
 [2736    0]
 [2737    0]
 [2738    0]
 [2739    0]
 [2740    0]
 [2730    0]
 [2731    0]
 [2732    0]
 [2733    0]
 [2734    0]
 [2735    0]
 [2736    0]
 [2737    0]
 [2738    0]
 [2739    0]
 [2740    0]
 [2741    0]
 [2742    0]
 [2743    0]
 [2744    0]
 [2745    0]
 [2746    0]
 [2747    0]
 [2748    0]
 [2749    0]
 [2750    0]
 [2751    0]
 [2752    0]
 [2753   49]
 [2754  168]
 [2755  269]
 [2756  455]
 [2757  619]
 [2758  703]
 [2759  754]
 [2760  755]
 [2761  784]
 [2762  800]
 [2763  811]
 [2764  822]
 [2765  828]
 [2766  835]
 [2767  837]
 [2768  838]
 [2769  842]
 [2770  873]
 [2771  887]
 [2772  901]
 [2773  915]
 [2774  928]
 [2775  938]
 [2776  949]
 [2777  961]
 [2778  968]
 [2779  976]
 [2780  984]
 [2781  991]
 [2782  998]
 [2783 1003]
 [2784 1010]
 [2785 1014]
 [2786 1017]
 [2787 1022]
 [2788 1025]
 [2789 1028]
 [2790 1030]
 [2791 1033]
 [2792 1035]
 [2793 1037]
 [2794 1040]
 [2795 1042]
 [2796 1043]
 [2797 1044]
 [2798 1045]
 [2799 1050]
 [2800 1050]
 [2801 1050]
 [2802 1050]
 [2803 1050]
 [2804 1050]
 [2805 1050]
 [2806 1050]
 [2807 1050]
 [2808 1050]
 [2809 1050]
 [2810 1050]
 [2811 1050]
 [2812 1050]
 [2813 1050]
 [2814 1050]
 [2815 1050]
 [2816 1050]
 [2817 1050]
 [2818 1049]
 [2819 1048]
 [2810 1050]
 [2811 1050]
 [2812 1050]
 [2813 1050]
 [2814 1050]
 [2815 1050]
 [2816 1050]
 [2817 1050]
 [2818 1049]
 [2819 1048]
 [2820 1048]
 [2821 1045]
 [2822 1041]
 [2823 1038]
 [2824 1035]
 [2825 1030]
 [2826 1023]
 [2827 1015]
 [2828 1008]
 [2829 1002]
 [2830  993]
 [2831  987]
 [2832  978]
 [2833  965]
 [2834  946]
 [2835  810]
 [2836  602]
 [2837  356]
 [2838   71]
 [2839    0]
 [2840    0]
 [2841    0]
 [2842    0]
 [2843    0]
 [2844    0]
 [2845    0]
 [2846    0]
 [2847    0]
 [2848    0]
 [2849    0]
 [2850    0]
 [2851    0]
 [2852    0]
 [2853    0]
 [2854    0]
 [2855    0]
 [2856    0]
 [2857    0]
 [2858    0]
 [2859    0]
 [2860    0]
 [2861    0]
 [2862    0]
 [2863    0]
 [2864    0]
 [2865    0]
 [2866    0]
 [2867    0]
 [2868    0]
 [2869    0]
 [2870    0]
 [2871    0]
 [2872    0]
 [2873    0]
 [2874    0]
 [2875    0]
 [2876    0]
 [2877    0]
 [2878    0]
 [2879    0]
 [2880    0]
 [2881    0]
 [2882    0]
 [2883    0]
 [2884    0]
 [2885    0]
 [2886    0]
 [2887    0]
 [2888    0]
 [2889    0]
 [2890    0]
 [2940    0]
 [2941    0]
 [2942    0]
 [2943    0]
 [2944    0]
 [2945    0]
 [2946    0]
 [2947    0]
 [2948    0]
 [2949    0]
 [2950    0]
 [2951    0]
 [2952    0]
 [2953    0]
 [2954    0]
 [2955    0]
 [2956    0]
 [2957    0]
 [2958    0]
 [2959    0]
 [2960    0]
 [2961    0]
 [2962    0]
 [2963    0]
 [2964    0]
 [2965    0]
 [2966    0]
 [2967    0]
 [2968    0]
 [2969    0]
 [2970    0]
 [2971    0]
 [2972    0]
 [2973    0]
 [2974    0]
 [2975    0]
 [2976    0]
 [2977    0]
 [2978    0]
 [2979    0]
 [2980    0]
 [2970    0]
 [2971    0]
 [2972    0]
 [2973    0]
 [2974    0]
 [2975    0]
 [2976    0]
 [2977    0]
 [2978    0]
 [2979    0]
 [2980    0]
 [2981    0]
 [2982    0]
 [2983    0]
 [2984    0]
 [2985    0]
 [2986    0]
 [2987    0]
 [2988    0]
 [2989    0]
 [2990    0]
 [2991    0]
 [2992    0]
 [2993    0]
 [2994    0]
 [2995    0]
 [2996    0]
 [2997    0]
 [2998    0]
 [2999    0]
 [3000  132]
 [3001  234]
 [3002  368]
 [3003  423]
 [3004  470]
 [3005  511]
 [3006  544]
 [3007  569]
 [3008  587]
 [3009  608]
 [3010  649]
 [3011  682]
 [3012  709]
 [3013  737]
 [3014  762]
 [3015  786]
 [3016  810]
 [3017  829]
 [3018  852]
 [3019  868]
 [3020  887]
 [3021  904]
 [3022  918]
 [3023  932]
 [3024  943]
 [3025  957]
 [3026  966]
 [3027  976]
 [3028  987]
 [3029  993]
 [3030 1003]
 [3031 1010]
 [3032 1016]
 [3033 1022]
 [3034 1028]
 [3035 1032]
 [3036 1035]
 [3037 1039]
 [3038 1043]
 [3039 1050]
 [3040 1050]
 [3041 1050]
 [3042 1050]
 [3043 1050]
 [3044 1050]
 [3045 1050]
 [3046 1050]
 [3047 1050]
 [3048 1050]
 [3049 1050]
 [3050 1050]
 [3051 1050]
 [3052 1050]
 [3053 1050]
 [3054 1050]
 [3055 1050]
 [3056 1050]
 [3057 1050]
 [3058 1050]
 [3059 1050]
 [3050 1050]
 [3051 1050]
 [3052 1050]
 [3053 1050]
 [3054 1050]
 [3055 1050]
 [3056 1050]
 [3057 1050]
 [3058 1050]
 [3059 1050]
 [3060 1050]
 [3061 1050]
 [3062 1050]
 [3063 1050]
 [3064 1050]
 [3065 1049]
 [3066 1046]
 [3067 1043]
 [3068 1041]
 [3069 1038]
 [3070 1031]
 [3071 1027]
 [3072 1023]
 [3073 1020]
 [3074 1016]
 [3075 1014]
 [3076 1008]
 [3077 1005]
 [3078 1003]
 [3079 1009]
 [3080 1009]
 [3081 1007]
 [3082 1004]
 [3083  989]
 [3084  918]
 [3085  804]
 [3086  584]
 [3087  336]
 [3088   95]
 [3089    0]
 [3090    0]
 [3091    0]
 [3092    0]
 [3093    0]
 [3094    0]
 [3095    0]
 [3096    0]
 [3097    0]
 [3098    0]
 [3099    0]
 [3100    0]
 [3101    0]
 [3102    0]
 [3103    0]
 [3104    0]
 [3105    0]
 [3106    0]
 [3107    0]
 [3108    0]
 [3109    0]
 [3110    0]
 [3111    0]
 [3112    0]
 [3113    0]
 [3114    0]
 [3115    0]
 [3116    0]
 [3117    0]
 [3118    0]
 [3119    0]
 [3120    0]
 [3121    0]
 [3122    0]
 [3123    0]
 [3124    0]
 [3125    0]
 [3126    0]
 [3127    0]
 [3128    0]
 [3129    0]
 [3130    0]
 [3180    0]
 [3181    0]
 [3182    0]
 [3183    0]
 [3184    0]
 [3185    0]
 [3186    0]
 [3187    0]
 [3188    0]
 [3189    0]
 [3190    0]
 [3191    0]
 [3192    0]
 [3193    0]
 [3194    0]
 [3195    0]
 [3196    0]
 [3197    0]
 [3198    0]
 [3199    0]
 [3200    0]
 [3201    0]
 [3202    0]
 [3203    0]
 [3204    0]
 [3205    0]
 [3206    0]
 [3207    0]
 [3208    0]
 [3209    0]
 [3210    0]
 [3211    0]
 [3212    0]
 [3213    0]
 [3214    0]
 [3215    0]
 [3216    0]
 [3217    0]
 [3218    0]
 [3219    0]
 [3220    0]
 [3210    0]
 [3211    0]
 [3212    0]
 [3213    0]
 [3214    0]
 [3215    0]
 [3216    0]
 [3217    0]
 [3218    0]
 [3219    0]
 [3220    0]
 [3221    0]
 [3222    0]
 [3223    0]
 [3224    0]
 [3225    0]
 [3226    0]
 [3227    0]
 [3228    0]
 [3229    0]
 [3230    0]
 [3231    0]
 [3232    0]
 [3233    0]
 [3234    0]
 [3235    0]
 [3236    0]
 [3237    0]
 [3238    0]
 [3239    0]
 [3240    0]
 [3241    0]
 [3242    0]
 [3243    0]
 [3244    0]
 [3245    0]
 [3246    0]
 [3247    0]
 [3248   78]
 [3249  146]
 [3250  199]
 [3251  264]
 [3252  327]
 [3253  382]
 [3254  437]
 [3255  485]
 [3256  527]
 [3257  566]
 [3258  605]
 [3259  643]
 [3260  679]
 [3261  711]
 [3262  742]
 [3263  770]
 [3264  800]
 [3265  823]
 [3266  848]
 [3267  872]
 [3268  891]
 [3269  911]
 [3270  927]
 [3271  945]
 [3272  960]
 [3273  973]
 [3274  988]
 [3275  998]
 [3276 1007]
 [3277 1015]
 [3278 1042]
 [3279 1050]
 [3280 1050]
 [3281 1050]
 [3282 1050]
 [3283 1050]
 [3284 1050]
 [3285 1050]
 [3286 1050]
 [3287 1050]
 [3288 1050]
 [3289 1050]
 [3290 1050]
 [3291 1050]
 [3292 1050]
 [3293 1050]
 [3294 1050]
 [3295 1050]
 [3296 1050]
 [3297 1050]
 [3298 1050]
 [3299 1050]
 [3290 1050]
 [3291 1050]
 [3292 1050]
 [3293 1050]
 [3294 1050]
 [3295 1050]
 [3296 1050]
 [3297 1050]
 [3298 1050]
 [3299 1050]
 [3300 1050]
 [3301 1050]
 [3302 1050]
 [3303 1050]
 [3304 1050]
 [3305 1050]
 [3306 1050]
 [3307 1050]
 [3308 1050]
 [3309 1049]
 [3310 1047]
 [3311 1046]
 [3312 1045]
 [3313 1044]
 [3314 1043]
 [3315 1042]
 [3316 1041]
 [3317 1039]
 [3318 1038]
 [3319 1036]
 [3320 1034]
 [3321 1030]
 [3322 1028]
 [3323 1025]
 [3324 1022]
 [3325 1021]
 [3326 1020]
 [3327 1020]
 [3328 1021]
 [3329 1025]
 [3330 1025]
 [3331 1023]
 [3332  983]
 [3333  900]
 [3334  644]
 [3335  460]
 [3336  348]
 [3337  232]
 [3338   85]
 [3339    0]
 [3340    0]
 [3341    0]
 [3342    0]
 [3343    0]
 [3344    0]
 [3345    0]
 [3346    0]
 [3347    0]
 [3348    0]
 [3349    0]
 [3350    0]
 [3351    0]
 [3352    0]
 [3353    0]
 [3354    0]
 [3355    0]
 [3356    0]
 [3357    0]
 [3358    0]
 [3359    0]
 [3360    0]
 [3361    0]
 [3362    0]
 [3363    0]
 [3364    0]
 [3365    0]
 [3366    0]
 [3367    0]
 [3368    0]
 [3369    0]
 [3370    0]
 [3420    0]
 [3421    0]
 [3422    0]
 [3423    0]
 [3424    0]
 [3425    0]
 [3426    0]
 [3427    0]
 [3428    0]
 [3429    0]
 [3430    0]
 [3431    0]
 [3432    0]
 [3433    0]
 [3434    0]
 [3435    0]
 [3436    0]
 [3437    0]
 [3438    0]
 [3439    0]
 [3440    0]
 [3441    0]
 [3442    0]
 [3443    0]
 [3444    0]
 [3445    0]
 [3446    0]
 [3447    0]
 [3448    0]
 [3449    0]
 [3450    0]
 [3451    0]
 [3452    0]
 [3453    0]
 [3454    0]
 [3455    0]
 [3456    0]
 [3457    0]
 [3458    0]
 [3459    0]
 [3460    0]
 [3450    0]
 [3451    0]
 [3452    0]
 [3453    0]
 [3454    0]
 [3455    0]
 [3456    0]
 [3457    0]
 [3458    0]
 [3459    0]
 [3460    0]
 [3461    0]
 [3462    0]
 [3463    0]
 [3464    0]
 [3465    0]
 [3466    0]
 [3467    0]
 [3468    0]
 [3469    0]
 [3470    0]
 [3471    0]
 [3472    0]
 [3473    0]
 [3474    0]
 [3475    0]
 [3476    0]
 [3477    0]
 [3478    0]
 [3479    0]
 [3480    0]
 [3481    0]
 [3482    0]
 [3483    0]
 [3484    0]
 [3485    0]
 [3486    0]
 [3487    0]
 [3488    0]
 [3489    0]
 [3490    0]
 [3491    0]
 [3492    0]
 [3493    0]
 [3494    0]
 [3495    0]
 [3496    0]
 [3497   18]
 [3498  124]
 [3499  212]
 [3500  283]
 [3501  348]
 [3502  413]
 [3503  467]
 [3504  519]
 [3505  562]
 [3506  605]
 [3507  645]
 [3508  683]
 [3509  722]
 [3510  754]
 [3511  789]
 [3512  816]
 [3513  845]
 [3514  873]
 [3515  897]
 [3516  912]
 [3517  930]
 [3518  986]
 [3519 1024]
 [3520 1045]
 [3521 1050]
 [3522 1050]
 [3523 1050]
 [3524 1050]
 [3525 1050]
 [3526 1050]
 [3527 1050]
 [3528 1050]
 [3529 1050]
 [3530 1050]
 [3531 1050]
 [3532 1050]
 [3533 1050]
 [3534 1050]
 [3535 1050]
 [3536 1050]
 [3537 1050]
 [3538 1050]
 [3539 1050]
 [3530 1050]
 [3531 1050]
 [3532 1050]
 [3533 1050]
 [3534 1050]
 [3535 1050]
 [3536 1050]
 [3537 1050]
 [3538 1050]
 [3539 1050]
 [3540 1050]
 [3541 1050]
 [3542 1050]
 [3543 1050]
 [3544 1050]
 [3545 1050]
 [3546 1050]
 [3547 1050]
 [3548 1050]
 [3549 1050]
 [3550 1050]
 [3551 1050]
 [3552 1050]
 [3553 1050]
 [3554 1050]
 [3555 1049]
 [3556 1049]
 [3557 1048]
 [3558 1048]
 [3559 1047]
 [3560 1047]
 [3561 1046]
 [3562 1045]
 [3563 1044]
 [3564 1043]
 [3565 1043]
 [3566 1042]
 [3567 1041]
 [3568 1040]
 [3569 1039]
 [3570 1038]
 [3571 1037]
 [3572 1037]
 [3573 1037]
 [3574 1037]
 [3575 1037]
 [3576 1037]
 [3577 1037]
 [3578 1038]
 [3579  877]
 [3580  716]
 [3581  658]
 [3582  597]
 [3583  540]
 [3584  445]
 [3585  379]
 [3586  291]
 [3587  193]
 [3588   55]
 [3589    0]
 [3590    0]
 [3591    0]
 [3592    0]
 [3593    0]
 [3594    0]
 [3595    0]
 [3596    0]
 [3597    0]
 [3598    0]
 [3599    0]
 [3600    0]
 [3601    0]
 [3602    0]
 [3603    0]
 [3604    0]
 [3605    0]
 [3606    0]
 [3607    0]
 [3608    0]
 [3609    0]
 [3610    0]
 [3660    0]
 [3661    0]
 [3662    0]
 [3663    0]
 [3664    0]
 [3665    0]
 [3666    0]
 [3667    0]
 [3668    0]
 [3669    0]
 [3670    0]
 [3671    0]
 [3672    0]
 [3673    0]
 [3674    0]
 [3675    0]
 [3676    0]
 [3677    0]
 [3678    0]
 [3679    0]
 [3680    0]
 [3681    0]
 [3682    0]
 [3683    0]
 [3684    0]
 [3685    0]
 [3686    0]
 [3687    0]
 [3688    0]
 [3689    0]
 [3690    0]
 [3691    0]
 [3692    0]
 [3693    0]
 [3694    0]
 [3695    0]
 [3696    0]
 [3697    0]
 [3698    0]
 [3699    0]
 [3700    0]
 [3690    0]
 [3691    0]
 [3692    0]
 [3693    0]
 [3694    0]
 [3695    0]
 [3696    0]
 [3697    0]
 [3698    0]
 [3699    0]
 [3700    0]
 [3701    0]
 [3702    0]
 [3703    0]
 [3704    0]
 [3705    0]
 [3706    0]
 [3707    0]
 [3708    0]
 [3709    0]
 [3710    0]
 [3711    0]
 [3712    0]
 [3713    0]
 [3714    0]
 [3715    0]
 [3716    0]
 [3717    0]
 [3718    0]
 [3719    0]
 [3720    0]
 [3721    0]
 [3722    0]
 [3723    0]
 [3724    0]
 [3725    0]
 [3726    0]
 [3727    0]
 [3728    0]
 [3729    0]
 [3730    0]
 [3731    0]
 [3732    0]
 [3733    0]
 [3734    0]
 [3735    0]
 [3736    0]
 [3737    0]
 [3738    0]
 [3739    0]
 [3740    0]
 [3741    0]
 [3742    0]
 [3743    0]
 [3744    0]
 [3745    0]
 [3746   74]
 [3747  185]
 [3748  274]
 [3749  354]
 [3750  422]
 [3751  487]
 [3752  540]
 [3753  590]
 [3754  638]
 [3755  683]
 [3756  714]
 [3757  742]
 [3758  838]
 [3759  911]
 [3760  969]
 [3761 1009]
 [3762 1035]
 [3763 1048]
 [3764 1050]
 [3765 1050]
 [3766 1050]
 [3767 1050]
 [3768 1050]
 [3769 1050]
 [3770 1050]
 [3771 1050]
 [3772 1050]
 [3773 1050]
 [3774 1050]
 [3775 1050]
 [3776 1043]
 [3777 1035]
 [3778 1022]
 [3779 1023]
 [3770 1050]
 [3771 1050]
 [3772 1050]
 [3773 1050]
 [3774 1050]
 [3775 1050]
 [3776 1043]
 [3777 1035]
 [3778 1022]
 [3779 1023]
 [3780 1024]
 [3781 1026]
 [3782 1028]
 [3783 1032]
 [3784 1034]
 [3785 1035]
 [3786 1037]
 [3787 1038]
 [3788 1040]
 [3789 1041]
 [3790 1042]
 [3791 1043]
 [3792 1043]
 [3793 1044]
 [3794 1044]
 [3795 1044]
 [3796 1045]
 [3797 1045]
 [3798 1045]
 [3799 1045]
 [3800 1046]
 [3801 1046]
 [3802 1046]
 [3803 1045]
 [3804 1045]
 [3805 1045]
 [3806 1045]
 [3807 1045]
 [3808 1044]
 [3809 1044]
 [3810 1043]
 [3811 1043]
 [3812 1042]
 [3813 1042]
 [3814 1041]
 [3815 1041]
 [3816 1041]
 [3817 1041]
 [3818 1041]
 [3819 1041]
 [3820 1041]
 [3821 1041]
 [3822 1042]
 [3823 1042]
 [3824 1043]
 [3825  844]
 [3826  842]
 [3827  741]
 [3828  741]
 [3829  709]
 [3830  668]
 [3831  615]
 [3832  566]
 [3833  502]
 [3834  444]
 [3835  362]
 [3836  299]
 [3837  220]
 [3838  100]
 [3839    2]
 [3840    0]
 [3841    0]
 [3842    0]
 [3843    0]
 [3844    0]
 [3845    0]
 [3846    0]
 [3847    0]
 [3848    0]
 [3849    0]
 [3850    0]
 [3900    0]
 [3901    0]
 [3902    0]
 [3903    0]
 [3904    0]
 [3905    0]
 [3906    0]
 [3907    0]
 [3908    0]
 [3909    0]
 [3910    0]
 [3911    0]
 [3912    0]
 [3913    0]
 [3914    0]
 [3915    0]
 [3916    0]
 [3917    0]
 [3918    0]
 [3919    0]
 [3920    0]
 [3921    0]
 [3922    0]
 [3923    0]
 [3924    0]
 [3925    0]
 [3926    0]
 [3927    0]
 [3928    0]
 [3929    0]
 [3930    0]
 [3931    0]
 [3932    0]
 [3933    0]
 [3934    0]
 [3935    0]
 [3936    0]
 [3937    0]
 [3938    0]
 [3939    0]
 [3940    0]
 [3930    0]
 [3931    0]
 [3932    0]
 [3933    0]
 [3934    0]
 [3935    0]
 [3936    0]
 [3937    0]
 [3938    0]
 [3939    0]
 [3940    0]
 [3941    0]
 [3942    0]
 [3943    0]
 [3944    0]
 [3945    0]
 [3946    0]
 [3947    0]
 [3948    0]
 [3949    0]
 [3950    0]
 [3951    0]
 [3952    0]
 [3953    0]
 [3954    0]
 [3955    0]
 [3956    0]
 [3957    0]
 [3958    0]
 [3959    0]
 [3960    0]
 [3961    0]
 [3962    0]
 [3963    0]
 [3964    0]
 [3965    0]
 [3966    0]
 [3967    0]
 [3968    0]
 [3969    0]
 [3970    0]
 [3971    0]
 [3972    0]
 [3973    0]
 [3974    0]
 [3975    0]
 [3976    0]
 [3977    0]
 [3978    0]
 [3979    0]
 [3980    0]
 [3981    0]
 [3982    0]
 [3983    0]
 [3984    0]
 [3985    0]
 [3986    0]
 [3987    0]
 [3988    0]
 [3989    0]
 [3990    0]
 [3991    0]
 [3992    0]
 [3993    0]
 [3994  125]
 [3995  244]
 [3996  312]
 [3997  380]
 [3998  540]
 [3999  682]
 [4000  805]
 [4001  905]
 [4002  975]
 [4003 1021]
 [4004 1047]
 [4005 1050]
 [4006 1050]
 [4007 1050]
 [4008 1050]
 [4009 1050]
 [4010 1050]
 [4011 1050]
 [4012 1045]
 [4013 1023]
 [4014  989]
 [4015  944]
 [4016  893]
 [4017  838]
 [4018  774]
 [4019  758]
 [4010 1050]
 [4011 1050]
 [4012 1045]
 [4013 1023]
 [4014  989]
 [4015  944]
 [4016  893]
 [4017  838]
 [4018  774]
 [4019  758]
 [4020  746]
 [4021  771]
 [4022  798]
 [4023  822]
 [4024  847]
 [4025  872]
 [4026  895]
 [4027  917]
 [4028  937]
 [4029  958]
 [4030  977]
 [4031  979]
 [4032  983]
 [4033  985]
 [4034  988]
 [4035  989]
 [4036  991]
 [4037  993]
 [4038  995]
 [4039  996]
 [4040  998]
 [4041  998]
 [4042  999]
 [4043  999]
 [4044  999]
 [4045 1000]
 [4046 1000]
 [4047 1000]
 [4048 1002]
 [4049 1002]
 [4050 1002]
 [4051 1003]
 [4052 1004]
 [4053 1005]
 [4054 1007]
 [4055 1007]
 [4056 1009]
 [4057 1011]
 [4058 1014]
 [4059 1017]
 [4060 1020]
 [4061 1024]
 [4062 1029]
 [4063 1034]
 [4064 1037]
 [4065 1041]
 [4066 1032]
 [4067 1014]
 [4068 1045]
 [4069 1050]
 [4070 1050]
 [4071 1050]
 [4072 1050]
 [4073 1050]
 [4074 1050]
 [4075 1050]
 [4076 1050]]
モデル3_全員達成True_目標達成True_最低照度0_最大照度10000_最適化前照度500_最適化日数7_ステップサイズ20_J0.3255_Each_J0.1357

l_j = [[2460    0]
 [2461    0]
 [2462    0]
 [2463    0]
 [2464    0]
 [2465    0]
 [2466    0]
 [2467    0]
 [2468    0]
 [2469    0]
 [2470    0]
 [2471    0]
 [2472    0]
 [2473    0]
 [2474    0]
 [2475    0]
 [2476    0]
 [2477    0]
 [2478    0]
 [2479    0]
 [2480   58]
 [2481   92]
 [2482  127]
 [2483  145]
 [2484  143]
 [2485  144]
 [2486  162]
 [2487  201]
 [2488  226]
 [2489  251]
 [2490  277]
 [2491  302]
 [2492  323]
 [2493  341]
 [2494  372]
 [2495  394]
 [2496  397]
 [2497  400]
 [2498  418]
 [2499  434]
 [2500  451]
 [2490  277]
 [2491  302]
 [2492  323]
 [2493  341]
 [2494  372]
 [2495  394]
 [2496  397]
 [2497  400]
 [2498  418]
 [2499  434]
 [2500  451]
 [2501  466]
 [2502  477]
 [2503  486]
 [2504  489]
 [2505  489]
 [2506  519]
 [2507  527]
 [2508  539]
 [2509  551]
 [2510  564]
 [2511  565]
 [2512  604]
 [2513  638]
 [2514  678]
 [2515  719]
 [2516  762]
 [2517  808]
 [2518  855]
 [2519  900]
 [2520  895]
 [2521  928]
 [2522  924]
 [2523  925]
 [2524  917]
 [2525  910]
 [2526  905]
 [2527  896]
 [2528  885]
 [2529  877]
 [2530  919]
 [2531  941]
 [2532  959]
 [2533  979]
 [2534  996]
 [2535 1009]
 [2536 1029]
 [2537 1041]
 [2538 1056]
 [2539 1069]
 [2540 1085]
 [2541 1099]
 [2542 1110]
 [2543 1120]
 [2544 1131]
 [2545 1142]
 [2546 1155]
 [2547 1162]
 [2548 1172]
 [2549 1178]
 [2550 1185]
 [2551 1190]
 [2552 1194]
 [2553 1196]
 [2554 1197]
 [2555 1200]
 [2556 1199]
 [2557 1198]
 [2558 1199]
 [2559 1275]
 [2560 1357]
 [2561 1434]
 [2562 1513]
 [2563 1591]
 [2564 1666]
 [2565 1731]
 [2566 1800]
 [2567 1858]
 [2568 1909]
 [2569 1826]
 [2570 1737]
 [2571 1704]
 [2572 1674]
 [2573 1642]
 [2574 1614]
 [2575 1587]
 [2576 1561]
 [2577 1538]
 [2578 1517]
 [2579 1549]
 [2570 1737]
 [2571 1704]
 [2572 1674]
 [2573 1642]
 [2574 1614]
 [2575 1587]
 [2576 1561]
 [2577 1538]
 [2578 1517]
 [2579 1549]
 [2580 1576]
 [2581 1503]
 [2582 1420]
 [2583 1336]
 [2584 1250]
 [2585 1162]
 [2586 1069]
 [2587  978]
 [2588  880]
 [2589  778]
 [2590  673]
 [2591  609]
 [2592  533]
 [2593  455]
 [2594  379]
 [2595  284]
 [2596  186]
 [2597   86]
 [2598    0]
 [2599    0]
 [2600    0]
 [2601    0]
 [2602    0]
 [2603    0]
 [2604    0]
 [2605    0]
 [2606    0]
 [2607    0]
 [2608    0]
 [2609    0]
 [2610    0]
 [2611    0]
 [2612    0]
 [2613    0]
 [2614    0]
 [2615    0]
 [2616    0]
 [2617    0]
 [2618    0]
 [2619    0]
 [2620    0]
 [2621    0]
 [2622    0]
 [2623    0]
 [2624    0]
 [2625    0]
 [2626    0]
 [2627    0]
 [2628    0]
 [2629    0]
 [2630    0]
 [2631    0]
 [2632    0]
 [2633    0]
 [2634    0]
 [2635    0]
 [2636    0]
 [2637    0]
 [2638    0]
 [2639    0]
 [2640    0]
 [2641    0]
 [2642    0]
 [2643    0]
 [2644    0]
 [2645    0]
 [2646    0]
 [2647    0]
 [2648    0]
 [2649    0]
 [2650    0]
 [2700    0]
 [2701    0]
 [2702    0]
 [2703    0]
 [2704    0]
 [2705    0]
 [2706    0]
 [2707    0]
 [2708    0]
 [2709    0]
 [2710    0]
 [2711    0]
 [2712    0]
 [2713    0]
 [2714    0]
 [2715    0]
 [2716    0]
 [2717    0]
 [2718    0]
 [2719    0]
 [2720    0]
 [2721    0]
 [2722    0]
 [2723    0]
 [2724    0]
 [2725    0]
 [2726    0]
 [2727    0]
 [2728   65]
 [2729  109]
 [2730  144]
 [2731  178]
 [2732  210]
 [2733  242]
 [2734  273]
 [2735  303]
 [2736  296]
 [2737  288]
 [2738  279]
 [2739  297]
 [2740  313]
 [2730  144]
 [2731  178]
 [2732  210]
 [2733  242]
 [2734  273]
 [2735  303]
 [2736  296]
 [2737  288]
 [2738  279]
 [2739  297]
 [2740  313]
 [2741  329]
 [2742  345]
 [2743  360]
 [2744  368]
 [2745  379]
 [2746  394]
 [2747  402]
 [2748  421]
 [2749  436]
 [2750  456]
 [2751  467]
 [2752  485]
 [2753  493]
 [2754  505]
 [2755  523]
 [2756  566]
 [2757  593]
 [2758  626]
 [2759  661]
 [2760  663]
 [2761  682]
 [2762  696]
 [2763  709]
 [2764  721]
 [2765  729]
 [2766  737]
 [2767  742]
 [2768  747]
 [2769  753]
 [2770  790]
 [2771  813]
 [2772  836]
 [2773  850]
 [2774  876]
 [2775  895]
 [2776  917]
 [2777  936]
 [2778  955]
 [2779  975]
 [2780  993]
 [2781 1012]
 [2782 1033]
 [2783 1050]
 [2784 1065]
 [2785 1081]
 [2786 1099]
 [2787 1113]
 [2788 1130]
 [2789 1144]
 [2790 1159]
 [2791 1171]
 [2792 1179]
 [2793 1194]
 [2794 1202]
 [2795 1210]
 [2796 1218]
 [2797 1226]
 [2798 1239]
 [2799 1359]
 [2800 1479]
 [2801 1604]
 [2802 1732]
 [2803 1863]
 [2804 1986]
 [2805 2107]
 [2806 2226]
 [2807 2334]
 [2808 2428]
 [2809 2323]
 [2810 2206]
 [2811 2154]
 [2812 2100]
 [2813 2043]
 [2814 1992]
 [2815 1947]
 [2816 1900]
 [2817 1858]
 [2818 1820]
 [2819 1880]
 [2810 2206]
 [2811 2154]
 [2812 2100]
 [2813 2043]
 [2814 1992]
 [2815 1947]
 [2816 1900]
 [2817 1858]
 [2818 1820]
 [2819 1880]
 [2820 1928]
 [2821 1860]
 [2822 1784]
 [2823 1698]
 [2824 1610]
 [2825 1521]
 [2826 1429]
 [2827 1339]
 [2828 1241]
 [2829 1145]
 [2830 1055]
 [2831 1018]
 [2832  982]
 [2833  946]
 [2834  908]
 [2835  875]
 [2836  834]
 [2837  788]
 [2838  735]
 [2839  680]
 [2840  618]
 [2841  545]
 [2842  466]
 [2843  377]
 [2844  285]
 [2845  180]
 [2846   70]
 [2847    0]
 [2848    0]
 [2849    0]
 [2850    0]
 [2851    0]
 [2852    0]
 [2853    0]
 [2854    0]
 [2855    0]
 [2856    0]
 [2857    0]
 [2858    0]
 [2859    0]
 [2860    0]
 [2861    0]
 [2862    0]
 [2863    0]
 [2864    0]
 [2865    0]
 [2866    0]
 [2867    0]
 [2868    0]
 [2869    0]
 [2870    0]
 [2871    0]
 [2872    0]
 [2873    0]
 [2874    0]
 [2875    0]
 [2876    0]
 [2877    0]
 [2878    0]
 [2879    0]
 [2880    0]
 [2881    0]
 [2882    0]
 [2883    0]
 [2884    0]
 [2885    0]
 [2886    0]
 [2887    0]
 [2888    0]
 [2889    0]
 [2890    0]
 [2940    0]
 [2941    0]
 [2942    0]
 [2943    0]
 [2944    0]
 [2945    0]
 [2946    0]
 [2947    0]
 [2948    0]
 [2949    0]
 [2950    0]
 [2951    0]
 [2952    0]
 [2953    0]
 [2954    0]
 [2955    0]
 [2956    0]
 [2957    0]
 [2958    0]
 [2959    0]
 [2960    0]
 [2961    0]
 [2962    0]
 [2963    0]
 [2964    0]
 [2965    0]
 [2966    0]
 [2967    0]
 [2968    0]
 [2969    0]
 [2970   29]
 [2971   65]
 [2972  100]
 [2973  129]
 [2974  160]
 [2975  190]
 [2976  165]
 [2977  151]
 [2978  130]
 [2979  146]
 [2980  164]
 [2970   29]
 [2971   65]
 [2972  100]
 [2973  129]
 [2974  160]
 [2975  190]
 [2976  165]
 [2977  151]
 [2978  130]
 [2979  146]
 [2980  164]
 [2981  176]
 [2982  189]
 [2983  211]
 [2984  213]
 [2985  221]
 [2986  232]
 [2987  247]
 [2988  262]
 [2989  277]
 [2990  297]
 [2991  322]
 [2992  335]
 [2993  350]
 [2994  369]
 [2995  385]
 [2996  407]
 [2997  430]
 [2998  452]
 [2999  473]
 [3000  489]
 [3001  497]
 [3002  517]
 [3003  533]
 [3004  544]
 [3005  553]
 [3006  566]
 [3007  571]
 [3008  583]
 [3009  608]
 [3010  630]
 [3011  648]
 [3012  669]
 [3013  689]
 [3014  712]
 [3015  736]
 [3016  755]
 [3017  777]
 [3018  798]
 [3019  824]
 [3020  839]
 [3021  864]
 [3022  886]
 [3023  904]
 [3024  927]
 [3025  948]
 [3026  970]
 [3027  985]
 [3028 1010]
 [3029 1029]
 [3030 1049]
 [3031 1067]
 [3032 1084]
 [3033 1097]
 [3034 1113]
 [3035 1128]
 [3036 1143]
 [3037 1159]
 [3038 1178]
 [3039 1310]
 [3040 1448]
 [3041 1592]
 [3042 1744]
 [3043 1891]
 [3044 2038]
 [3045 2192]
 [3046 2336]
 [3047 2467]
 [3048 2596]
 [3049 2489]
 [3050 2368]
 [3051 2307]
 [3052 2245]
 [3053 2176]
 [3054 2116]
 [3055 2050]
 [3056 1996]
 [3057 1939]
 [3058 1891]
 [3059 1958]
 [3050 2368]
 [3051 2307]
 [3052 2245]
 [3053 2176]
 [3054 2116]
 [3055 2050]
 [3056 1996]
 [3057 1939]
 [3058 1891]
 [3059 1958]
 [3060 2026]
 [3061 1967]
 [3062 1903]
 [3063 1829]
 [3064 1757]
 [3065 1678]
 [3066 1593]
 [3067 1506]
 [3068 1422]
 [3069 1334]
 [3070 1242]
 [3071 1223]
 [3072 1194]
 [3073 1171]
 [3074 1147]
 [3075 1122]
 [3076 1094]
 [3077 1070]
 [3078 1043]
 [3079 1013]
 [3080  983]
 [3081  952]
 [3082  919]
 [3083  883]
 [3084  844]
 [3085  805]
 [3086  749]
 [3087  696]
 [3088  628]
 [3089  553]
 [3090  475]
 [3091  376]
 [3092  268]
 [3093  140]
 [3094   15]
 [3095    0]
 [3096    0]
 [3097    0]
 [3098    0]
 [3099    0]
 [3100    0]
 [3101    0]
 [3102    0]
 [3103    0]
 [3104    0]
 [3105    0]
 [3106    0]
 [3107    0]
 [3108    0]
 [3109    0]
 [3110    0]
 [3111    0]
 [3112    0]
 [3113    0]
 [3114    0]
 [3115    0]
 [3116    0]
 [3117    0]
 [3118    0]
 [3119    0]
 [3120    0]
 [3121    0]
 [3122    0]
 [3123    0]
 [3124    0]
 [3125    0]
 [3126    0]
 [3127    0]
 [3128    0]
 [3129    0]
 [3130    0]
 [3180    0]
 [3181    0]
 [3182    0]
 [3183    0]
 [3184    0]
 [3185    0]
 [3186    0]
 [3187    0]
 [3188    0]
 [3189    0]
 [3190    0]
 [3191    0]
 [3192    0]
 [3193    0]
 [3194    0]
 [3195    0]
 [3196    0]
 [3197    0]
 [3198    0]
 [3199    0]
 [3200    0]
 [3201    0]
 [3202    0]
 [3203    0]
 [3204    0]
 [3205    0]
 [3206    0]
 [3207    0]
 [3208    0]
 [3209    0]
 [3210    0]
 [3211    0]
 [3212    0]
 [3213    0]
 [3214    0]
 [3215    0]
 [3216    0]
 [3217    0]
 [3218    0]
 [3219    0]
 [3220    0]
 [3210    0]
 [3211    0]
 [3212    0]
 [3213    0]
 [3214    0]
 [3215    0]
 [3216    0]
 [3217    0]
 [3218    0]
 [3219    0]
 [3220    0]
 [3221    0]
 [3222    0]
 [3223    0]
 [3224    0]
 [3225    0]
 [3226    0]
 [3227    7]
 [3228   37]
 [3229   65]
 [3230   98]
 [3231  140]
 [3232  153]
 [3233  165]
 [3234  183]
 [3235  195]
 [3236  210]
 [3237  237]
 [3238  253]
 [3239  267]
 [3240  292]
 [3241  291]
 [3242  317]
 [3243  348]
 [3244  375]
 [3245  398]
 [3246  422]
 [3247  438]
 [3248  458]
 [3249  480]
 [3250  492]
 [3251  516]
 [3252  529]
 [3253  548]
 [3254  564]
 [3255  574]
 [3256  589]
 [3257  604]
 [3258  626]
 [3259  655]
 [3260  675]
 [3261  695]
 [3262  716]
 [3263  742]
 [3264  765]
 [3265  788]
 [3266  812]
 [3267  828]
 [3268  856]
 [3269  879]
 [3270  898]
 [3271  922]
 [3272  938]
 [3273  961]
 [3274  979]
 [3275 1000]
 [3276 1017]
 [3277 1038]
 [3278 1166]
 [3279 1304]
 [3280 1445]
 [3281 1589]
 [3282 1741]
 [3283 1896]
 [3284 2053]
 [3285 2203]
 [3286 2358]
 [3287 2500]
 [3288 2534]
 [3289 2440]
 [3290 2335]
 [3291 2265]
 [3292 2195]
 [3293 2125]
 [3294 2050]
 [3295 1984]
 [3296 1918]
 [3297 1849]
 [3298 1797]
 [3299 1859]
 [3290 2335]
 [3291 2265]
 [3292 2195]
 [3293 2125]
 [3294 2050]
 [3295 1984]
 [3296 1918]
 [3297 1849]
 [3298 1797]
 [3299 1859]
 [3300 1924]
 [3301 1884]
 [3302 1839]
 [3303 1791]
 [3304 1733]
 [3305 1676]
 [3306 1610]
 [3307 1548]
 [3308 1476]
 [3309 1407]
 [3310 1334]
 [3311 1319]
 [3312 1306]
 [3313 1293]
 [3314 1278]
 [3315 1262]
 [3316 1250]
 [3317 1231]
 [3318 1211]
 [3319 1197]
 [3320 1182]
 [3321 1162]
 [3322 1141]
 [3323 1120]
 [3324 1099]
 [3325 1077]
 [3326 1052]
 [3327 1023]
 [3328  998]
 [3329  969]
 [3330  934]
 [3331  901]
 [3332  863]
 [3333  826]
 [3334  777]
 [3335  719]
 [3336  644]
 [3337  540]
 [3338  449]
 [3339  346]
 [3340  216]
 [3341   72]
 [3342    0]
 [3343    0]
 [3344    0]
 [3345    0]
 [3346    0]
 [3347    0]
 [3348    0]
 [3349    0]
 [3350    0]
 [3351    0]
 [3352    0]
 [3353    0]
 [3354    0]
 [3355    0]
 [3356    0]
 [3357    0]
 [3358    0]
 [3359    0]
 [3360    0]
 [3361    0]
 [3362    0]
 [3363    0]
 [3364    0]
 [3365    0]
 [3366    0]
 [3367    0]
 [3368    0]
 [3369    0]
 [3370    0]
 [3420    0]
 [3421    0]
 [3422    0]
 [3423    0]
 [3424    0]
 [3425    0]
 [3426    0]
 [3427    0]
 [3428    0]
 [3429    0]
 [3430    0]
 [3431    0]
 [3432    0]
 [3433    0]
 [3434    0]
 [3435    0]
 [3436    0]
 [3437    0]
 [3438    0]
 [3439    0]
 [3440    0]
 [3441    0]
 [3442    0]
 [3443    0]
 [3444    0]
 [3445    0]
 [3446    0]
 [3447    0]
 [3448    0]
 [3449    0]
 [3450    0]
 [3451    0]
 [3452    0]
 [3453    0]
 [3454    0]
 [3455    0]
 [3456    0]
 [3457    0]
 [3458    0]
 [3459    0]
 [3460    0]
 [3450    0]
 [3451    0]
 [3452    0]
 [3453    0]
 [3454    0]
 [3455    0]
 [3456    0]
 [3457    0]
 [3458    0]
 [3459    0]
 [3460    0]
 [3461    0]
 [3462    0]
 [3463    0]
 [3464    0]
 [3465    0]
 [3466    0]
 [3467    0]
 [3468    0]
 [3469    0]
 [3470    0]
 [3471    0]
 [3472    0]
 [3473    0]
 [3474    0]
 [3475    0]
 [3476   20]
 [3477   50]
 [3478   79]
 [3479   99]
 [3480  140]
 [3481  127]
 [3482  159]
 [3483  188]
 [3484  221]
 [3485  252]
 [3486  274]
 [3487  293]
 [3488  315]
 [3489  342]
 [3490  346]
 [3491  358]
 [3492  375]
 [3493  393]
 [3494  414]
 [3495  435]
 [3496  450]
 [3497  472]
 [3498  496]
 [3499  513]
 [3500  536]
 [3501  556]
 [3502  577]
 [3503  595]
 [3504  609]
 [3505  623]
 [3506  640]
 [3507  662]
 [3508  693]
 [3509  716]
 [3510  735]
 [3511  760]
 [3512  784]
 [3513  803]
 [3514  833]
 [3515  849]
 [3516  869]
 [3517  892]
 [3518  996]
 [3519 1113]
 [3520 1238]
 [3521 1359]
 [3522 1492]
 [3523 1627]
 [3524 1765]
 [3525 1903]
 [3526 2043]
 [3527 2179]
 [3528 2231]
 [3529 2162]
 [3530 2081]
 [3531 2024]
 [3532 1971]
 [3533 1910]
 [3534 1850]
 [3535 1789]
 [3536 1728]
 [3537 1670]
 [3538 1622]
 [3539 1678]
 [3530 2081]
 [3531 2024]
 [3532 1971]
 [3533 1910]
 [3534 1850]
 [3535 1789]
 [3536 1728]
 [3537 1670]
 [3538 1622]
 [3539 1678]
 [3540 1737]
 [3541 1714]
 [3542 1692]
 [3543 1661]
 [3544 1624]
 [3545 1584]
 [3546 1544]
 [3547 1503]
 [3548 1453]
 [3549 1402]
 [3550 1350]
 [3551 1347]
 [3552 1340]
 [3553 1334]
 [3554 1327]
 [3555 1322]
 [3556 1315]
 [3557 1308]
 [3558 1303]
 [3559 1294]
 [3560 1284]
 [3561 1277]
 [3562 1269]
 [3563 1258]
 [3564 1248]
 [3565 1234]
 [3566 1222]
 [3567 1208]
 [3568 1192]
 [3569 1171]
 [3570 1155]
 [3571 1137]
 [3572 1115]
 [3573 1096]
 [3574 1069]
 [3575 1048]
 [3576 1018]
 [3577  989]
 [3578  965]
 [3579  933]
 [3580  907]
 [3581  878]
 [3582  824]
 [3583  751]
 [3584  669]
 [3585  566]
 [3586  439]
 [3587  298]
 [3588  140]
 [3589    0]
 [3590    0]
 [3591    0]
 [3592    0]
 [3593    0]
 [3594    0]
 [3595    0]
 [3596    0]
 [3597    0]
 [3598    0]
 [3599    0]
 [3600    0]
 [3601    0]
 [3602    0]
 [3603    0]
 [3604    0]
 [3605    0]
 [3606    0]
 [3607    0]
 [3608    0]
 [3609    0]
 [3610    0]
 [3660    0]
 [3661    0]
 [3662    0]
 [3663    0]
 [3664    0]
 [3665    0]
 [3666    0]
 [3667    0]
 [3668    0]
 [3669    0]
 [3670    0]
 [3671    0]
 [3672    0]
 [3673    0]
 [3674    0]
 [3675    0]
 [3676    0]
 [3677    0]
 [3678    0]
 [3679    0]
 [3680    0]
 [3681    0]
 [3682    0]
 [3683    0]
 [3684    0]
 [3685    0]
 [3686    0]
 [3687    0]
 [3688    0]
 [3689    0]
 [3690    0]
 [3691    0]
 [3692    0]
 [3693    0]
 [3694    0]
 [3695    0]
 [3696    0]
 [3697    0]
 [3698    0]
 [3699    0]
 [3700    0]
 [3690    0]
 [3691    0]
 [3692    0]
 [3693    0]
 [3694    0]
 [3695    0]
 [3696    0]
 [3697    0]
 [3698    0]
 [3699    0]
 [3700    0]
 [3701    0]
 [3702    0]
 [3703    0]
 [3704    0]
 [3705    0]
 [3706    0]
 [3707    0]
 [3708    0]
 [3709    0]
 [3710    0]
 [3711    0]
 [3712    0]
 [3713    0]
 [3714    0]
 [3715    0]
 [3716    0]
 [3717    0]
 [3718    0]
 [3719    0]
 [3720    0]
 [3721    0]
 [3722    0]
 [3723   23]
 [3724   56]
 [3725   85]
 [3726  107]
 [3727  124]
 [3728  145]
 [3729  170]
 [3730  159]
 [3731  175]
 [3732  196]
 [3733  219]
 [3734  237]
 [3735  259]
 [3736  280]
 [3737  303]
 [3738  324]
 [3739  347]
 [3740  371]
 [3741  391]
 [3742  416]
 [3743  439]
 [3744  459]
 [3745  485]
 [3746  508]
 [3747  534]
 [3748  555]
 [3749  577]
 [3750  597]
 [3751  617]
 [3752  632]
 [3753  648]
 [3754  667]
 [3755  691]
 [3756  719]
 [3757  734]
 [3758  826]
 [3759  914]
 [3760 1016]
 [3761 1118]
 [3762 1228]
 [3763 1339]
 [3764 1455]
 [3765 1567]
 [3766 1690]
 [3767 1809]
 [3768 1861]
 [3769 1817]
 [3770 1763]
 [3771 1719]
 [3772 1672]
 [3773 1618]
 [3774 1569]
 [3775 1515]
 [3776 1465]
 [3777 1409]
 [3778 1362]
 [3779 1401]
 [3770 1763]
 [3771 1719]
 [3772 1672]
 [3773 1618]
 [3774 1569]
 [3775 1515]
 [3776 1465]
 [3777 1409]
 [3778 1362]
 [3779 1401]
 [3780 1446]
 [3781 1443]
 [3782 1438]
 [3783 1428]
 [3784 1420]
 [3785 1407]
 [3786 1389]
 [3787 1369]
 [3788 1347]
 [3789 1319]
 [3790 1294]
 [3791 1299]
 [3792 1300]
 [3793 1302]
 [3794 1305]
 [3795 1308]
 [3796 1309]
 [3797 1310]
 [3798 1309]
 [3799 1311]
 [3800 1312]
 [3801 1310]
 [3802 1308]
 [3803 1306]
 [3804 1302]
 [3805 1300]
 [3806 1296]
 [3807 1291]
 [3808 1284]
 [3809 1277]
 [3810 1272]
 [3811 1263]
 [3812 1255]
 [3813 1243]
 [3814 1234]
 [3815 1219]
 [3816 1204]
 [3817 1190]
 [3818 1174]
 [3819 1153]
 [3820 1138]
 [3821 1114]
 [3822 1095]
 [3823 1072]
 [3824 1052]
 [3825 1028]
 [3826  996]
 [3827 1037]
 [3828 1085]
 [3829 1103]
 [3830 1047]
 [3831  968]
 [3832  874]
 [3833  755]
 [3834  614]
 [3835  450]
 [3836  269]
 [3837  161]
 [3838   59]
 [3839    0]
 [3840    0]
 [3841    0]
 [3842    0]
 [3843    0]
 [3844    0]
 [3845    0]
 [3846    0]
 [3847    0]
 [3848    0]
 [3849    0]
 [3850    0]
 [3900    0]
 [3901    0]
 [3902    0]
 [3903    0]
 [3904    0]
 [3905    0]
 [3906    0]
 [3907    0]
 [3908    0]
 [3909    0]
 [3910    0]
 [3911    0]
 [3912    0]
 [3913    0]
 [3914    0]
 [3915    0]
 [3916    0]
 [3917    0]
 [3918    0]
 [3919    0]
 [3920    0]
 [3921    0]
 [3922    0]
 [3923    0]
 [3924    0]
 [3925    0]
 [3926    0]
 [3927    0]
 [3928    0]
 [3929    0]
 [3930    0]
 [3931    0]
 [3932    0]
 [3933    0]
 [3934    0]
 [3935    0]
 [3936    0]
 [3937    0]
 [3938    0]
 [3939    0]
 [3940    0]
 [3930    0]
 [3931    0]
 [3932    0]
 [3933    0]
 [3934    0]
 [3935    0]
 [3936    0]
 [3937    0]
 [3938    0]
 [3939    0]
 [3940    0]
 [3941    0]
 [3942    0]
 [3943    0]
 [3944    0]
 [3945    0]
 [3946    0]
 [3947    0]
 [3948    0]
 [3949    0]
 [3950    0]
 [3951    0]
 [3952    0]
 [3953    0]
 [3954    0]
 [3955    0]
 [3956    0]
 [3957    0]
 [3958    0]
 [3959    0]
 [3960    0]
 [3961    0]
 [3962    0]
 [3963    0]
 [3964    0]
 [3965    0]
 [3966    0]
 [3967    0]
 [3968    0]
 [3969    0]
 [3970    0]
 [3971    0]
 [3972    0]
 [3973    0]
 [3974    0]
 [3975    0]
 [3976   38]
 [3977   74]
 [3978  108]
 [3979  135]
 [3980  161]
 [3981  196]
 [3982  227]
 [3983  249]
 [3984  277]
 [3985  306]
 [3986  331]
 [3987  359]
 [3988  386]
 [3989  413]
 [3990  438]
 [3991  465]
 [3992  492]
 [3993  518]
 [3994  542]
 [3995  570]
 [3996  583]
 [3997  601]
 [3998  666]
 [3999  754]
 [4000  841]
 [4001  935]
 [4002 1032]
 [4003 1134]
 [4004 1232]
 [4005 1339]
 [4006 1449]
 [4007 1558]
 [4008 1612]
 [4009 1570]
 [4010 1523]
 [4011 1455]
 [4012 1381]
 [4013 1299]
 [4014 1219]
 [4015 1137]
 [4016 1061]
 [4017  978]
 [4018  896]
 [4019  898]
 [4010 1523]
 [4011 1455]
 [4012 1381]
 [4013 1299]
 [4014 1219]
 [4015 1137]
 [4016 1061]
 [4017  978]
 [4018  896]
 [4019  898]
 [4020  899]
 [4021  923]
 [4022  953]
 [4023  978]
 [4024 1003]
 [4025 1028]
 [4026 1051]
 [4027 1069]
 [4028 1090]
 [4029 1104]
 [4030 1114]
 [4031 1125]
 [4032 1135]
 [4033 1139]
 [4034 1151]
 [4035 1156]
 [4036 1161]
 [4037 1169]
 [4038 1172]
 [4039 1178]
 [4040 1187]
 [4041 1190]
 [4042 1194]
 [4043 1195]
 [4044 1200]
 [4045 1205]
 [4046 1208]
 [4047 1209]
 [4048 1210]
 [4049 1212]
 [4050 1213]
 [4051 1215]
 [4052 1217]
 [4053 1218]
 [4054 1220]
 [4055 1218]
 [4056 1216]
 [4057 1221]
 [4058 1223]
 [4059 1223]
 [4060 1225]
 [4061 1226]
 [4062 1222]
 [4063 1223]
 [4064 1227]
 [4065 1235]
 [4066 1159]
 [4067 1075]
 [4068 1218]
 [4069 1367]
 [4070 1536]
 [4071 1714]
 [4072 1642]
 [4073 1564]
 [4074 1494]
 [4075 1412]
 [4076 1411]]
モデル3_全員達成True_目標達成True_最低照度0_最大照度10000_最適化前照度500_最適化日数7_ステップサイズ30_J0.3328_Each_J0.1407

l_j = [[2460    0]
 [2461    0]
 [2462    0]
 [2463    0]
 [2464    0]
 [2465    0]
 [2466    0]
 [2467    0]
 [2468    0]
 [2469    0]
 [2470    0]
 [2471    0]
 [2472    0]
 [2473    0]
 [2474    0]
 [2475    0]
 [2476    0]
 [2477    0]
 [2478    0]
 [2479    0]
 [2480   58]
 [2481   92]
 [2482  119]
 [2483  143]
 [2484  144]
 [2485  143]
 [2486  159]
 [2487  199]
 [2488  226]
 [2489  250]
 [2490  270]
 [2491  295]
 [2492  316]
 [2493  335]
 [2494  359]
 [2495  381]
 [2496  386]
 [2497  389]
 [2498  407]
 [2499  424]
 [2500  441]
 [2490  270]
 [2491  295]
 [2492  316]
 [2493  335]
 [2494  359]
 [2495  381]
 [2496  386]
 [2497  389]
 [2498  407]
 [2499  424]
 [2500  441]
 [2501  455]
 [2502  471]
 [2503  482]
 [2504  486]
 [2505  501]
 [2506  509]
 [2507  521]
 [2508  537]
 [2509  551]
 [2510  565]
 [2511  568]
 [2512  599]
 [2513  631]
 [2514  670]
 [2515  710]
 [2516  751]
 [2517  792]
 [2518  835]
 [2519  879]
 [2520  876]
 [2521  903]
 [2522  904]
 [2523  904]
 [2524  899]
 [2525  897]
 [2526  890]
 [2527  880]
 [2528  877]
 [2529  868]
 [2530  911]
 [2531  928]
 [2532  948]
 [2533  965]
 [2534  985]
 [2535 1000]
 [2536 1018]
 [2537 1033]
 [2538 1048]
 [2539 1063]
 [2540 1076]
 [2541 1092]
 [2542 1104]
 [2543 1114]
 [2544 1126]
 [2545 1138]
 [2546 1147]
 [2547 1156]
 [2548 1165]
 [2549 1173]
 [2550 1183]
 [2551 1190]
 [2552 1195]
 [2553 1196]
 [2554 1199]
 [2555 1202]
 [2556 1204]
 [2557 1204]
 [2558 1208]
 [2559 1281]
 [2560 1356]
 [2561 1434]
 [2562 1508]
 [2563 1580]
 [2564 1652]
 [2565 1719]
 [2566 1783]
 [2567 1841]
 [2568 1888]
 [2569 1810]
 [2570 1728]
 [2571 1705]
 [2572 1680]
 [2573 1658]
 [2574 1636]
 [2575 1617]
 [2576 1598]
 [2577 1582]
 [2578 1564]
 [2579 1601]
 [2570 1728]
 [2571 1705]
 [2572 1680]
 [2573 1658]
 [2574 1636]
 [2575 1617]
 [2576 1598]
 [2577 1582]
 [2578 1564]
 [2579 1601]
 [2580 1631]
 [2581 1551]
 [2582 1472]
 [2583 1384]
 [2584 1298]
 [2585 1206]
 [2586 1115]
 [2587 1022]
 [2588  927]
 [2589  833]
 [2590  735]
 [2591  675]
 [2592  619]
 [2593  549]
 [2594  473]
 [2595  387]
 [2596  305]
 [2597  223]
 [2598  135]
 [2599   42]
 [2600    0]
 [2601    0]
 [2602    0]
 [2603    0]
 [2604    0]
 [2605    0]
 [2606    0]
 [2607    0]
 [2608    0]
 [2609    0]
 [2610    0]
 [2611    0]
 [2612    0]
 [2613    0]
 [2614    0]
 [2615    0]
 [2616    0]
 [2617    0]
 [2618    0]
 [2619    0]
 [2620    0]
 [2621    0]
 [2622    0]
 [2623    0]
 [2624    0]
 [2625    0]
 [2626    0]
 [2627    0]
 [2628    0]
 [2629    0]
 [2630    0]
 [2631    0]
 [2632    0]
 [2633    0]
 [2634    0]
 [2635    0]
 [2636    0]
 [2637    0]
 [2638    0]
 [2639    0]
 [2640    0]
 [2641    0]
 [2642    0]
 [2643    0]
 [2644    0]
 [2645    0]
 [2646    0]
 [2647    0]
 [2648    0]
 [2649    0]
 [2650    0]
 [2700    0]
 [2701    0]
 [2702    0]
 [2703    0]
 [2704    0]
 [2705    0]
 [2706    0]
 [2707    0]
 [2708    0]
 [2709    0]
 [2710    0]
 [2711    0]
 [2712    0]
 [2713    0]
 [2714    0]
 [2715    0]
 [2716    0]
 [2717    0]
 [2718    0]
 [2719    0]
 [2720    0]
 [2721    0]
 [2722    0]
 [2723    0]
 [2724    0]
 [2725    0]
 [2726    0]
 [2727    5]
 [2728   74]
 [2729  110]
 [2730  143]
 [2731  176]
 [2732  208]
 [2733  235]
 [2734  270]
 [2735  297]
 [2736  290]
 [2737  283]
 [2738  273]
 [2739  291]
 [2740  306]
 [2730  143]
 [2731  176]
 [2732  208]
 [2733  235]
 [2734  270]
 [2735  297]
 [2736  290]
 [2737  283]
 [2738  273]
 [2739  291]
 [2740  306]
 [2741  322]
 [2742  335]
 [2743  352]
 [2744  361]
 [2745  368]
 [2746  380]
 [2747  395]
 [2748  405]
 [2749  425]
 [2750  438]
 [2751  450]
 [2752  473]
 [2753  491]
 [2754  501]
 [2755  525]
 [2756  555]
 [2757  588]
 [2758  621]
 [2759  656]
 [2760  658]
 [2761  678]
 [2762  693]
 [2763  703]
 [2764  718]
 [2765  725]
 [2766  734]
 [2767  739]
 [2768  743]
 [2769  749]
 [2770  788]
 [2771  808]
 [2772  828]
 [2773  846]
 [2774  871]
 [2775  892]
 [2776  912]
 [2777  930]
 [2778  951]
 [2779  972]
 [2780  987]
 [2781 1007]
 [2782 1025]
 [2783 1043]
 [2784 1061]
 [2785 1076]
 [2786 1094]
 [2787 1111]
 [2788 1127]
 [2789 1141]
 [2790 1155]
 [2791 1170]
 [2792 1181]
 [2793 1192]
 [2794 1202]
 [2795 1212]
 [2796 1220]
 [2797 1233]
 [2798 1246]
 [2799 1357]
 [2800 1474]
 [2801 1594]
 [2802 1714]
 [2803 1833]
 [2804 1952]
 [2805 2069]
 [2806 2177]
 [2807 2285]
 [2808 2374]
 [2809 2274]
 [2810 2170]
 [2811 2123]
 [2812 2079]
 [2813 2038]
 [2814 1997]
 [2815 1955]
 [2816 1926]
 [2817 1889]
 [2818 1863]
 [2819 1920]
 [2810 2170]
 [2811 2123]
 [2812 2079]
 [2813 2038]
 [2814 1997]
 [2815 1955]
 [2816 1926]
 [2817 1889]
 [2818 1863]
 [2819 1920]
 [2820 1977]
 [2821 1903]
 [2822 1825]
 [2823 1740]
 [2824 1646]
 [2825 1557]
 [2826 1461]
 [2827 1365]
 [2828 1270]
 [2829 1172]
 [2830 1076]
 [2831 1043]
 [2832 1007]
 [2833  969]
 [2834  939]
 [2835  900]
 [2836  863]
 [2837  825]
 [2838  781]
 [2839  731]
 [2840  675]
 [2841  605]
 [2842  537]
 [2843  457]
 [2844  377]
 [2845  290]
 [2846  194]
 [2847   85]
 [2848    0]
 [2849    0]
 [2850    0]
 [2851    0]
 [2852    0]
 [2853    0]
 [2854    0]
 [2855    0]
 [2856    0]
 [2857    0]
 [2858    0]
 [2859    0]
 [2860    0]
 [2861    0]
 [2862    0]
 [2863    0]
 [2864    0]
 [2865    0]
 [2866    0]
 [2867    0]
 [2868    0]
 [2869    0]
 [2870    0]
 [2871    0]
 [2872    0]
 [2873    0]
 [2874    0]
 [2875    0]
 [2876    0]
 [2877    0]
 [2878    0]
 [2879    0]
 [2880    0]
 [2881    0]
 [2882    0]
 [2883    0]
 [2884    0]
 [2885    0]
 [2886    0]
 [2887    0]
 [2888    0]
 [2889    0]
 [2890    0]
 [2940    0]
 [2941    0]
 [2942    0]
 [2943    0]
 [2944    0]
 [2945    0]
 [2946    0]
 [2947    0]
 [2948    0]
 [2949    0]
 [2950    0]
 [2951    0]
 [2952    0]
 [2953    0]
 [2954    0]
 [2955    0]
 [2956    0]
 [2957    0]
 [2958    0]
 [2959    0]
 [2960    0]
 [2961    0]
 [2962    0]
 [2963    0]
 [2964    0]
 [2965    0]
 [2966    0]
 [2967    0]
 [2968    0]
 [2969    0]
 [2970   34]
 [2971   68]
 [2972   98]
 [2973  124]
 [2974  155]
 [2975  182]
 [2976  162]
 [2977  144]
 [2978  125]
 [2979  143]
 [2980  159]
 [2970   34]
 [2971   68]
 [2972   98]
 [2973  124]
 [2974  155]
 [2975  182]
 [2976  162]
 [2977  144]
 [2978  125]
 [2979  143]
 [2980  159]
 [2981  173]
 [2982  188]
 [2983  204]
 [2984  209]
 [2985  215]
 [2986  228]
 [2987  240]
 [2988  253]
 [2989  268]
 [2990  288]
 [2991  313]
 [2992  328]
 [2993  341]
 [2994  357]
 [2995  375]
 [2996  394]
 [2997  421]
 [2998  442]
 [2999  464]
 [3000  475]
 [3001  485]
 [3002  506]
 [3003  531]
 [3004  544]
 [3005  556]
 [3006  567]
 [3007  579]
 [3008  593]
 [3009  604]
 [3010  631]
 [3011  651]
 [3012  674]
 [3013  693]
 [3014  716]
 [3015  738]
 [3016  759]
 [3017  779]
 [3018  800]
 [3019  821]
 [3020  841]
 [3021  867]
 [3022  885]
 [3023  905]
 [3024  926]
 [3025  947]
 [3026  968]
 [3027  984]
 [3028 1010]
 [3029 1031]
 [3030 1046]
 [3031 1066]
 [3032 1085]
 [3033 1100]
 [3034 1115]
 [3035 1132]
 [3036 1146]
 [3037 1160]
 [3038 1182]
 [3039 1306]
 [3040 1438]
 [3041 1577]
 [3042 1713]
 [3043 1857]
 [3044 1999]
 [3045 2138]
 [3046 2275]
 [3047 2401]
 [3048 2520]
 [3049 2421]
 [3050 2313]
 [3051 2262]
 [3052 2210]
 [3053 2159]
 [3054 2105]
 [3055 2054]
 [3056 2009]
 [3057 1964]
 [3058 1926]
 [3059 1996]
 [3050 2313]
 [3051 2262]
 [3052 2210]
 [3053 2159]
 [3054 2105]
 [3055 2054]
 [3056 2009]
 [3057 1964]
 [3058 1926]
 [3059 1996]
 [3060 2065]
 [3061 2002]
 [3062 1934]
 [3063 1861]
 [3064 1779]
 [3065 1699]
 [3066 1616]
 [3067 1525]
 [3068 1438]
 [3069 1346]
 [3070 1256]
 [3071 1230]
 [3072 1205]
 [3073 1179]
 [3074 1156]
 [3075 1131]
 [3076 1106]
 [3077 1079]
 [3078 1054]
 [3079 1025]
 [3080  995]
 [3081  962]
 [3082  934]
 [3083  897]
 [3084  862]
 [3085  822]
 [3086  774]
 [3087  721]
 [3088  662]
 [3089  597]
 [3090  526]
 [3091  442]
 [3092  348]
 [3093  231]
 [3094  111]
 [3095    0]
 [3096    0]
 [3097    0]
 [3098    0]
 [3099    0]
 [3100    0]
 [3101    0]
 [3102    0]
 [3103    0]
 [3104    0]
 [3105    0]
 [3106    0]
 [3107    0]
 [3108    0]
 [3109    0]
 [3110    0]
 [3111    0]
 [3112    0]
 [3113    0]
 [3114    0]
 [3115    0]
 [3116    0]
 [3117    0]
 [3118    0]
 [3119    0]
 [3120    0]
 [3121    0]
 [3122    0]
 [3123    0]
 [3124    0]
 [3125    0]
 [3126    0]
 [3127    0]
 [3128    0]
 [3129    0]
 [3130    0]
 [3180    0]
 [3181    0]
 [3182    0]
 [3183    0]
 [3184    0]
 [3185    0]
 [3186    0]
 [3187    0]
 [3188    0]
 [3189    0]
 [3190    0]
 [3191    0]
 [3192    0]
 [3193    0]
 [3194    0]
 [3195    0]
 [3196    0]
 [3197    0]
 [3198    0]
 [3199    0]
 [3200    0]
 [3201    0]
 [3202    0]
 [3203    0]
 [3204    0]
 [3205    0]
 [3206    0]
 [3207    0]
 [3208    0]
 [3209    0]
 [3210    0]
 [3211    0]
 [3212    0]
 [3213    0]
 [3214    0]
 [3215    0]
 [3216    0]
 [3217    0]
 [3218    0]
 [3219    0]
 [3220    0]
 [3210    0]
 [3211    0]
 [3212    0]
 [3213    0]
 [3214    0]
 [3215    0]
 [3216    0]
 [3217    0]
 [3218    0]
 [3219    0]
 [3220    0]
 [3221    0]
 [3222    0]
 [3223    0]
 [3224    0]
 [3225   14]
 [3226   32]
 [3227   52]
 [3228   72]
 [3229   95]
 [3230  117]
 [3231  159]
 [3232  172]
 [3233  186]
 [3234  194]
 [3235  206]
 [3236  224]
 [3237  245]
 [3238  259]
 [3239  278]
 [3240  298]
 [3241  297]
 [3242  321]
 [3243  347]
 [3244  373]
 [3245  399]
 [3246  421]
 [3247  439]
 [3248  459]
 [3249  477]
 [3250  492]
 [3251  512]
 [3252  531]
 [3253  547]
 [3254  566]
 [3255  580]
 [3256  593]
 [3257  613]
 [3258  637]
 [3259  658]
 [3260  681]
 [3261  702]
 [3262  725]
 [3263  747]
 [3264  768]
 [3265  791]
 [3266  814]
 [3267  837]
 [3268  858]
 [3269  879]
 [3270  901]
 [3271  925]
 [3272  943]
 [3273  964]
 [3274  985]
 [3275 1007]
 [3276 1021]
 [3277 1044]
 [3278 1165]
 [3279 1294]
 [3280 1428]
 [3281 1565]
 [3282 1708]
 [3283 1855]
 [3284 2002]
 [3285 2148]
 [3286 2290]
 [3287 2429]
 [3288 2457]
 [3289 2368]
 [3290 2270]
 [3291 2214]
 [3292 2150]
 [3293 2091]
 [3294 2035]
 [3295 1974]
 [3296 1919]
 [3297 1866]
 [3298 1818]
 [3299 1884]
 [3290 2270]
 [3291 2214]
 [3292 2150]
 [3293 2091]
 [3294 2035]
 [3295 1974]
 [3296 1919]
 [3297 1866]
 [3298 1818]
 [3299 1884]
 [3300 1951]
 [3301 1909]
 [3302 1861]
 [3303 1807]
 [3304 1751]
 [3305 1691]
 [3306 1624]
 [3307 1555]
 [3308 1484]
 [3309 1411]
 [3310 1337]
 [3311 1322]
 [3312 1305]
 [3313 1290]
 [3314 1274]
 [3315 1261]
 [3316 1248]
 [3317 1229]
 [3318 1211]
 [3319 1195]
 [3320 1178]
 [3321 1159]
 [3322 1139]
 [3323 1116]
 [3324 1096]
 [3325 1074]
 [3326 1047]
 [3327 1022]
 [3328  995]
 [3329  965]
 [3330  935]
 [3331  899]
 [3332  865]
 [3333  823]
 [3334  780]
 [3335  726]
 [3336  652]
 [3337  572]
 [3338  489]
 [3339  392]
 [3340  226]
 [3341   88]
 [3342    0]
 [3343    0]
 [3344    0]
 [3345    0]
 [3346    0]
 [3347    0]
 [3348    0]
 [3349    0]
 [3350    0]
 [3351    0]
 [3352    0]
 [3353    0]
 [3354    0]
 [3355    0]
 [3356    0]
 [3357    0]
 [3358    0]
 [3359    0]
 [3360    0]
 [3361    0]
 [3362    0]
 [3363    0]
 [3364    0]
 [3365    0]
 [3366    0]
 [3367    0]
 [3368    0]
 [3369    0]
 [3370    0]
 [3420    0]
 [3421    0]
 [3422    0]
 [3423    0]
 [3424    0]
 [3425    0]
 [3426    0]
 [3427    0]
 [3428    0]
 [3429    0]
 [3430    0]
 [3431    0]
 [3432    0]
 [3433    0]
 [3434    0]
 [3435    0]
 [3436    0]
 [3437    0]
 [3438    0]
 [3439    0]
 [3440    0]
 [3441    0]
 [3442    0]
 [3443    0]
 [3444    0]
 [3445    0]
 [3446    0]
 [3447    0]
 [3448    0]
 [3449    0]
 [3450    0]
 [3451    0]
 [3452    0]
 [3453    0]
 [3454    0]
 [3455    0]
 [3456    0]
 [3457    0]
 [3458    0]
 [3459    0]
 [3460    0]
 [3450    0]
 [3451    0]
 [3452    0]
 [3453    0]
 [3454    0]
 [3455    0]
 [3456    0]
 [3457    0]
 [3458    0]
 [3459    0]
 [3460    0]
 [3461    0]
 [3462    0]
 [3463    0]
 [3464    0]
 [3465    0]
 [3466    0]
 [3467    0]
 [3468    0]
 [3469    0]
 [3470    0]
 [3471    0]
 [3472    0]
 [3473    0]
 [3474   16]
 [3475   37]
 [3476   59]
 [3477   85]
 [3478  109]
 [3479  123]
 [3480  156]
 [3481  149]
 [3482  174]
 [3483  203]
 [3484  232]
 [3485  261]
 [3486  283]
 [3487  301]
 [3488  321]
 [3489  345]
 [3490  349]
 [3491  363]
 [3492  380]
 [3493  400]
 [3494  417]
 [3495  438]
 [3496  456]
 [3497  476]
 [3498  497]
 [3499  516]
 [3500  539]
 [3501  556]
 [3502  576]
 [3503  600]
 [3504  614]
 [3505  632]
 [3506  650]
 [3507  676]
 [3508  698]
 [3509  722]
 [3510  746]
 [3511  768]
 [3512  790]
 [3513  813]
 [3514  836]
 [3515  857]
 [3516  876]
 [3517  898]
 [3518  998]
 [3519 1109]
 [3520 1223]
 [3521 1344]
 [3522 1472]
 [3523 1598]
 [3524 1729]
 [3525 1857]
 [3526 1992]
 [3527 2122]
 [3528 2164]
 [3529 2100]
 [3530 2028]
 [3531 1980]
 [3532 1934]
 [3533 1882]
 [3534 1832]
 [3535 1778]
 [3536 1730]
 [3537 1683]
 [3538 1641]
 [3539 1700]
 [3530 2028]
 [3531 1980]
 [3532 1934]
 [3533 1882]
 [3534 1832]
 [3535 1778]
 [3536 1730]
 [3537 1683]
 [3538 1641]
 [3539 1700]
 [3540 1761]
 [3541 1737]
 [3542 1708]
 [3543 1676]
 [3544 1638]
 [3545 1598]
 [3546 1556]
 [3547 1507]
 [3548 1459]
 [3549 1403]
 [3550 1348]
 [3551 1343]
 [3552 1336]
 [3553 1329]
 [3554 1326]
 [3555 1321]
 [3556 1313]
 [3557 1307]
 [3558 1299]
 [3559 1291]
 [3560 1281]
 [3561 1271]
 [3562 1262]
 [3563 1251]
 [3564 1238]
 [3565 1225]
 [3566 1214]
 [3567 1198]
 [3568 1181]
 [3569 1165]
 [3570 1145]
 [3571 1128]
 [3572 1109]
 [3573 1083]
 [3574 1062]
 [3575 1036]
 [3576 1008]
 [3577  981]
 [3578  954]
 [3579  925]
 [3580  900]
 [3581  863]
 [3582  809]
 [3583  740]
 [3584  663]
 [3585  563]
 [3586  445]
 [3587  313]
 [3588  160]
 [3589    0]
 [3590    0]
 [3591    0]
 [3592    0]
 [3593    0]
 [3594    0]
 [3595    0]
 [3596    0]
 [3597    0]
 [3598    0]
 [3599    0]
 [3600    0]
 [3601    0]
 [3602    0]
 [3603    0]
 [3604    0]
 [3605    0]
 [3606    0]
 [3607    0]
 [3608    0]
 [3609    0]
 [3610    0]
 [3660    0]
 [3661    0]
 [3662    0]
 [3663    0]
 [3664    0]
 [3665    0]
 [3666    0]
 [3667    0]
 [3668    0]
 [3669    0]
 [3670    0]
 [3671    0]
 [3672    0]
 [3673    0]
 [3674    0]
 [3675    0]
 [3676    0]
 [3677    0]
 [3678    0]
 [3679    0]
 [3680    0]
 [3681    0]
 [3682    0]
 [3683    0]
 [3684    0]
 [3685    0]
 [3686    0]
 [3687    0]
 [3688    0]
 [3689    0]
 [3690    0]
 [3691    0]
 [3692    0]
 [3693    0]
 [3694    0]
 [3695    0]
 [3696    0]
 [3697    0]
 [3698    0]
 [3699    0]
 [3700    0]
 [3690    0]
 [3691    0]
 [3692    0]
 [3693    0]
 [3694    0]
 [3695    0]
 [3696    0]
 [3697    0]
 [3698    0]
 [3699    0]
 [3700    0]
 [3701    0]
 [3702    0]
 [3703    0]
 [3704    0]
 [3705    0]
 [3706    0]
 [3707    0]
 [3708    0]
 [3709    0]
 [3710    0]
 [3711    0]
 [3712    0]
 [3713    0]
 [3714    0]
 [3715    0]
 [3716    0]
 [3717    0]
 [3718    0]
 [3719    0]
 [3720   15]
 [3721    0]
 [3722   31]
 [3723   62]
 [3724   87]
 [3725  115]
 [3726  138]
 [3727  148]
 [3728  170]
 [3729  190]
 [3730  180]
 [3731  199]
 [3732  216]
 [3733  236]
 [3734  256]
 [3735  272]
 [3736  298]
 [3737  315]
 [3738  335]
 [3739  356]
 [3740  380]
 [3741  401]
 [3742  422]
 [3743  443]
 [3744  467]
 [3745  489]
 [3746  513]
 [3747  533]
 [3748  558]
 [3749  579]
 [3750  602]
 [3751  622]
 [3752  638]
 [3753  659]
 [3754  680]
 [3755  709]
 [3756  725]
 [3757  743]
 [3758  828]
 [3759  918]
 [3760 1014]
 [3761 1112]
 [3762 1216]
 [3763 1322]
 [3764 1431]
 [3765 1542]
 [3766 1657]
 [3767 1768]
 [3768 1822]
 [3769 1779]
 [3770 1726]
 [3771 1689]
 [3772 1649]
 [3773 1605]
 [3774 1560]
 [3775 1514]
 [3776 1470]
 [3777 1425]
 [3778 1384]
 [3779 1427]
 [3770 1726]
 [3771 1689]
 [3772 1649]
 [3773 1605]
 [3774 1560]
 [3775 1514]
 [3776 1470]
 [3777 1425]
 [3778 1384]
 [3779 1427]
 [3780 1478]
 [3781 1468]
 [3782 1463]
 [3783 1452]
 [3784 1438]
 [3785 1423]
 [3786 1402]
 [3787 1380]
 [3788 1356]
 [3789 1326]
 [3790 1294]
 [3791 1297]
 [3792 1298]
 [3793 1302]
 [3794 1304]
 [3795 1302]
 [3796 1308]
 [3797 1308]
 [3798 1307]
 [3799 1306]
 [3800 1308]
 [3801 1306]
 [3802 1305]
 [3803 1300]
 [3804 1298]
 [3805 1294]
 [3806 1290]
 [3807 1285]
 [3808 1277]
 [3809 1268]
 [3810 1262]
 [3811 1253]
 [3812 1243]
 [3813 1231]
 [3814 1220]
 [3815 1208]
 [3816 1195]
 [3817 1179]
 [3818 1162]
 [3819 1140]
 [3820 1121]
 [3821 1103]
 [3822 1078]
 [3823 1056]
 [3824 1035]
 [3825 1015]
 [3826  984]
 [3827 1054]
 [3828 1106]
 [3829 1119]
 [3830 1103]
 [3831 1023]
 [3832  927]
 [3833  803]
 [3834  666]
 [3835  502]
 [3836  320]
 [3837  215]
 [3838  104]
 [3839   43]
 [3840    0]
 [3841    0]
 [3842    0]
 [3843    0]
 [3844    0]
 [3845    0]
 [3846    0]
 [3847    0]
 [3848    0]
 [3849    0]
 [3850    0]
 [3900    0]
 [3901    0]
 [3902    0]
 [3903    0]
 [3904    0]
 [3905    0]
 [3906    0]
 [3907    0]
 [3908    0]
 [3909    0]
 [3910    0]
 [3911    0]
 [3912    0]
 [3913    0]
 [3914    0]
 [3915    0]
 [3916    0]
 [3917    0]
 [3918    0]
 [3919    0]
 [3920    0]
 [3921    0]
 [3922    0]
 [3923    0]
 [3924    0]
 [3925    0]
 [3926    0]
 [3927    0]
 [3928    0]
 [3929    0]
 [3930    0]
 [3931    0]
 [3932    0]
 [3933    0]
 [3934    0]
 [3935    0]
 [3936    0]
 [3937    0]
 [3938    0]
 [3939    0]
 [3940    0]
 [3930    0]
 [3931    0]
 [3932    0]
 [3933    0]
 [3934    0]
 [3935    0]
 [3936    0]
 [3937    0]
 [3938    0]
 [3939    0]
 [3940    0]
 [3941    0]
 [3942    0]
 [3943    0]
 [3944    0]
 [3945    0]
 [3946    0]
 [3947    0]
 [3948    0]
 [3949    0]
 [3950    0]
 [3951    0]
 [3952    0]
 [3953    0]
 [3954    0]
 [3955    0]
 [3956    0]
 [3957    0]
 [3958    0]
 [3959    0]
 [3960    0]
 [3961    0]
 [3962    0]
 [3963    0]
 [3964    0]
 [3965    0]
 [3966    0]
 [3967    0]
 [3968    0]
 [3969    0]
 [3970    0]
 [3971    0]
 [3972    0]
 [3973    0]
 [3974   22]
 [3975   53]
 [3976   82]
 [3977  111]
 [3978  139]
 [3979  162]
 [3980  188]
 [3981  215]
 [3982  243]
 [3983  268]
 [3984  291]
 [3985  317]
 [3986  341]
 [3987  366]
 [3988  393]
 [3989  417]
 [3990  444]
 [3991  470]
 [3992  496]
 [3993  519]
 [3994  545]
 [3995  568]
 [3996  586]
 [3997  607]
 [3998  670]
 [3999  753]
 [4000  839]
 [4001  925]
 [4002 1019]
 [4003 1114]
 [4004 1214]
 [4005 1312]
 [4006 1417]
 [4007 1523]
 [4008 1569]
 [4009 1533]
 [4010 1490]
 [4011 1431]
 [4012 1363]
 [4013 1297]
 [4014 1222]
 [4015 1153]
 [4016 1081]
 [4017 1007]
 [4018  940]
 [4019  945]
 [4010 1490]
 [4011 1431]
 [4012 1363]
 [4013 1297]
 [4014 1222]
 [4015 1153]
 [4016 1081]
 [4017 1007]
 [4018  940]
 [4019  945]
 [4020  956]
 [4021  976]
 [4022  997]
 [4023 1020]
 [4024 1041]
 [4025 1062]
 [4026 1079]
 [4027 1095]
 [4028 1110]
 [4029 1121]
 [4030 1127]
 [4031 1139]
 [4032 1146]
 [4033 1153]
 [4034 1162]
 [4035 1168]
 [4036 1175]
 [4037 1182]
 [4038 1186]
 [4039 1191]
 [4040 1196]
 [4041 1200]
 [4042 1205]
 [4043 1209]
 [4044 1213]
 [4045 1216]
 [4046 1216]
 [4047 1216]
 [4048 1222]
 [4049 1222]
 [4050 1223]
 [4051 1224]
 [4052 1227]
 [4053 1225]
 [4054 1224]
 [4055 1223]
 [4056 1226]
 [4057 1226]
 [4058 1226]
 [4059 1223]
 [4060 1227]
 [4061 1224]
 [4062 1225]
 [4063 1221]
 [4064 1224]
 [4065 1225]
 [4066 1159]
 [4067 1081]
 [4068 1207]
 [4069 1345]
 [4070 1489]
 [4071 1648]
 [4072 1577]
 [4073 1501]
 [4074 1430]
 [4075 1354]
 [4076 1348]]
モデル3_全員達成True_目標達成True_最低照度0_最大照度10000_最適化前照度500_最適化日数7_ステップサイズ40_J0.3259_Each_J0.1446

l_j = [[2460    0]
 [2461    0]
 [2462    0]
 [2463    0]
 [2464    0]
 [2465    0]
 [2466    0]
 [2467    0]
 [2468    0]
 [2469    0]
 [2470    0]
 [2471    0]
 [2472    0]
 [2473    0]
 [2474    0]
 [2475    0]
 [2476    0]
 [2477    0]
 [2478    0]
 [2479    0]
 [2480   25]
 [2481   69]
 [2482   99]
 [2483  128]
 [2484  125]
 [2485  120]
 [2486  141]
 [2487  181]
 [2488  208]
 [2489  232]
 [2490  258]
 [2491  279]
 [2492  302]
 [2493  323]
 [2494  351]
 [2495  374]
 [2496  378]
 [2497  380]
 [2498  395]
 [2499  416]
 [2500  435]
 [2490  258]
 [2491  279]
 [2492  302]
 [2493  323]
 [2494  351]
 [2495  374]
 [2496  378]
 [2497  380]
 [2498  395]
 [2499  416]
 [2500  435]
 [2501  449]
 [2502  464]
 [2503  478]
 [2504  488]
 [2505  495]
 [2506  509]
 [2507  522]
 [2508  536]
 [2509  553]
 [2510  570]
 [2511  570]
 [2512  605]
 [2513  639]
 [2514  679]
 [2515  721]
 [2516  763]
 [2517  807]
 [2518  852]
 [2519  899]
 [2520  895]
 [2521  926]
 [2522  924]
 [2523  927]
 [2524  919]
 [2525  915]
 [2526  905]
 [2527  902]
 [2528  893]
 [2529  885]
 [2530  929]
 [2531  949]
 [2532  969]
 [2533  988]
 [2534 1005]
 [2535 1026]
 [2536 1040]
 [2537 1058]
 [2538 1073]
 [2539 1087]
 [2540 1104]
 [2541 1118]
 [2542 1128]
 [2543 1143]
 [2544 1157]
 [2545 1169]
 [2546 1179]
 [2547 1191]
 [2548 1198]
 [2549 1209]
 [2550 1217]
 [2551 1222]
 [2552 1229]
 [2553 1235]
 [2554 1241]
 [2555 1244]
 [2556 1242]
 [2557 1249]
 [2558 1250]
 [2559 1331]
 [2560 1411]
 [2561 1495]
 [2562 1573]
 [2563 1657]
 [2564 1733]
 [2565 1803]
 [2566 1869]
 [2567 1933]
 [2568 1983]
 [2569 1900]
 [2570 1814]
 [2571 1785]
 [2572 1760]
 [2573 1734]
 [2574 1707]
 [2575 1681]
 [2576 1658]
 [2577 1640]
 [2578 1621]
 [2579 1654]
 [2570 1814]
 [2571 1785]
 [2572 1760]
 [2573 1734]
 [2574 1707]
 [2575 1681]
 [2576 1658]
 [2577 1640]
 [2578 1621]
 [2579 1654]
 [2580 1685]
 [2581 1604]
 [2582 1520]
 [2583 1429]
 [2584 1338]
 [2585 1244]
 [2586 1150]
 [2587 1053]
 [2588  956]
 [2589  854]
 [2590  756]
 [2591  690]
 [2592  632]
 [2593  549]
 [2594  475]
 [2595  401]
 [2596  318]
 [2597  219]
 [2598  134]
 [2599   41]
 [2600    0]
 [2601    0]
 [2602    0]
 [2603    0]
 [2604    0]
 [2605    0]
 [2606    0]
 [2607    0]
 [2608    0]
 [2609    0]
 [2610    0]
 [2611    0]
 [2612    0]
 [2613    0]
 [2614    0]
 [2615    0]
 [2616    0]
 [2617    0]
 [2618    0]
 [2619    0]
 [2620    0]
 [2621    0]
 [2622    0]
 [2623    0]
 [2624    0]
 [2625    0]
 [2626    0]
 [2627    0]
 [2628    0]
 [2629    0]
 [2630    0]
 [2631    0]
 [2632    0]
 [2633    0]
 [2634    0]
 [2635    0]
 [2636    0]
 [2637    0]
 [2638    0]
 [2639    0]
 [2640    0]
 [2641    0]
 [2642    0]
 [2643    0]
 [2644    0]
 [2645    0]
 [2646    0]
 [2647    0]
 [2648    0]
 [2649    0]
 [2650    0]
 [2700    0]
 [2701    0]
 [2702    0]
 [2703    0]
 [2704    0]
 [2705    0]
 [2706    0]
 [2707    0]
 [2708    0]
 [2709    0]
 [2710    0]
 [2711    0]
 [2712    0]
 [2713    0]
 [2714    0]
 [2715    0]
 [2716    0]
 [2717    0]
 [2718    0]
 [2719    0]
 [2720    0]
 [2721    0]
 [2722    0]
 [2723    0]
 [2724    0]
 [2725    0]
 [2726    0]
 [2727    0]
 [2728   51]
 [2729   90]
 [2730  123]
 [2731  160]
 [2732  192]
 [2733  222]
 [2734  255]
 [2735  283]
 [2736  278]
 [2737  269]
 [2738  261]
 [2739  278]
 [2740  295]
 [2730  123]
 [2731  160]
 [2732  192]
 [2733  222]
 [2734  255]
 [2735  283]
 [2736  278]
 [2737  269]
 [2738  261]
 [2739  278]
 [2740  295]
 [2741  311]
 [2742  329]
 [2743  343]
 [2744  354]
 [2745  362]
 [2746  378]
 [2747  388]
 [2748  403]
 [2749  421]
 [2750  438]
 [2751  453]
 [2752  470]
 [2753  490]
 [2754  506]
 [2755  534]
 [2756  564]
 [2757  598]
 [2758  630]
 [2759  661]
 [2760  666]
 [2761  685]
 [2762  699]
 [2763  712]
 [2764  726]
 [2765  739]
 [2766  746]
 [2767  750]
 [2768  754]
 [2769  759]
 [2770  799]
 [2771  822]
 [2772  844]
 [2773  865]
 [2774  887]
 [2775  908]
 [2776  931]
 [2777  948]
 [2778  972]
 [2779  993]
 [2780 1012]
 [2781 1031]
 [2782 1049]
 [2783 1066]
 [2784 1086]
 [2785 1105]
 [2786 1121]
 [2787 1139]
 [2788 1156]
 [2789 1174]
 [2790 1189]
 [2791 1203]
 [2792 1215]
 [2793 1226]
 [2794 1240]
 [2795 1249]
 [2796 1263]
 [2797 1275]
 [2798 1292]
 [2799 1409]
 [2800 1534]
 [2801 1658]
 [2802 1788]
 [2803 1915]
 [2804 2041]
 [2805 2165]
 [2806 2281]
 [2807 2387]
 [2808 2485]
 [2809 2380]
 [2810 2268]
 [2811 2219]
 [2812 2172]
 [2813 2120]
 [2814 2077]
 [2815 2031]
 [2816 1990]
 [2817 1952]
 [2818 1920]
 [2819 1976]
 [2810 2268]
 [2811 2219]
 [2812 2172]
 [2813 2120]
 [2814 2077]
 [2815 2031]
 [2816 1990]
 [2817 1952]
 [2818 1920]
 [2819 1976]
 [2820 2035]
 [2821 1956]
 [2822 1875]
 [2823 1783]
 [2824 1694]
 [2825 1599]
 [2826 1500]
 [2827 1402]
 [2828 1302]
 [2829 1201]
 [2830 1105]
 [2831 1068]
 [2832 1033]
 [2833  996]
 [2834  960]
 [2835  920]
 [2836  884]
 [2837  840]
 [2838  794]
 [2839  736]
 [2840  675]
 [2841  611]
 [2842  538]
 [2843  461]
 [2844  382]
 [2845  291]
 [2846  179]
 [2847   73]
 [2848    0]
 [2849    0]
 [2850    0]
 [2851    0]
 [2852    0]
 [2853    0]
 [2854    0]
 [2855    0]
 [2856    0]
 [2857    0]
 [2858    0]
 [2859    0]
 [2860    0]
 [2861    0]
 [2862    0]
 [2863    0]
 [2864    0]
 [2865    0]
 [2866    0]
 [2867    0]
 [2868    0]
 [2869    0]
 [2870    0]
 [2871    0]
 [2872    0]
 [2873    0]
 [2874    0]
 [2875    0]
 [2876    0]
 [2877    0]
 [2878    0]
 [2879    0]
 [2880    0]
 [2881    0]
 [2882    0]
 [2883    0]
 [2884    0]
 [2885    0]
 [2886    0]
 [2887    0]
 [2888    0]
 [2889    0]
 [2890    0]
 [2940    0]
 [2941    0]
 [2942    0]
 [2943    0]
 [2944    0]
 [2945    0]
 [2946    0]
 [2947    0]
 [2948    0]
 [2949    0]
 [2950    0]
 [2951    0]
 [2952    0]
 [2953    0]
 [2954    0]
 [2955    0]
 [2956    0]
 [2957    0]
 [2958    0]
 [2959    0]
 [2960    0]
 [2961    0]
 [2962    0]
 [2963    0]
 [2964    0]
 [2965    0]
 [2966    0]
 [2967    0]
 [2968    0]
 [2969    0]
 [2970   18]
 [2971   51]
 [2972   82]
 [2973  110]
 [2974  142]
 [2975  167]
 [2976  150]
 [2977  131]
 [2978  112]
 [2979  123]
 [2980  145]
 [2970   18]
 [2971   51]
 [2972   82]
 [2973  110]
 [2974  142]
 [2975  167]
 [2976  150]
 [2977  131]
 [2978  112]
 [2979  123]
 [2980  145]
 [2981  158]
 [2982  171]
 [2983  187]
 [2984  192]
 [2985  204]
 [2986  213]
 [2987  227]
 [2988  242]
 [2989  258]
 [2990  275]
 [2991  304]
 [2992  317]
 [2993  333]
 [2994  352]
 [2995  368]
 [2996  389]
 [2997  414]
 [2998  442]
 [2999  464]
 [3000  474]
 [3001  486]
 [3002  505]
 [3003  525]
 [3004  547]
 [3005  558]
 [3006  571]
 [3007  586]
 [3008  596]
 [3009  613]
 [3010  639]
 [3011  659]
 [3012  682]
 [3013  704]
 [3014  725]
 [3015  749]
 [3016  770]
 [3017  790]
 [3018  813]
 [3019  837]
 [3020  858]
 [3021  880]
 [3022  903]
 [3023  925]
 [3024  944]
 [3025  968]
 [3026  988]
 [3027 1009]
 [3028 1034]
 [3029 1054]
 [3030 1075]
 [3031 1092]
 [3032 1113]
 [3033 1130]
 [3034 1146]
 [3035 1165]
 [3036 1181]
 [3037 1200]
 [3038 1222]
 [3039 1355]
 [3040 1494]
 [3041 1639]
 [3042 1786]
 [3043 1931]
 [3044 2083]
 [3045 2230]
 [3046 2375]
 [3047 2506]
 [3048 2630]
 [3049 2526]
 [3050 2413]
 [3051 2359]
 [3052 2299]
 [3053 2244]
 [3054 2184]
 [3055 2130]
 [3056 2076]
 [3057 2027]
 [3058 1983]
 [3059 2055]
 [3050 2413]
 [3051 2359]
 [3052 2299]
 [3053 2244]
 [3054 2184]
 [3055 2130]
 [3056 2076]
 [3057 2027]
 [3058 1983]
 [3059 2055]
 [3060 2120]
 [3061 2055]
 [3062 1986]
 [3063 1907]
 [3064 1826]
 [3065 1744]
 [3066 1655]
 [3067 1563]
 [3068 1474]
 [3069 1381]
 [3070 1287]
 [3071 1260]
 [3072 1235]
 [3073 1210]
 [3074 1182]
 [3075 1155]
 [3076 1130]
 [3077 1101]
 [3078 1071]
 [3079 1044]
 [3080 1012]
 [3081  981]
 [3082  946]
 [3083  912]
 [3084  873]
 [3085  829]
 [3086  775]
 [3087  719]
 [3088  654]
 [3089  587]
 [3090  498]
 [3091  414]
 [3092  312]
 [3093  206]
 [3094   81]
 [3095    0]
 [3096    0]
 [3097    0]
 [3098    0]
 [3099    0]
 [3100    0]
 [3101    0]
 [3102    0]
 [3103    0]
 [3104    0]
 [3105    0]
 [3106    0]
 [3107    0]
 [3108    0]
 [3109    0]
 [3110    0]
 [3111    0]
 [3112    0]
 [3113    0]
 [3114    0]
 [3115    0]
 [3116    0]
 [3117    0]
 [3118    0]
 [3119    0]
 [3120    0]
 [3121    0]
 [3122    0]
 [3123    0]
 [3124    0]
 [3125    0]
 [3126    0]
 [3127    0]
 [3128    0]
 [3129    0]
 [3130    0]
 [3180    0]
 [3181    0]
 [3182    0]
 [3183    0]
 [3184    0]
 [3185    0]
 [3186    0]
 [3187    0]
 [3188    0]
 [3189    0]
 [3190    0]
 [3191    0]
 [3192    0]
 [3193    0]
 [3194    0]
 [3195    0]
 [3196    0]
 [3197    0]
 [3198    0]
 [3199    0]
 [3200    0]
 [3201    0]
 [3202    0]
 [3203    0]
 [3204    0]
 [3205    0]
 [3206    0]
 [3207    0]
 [3208    0]
 [3209    0]
 [3210    0]
 [3211    0]
 [3212    0]
 [3213    0]
 [3214    0]
 [3215    0]
 [3216    0]
 [3217    0]
 [3218    0]
 [3219    0]
 [3220    0]
 [3210    0]
 [3211    0]
 [3212    0]
 [3213    0]
 [3214    0]
 [3215    0]
 [3216    0]
 [3217    0]
 [3218    0]
 [3219    0]
 [3220    0]
 [3221    0]
 [3222    0]
 [3223    0]
 [3224    0]
 [3225    0]
 [3226    0]
 [3227    0]
 [3228   26]
 [3229   57]
 [3230   85]
 [3231  128]
 [3232  144]
 [3233  157]
 [3234  172]
 [3235  184]
 [3236  203]
 [3237  227]
 [3238  242]
 [3239  259]
 [3240  280]
 [3241  281]
 [3242  307]
 [3243  338]
 [3244  366]
 [3245  390]
 [3246  415]
 [3247  432]
 [3248  455]
 [3249  478]
 [3250  489]
 [3251  509]
 [3252  528]
 [3253  547]
 [3254  566]
 [3255  581]
 [3256  598]
 [3257  621]
 [3258  644]
 [3259  666]
 [3260  688]
 [3261  711]
 [3262  734]
 [3263  758]
 [3264  780]
 [3265  806]
 [3266  830]
 [3267  853]
 [3268  877]
 [3269  899]
 [3270  920]
 [3271  945]
 [3272  967]
 [3273  987]
 [3274 1009]
 [3275 1028]
 [3276 1049]
 [3277 1073]
 [3278 1197]
 [3279 1329]
 [3280 1471]
 [3281 1615]
 [3282 1765]
 [3283 1916]
 [3284 2066]
 [3285 2219]
 [3286 2366]
 [3287 2508]
 [3288 2541]
 [3289 2451]
 [3290 2350]
 [3291 2290]
 [3292 2227]
 [3293 2162]
 [3294 2103]
 [3295 2036]
 [3296 1977]
 [3297 1920]
 [3298 1873]
 [3299 1937]
 [3290 2350]
 [3291 2290]
 [3292 2227]
 [3293 2162]
 [3294 2103]
 [3295 2036]
 [3296 1977]
 [3297 1920]
 [3298 1873]
 [3299 1937]
 [3300 2003]
 [3301 1960]
 [3302 1910]
 [3303 1857]
 [3304 1795]
 [3305 1734]
 [3306 1667]
 [3307 1598]
 [3308 1524]
 [3309 1451]
 [3310 1373]
 [3311 1357]
 [3312 1341]
 [3313 1323]
 [3314 1308]
 [3315 1292]
 [3316 1278]
 [3317 1257]
 [3318 1238]
 [3319 1219]
 [3320 1202]
 [3321 1181]
 [3322 1156]
 [3323 1137]
 [3324 1113]
 [3325 1087]
 [3326 1064]
 [3327 1033]
 [3328 1008]
 [3329  973]
 [3330  941]
 [3331  905]
 [3332  865]
 [3333  819]
 [3334  769]
 [3335  707]
 [3336  637]
 [3337  551]
 [3338  454]
 [3339  344]
 [3340  225]
 [3341   89]
 [3342    0]
 [3343    0]
 [3344    0]
 [3345    0]
 [3346    0]
 [3347    0]
 [3348    0]
 [3349    0]
 [3350    0]
 [3351    0]
 [3352    0]
 [3353    0]
 [3354    0]
 [3355    0]
 [3356    0]
 [3357    0]
 [3358    0]
 [3359    0]
 [3360    0]
 [3361    0]
 [3362    0]
 [3363    0]
 [3364    0]
 [3365    0]
 [3366    0]
 [3367    0]
 [3368    0]
 [3369    0]
 [3370    0]
 [3420    0]
 [3421    0]
 [3422    0]
 [3423    0]
 [3424    0]
 [3425    0]
 [3426    0]
 [3427    0]
 [3428    0]
 [3429    0]
 [3430    0]
 [3431    0]
 [3432    0]
 [3433    0]
 [3434    0]
 [3435    0]
 [3436    0]
 [3437    0]
 [3438    0]
 [3439    0]
 [3440    0]
 [3441    0]
 [3442    0]
 [3443    0]
 [3444    0]
 [3445    0]
 [3446    0]
 [3447    0]
 [3448    0]
 [3449    0]
 [3450    0]
 [3451    0]
 [3452    0]
 [3453    0]
 [3454    0]
 [3455    0]
 [3456    0]
 [3457    0]
 [3458    0]
 [3459    0]
 [3460    0]
 [3450    0]
 [3451    0]
 [3452    0]
 [3453    0]
 [3454    0]
 [3455    0]
 [3456    0]
 [3457    0]
 [3458    0]
 [3459    0]
 [3460    0]
 [3461    0]
 [3462    0]
 [3463    0]
 [3464    0]
 [3465    0]
 [3466    0]
 [3467    0]
 [3468    0]
 [3469    0]
 [3470    0]
 [3471    0]
 [3472    0]
 [3473    0]
 [3474    0]
 [3475    0]
 [3476   20]
 [3477   52]
 [3478   72]
 [3479   92]
 [3480  133]
 [3481  122]
 [3482  154]
 [3483  184]
 [3484  217]
 [3485  244]
 [3486  271]
 [3487  289]
 [3488  312]
 [3489  337]
 [3490  340]
 [3491  356]
 [3492  374]
 [3493  393]
 [3494  412]
 [3495  433]
 [3496  455]
 [3497  475]
 [3498  497]
 [3499  516]
 [3500  539]
 [3501  558]
 [3502  581]
 [3503  598]
 [3504  619]
 [3505  635]
 [3506  662]
 [3507  684]
 [3508  708]
 [3509  732]
 [3510  758]
 [3511  778]
 [3512  802]
 [3513  828]
 [3514  850]
 [3515  876]
 [3516  895]
 [3517  918]
 [3518 1022]
 [3519 1133]
 [3520 1254]
 [3521 1379]
 [3522 1505]
 [3523 1637]
 [3524 1774]
 [3525 1907]
 [3526 2045]
 [3527 2179]
 [3528 2225]
 [3529 2160]
 [3530 2087]
 [3531 2041]
 [3532 1989]
 [3533 1941]
 [3534 1886]
 [3535 1835]
 [3536 1783]
 [3537 1734]
 [3538 1687]
 [3539 1747]
 [3530 2087]
 [3531 2041]
 [3532 1989]
 [3533 1941]
 [3534 1886]
 [3535 1835]
 [3536 1783]
 [3537 1734]
 [3538 1687]
 [3539 1747]
 [3540 1812]
 [3541 1785]
 [3542 1756]
 [3543 1720]
 [3544 1683]
 [3545 1639]
 [3546 1597]
 [3547 1547]
 [3548 1494]
 [3549 1444]
 [3550 1387]
 [3551 1379]
 [3552 1372]
 [3553 1367]
 [3554 1360]
 [3555 1355]
 [3556 1346]
 [3557 1338]
 [3558 1329]
 [3559 1321]
 [3560 1308]
 [3561 1298]
 [3562 1288]
 [3563 1277]
 [3564 1262]
 [3565 1248]
 [3566 1234]
 [3567 1217]
 [3568 1198]
 [3569 1180]
 [3570 1163]
 [3571 1137]
 [3572 1118]
 [3573 1093]
 [3574 1066]
 [3575 1042]
 [3576 1013]
 [3577  981]
 [3578  953]
 [3579  920]
 [3580  887]
 [3581  869]
 [3582  810]
 [3583  737]
 [3584  650]
 [3585  531]
 [3586  408]
 [3587  265]
 [3588  105]
 [3589    0]
 [3590    0]
 [3591    0]
 [3592    0]
 [3593    0]
 [3594    0]
 [3595    0]
 [3596    0]
 [3597    0]
 [3598    0]
 [3599    0]
 [3600    0]
 [3601    0]
 [3602    0]
 [3603    0]
 [3604    0]
 [3605    0]
 [3606    0]
 [3607    0]
 [3608    0]
 [3609    0]
 [3610    0]
 [3660    0]
 [3661    0]
 [3662    0]
 [3663    0]
 [3664    0]
 [3665    0]
 [3666    0]
 [3667    0]
 [3668    0]
 [3669    0]
 [3670    0]
 [3671    0]
 [3672    0]
 [3673    0]
 [3674    0]
 [3675    0]
 [3676    0]
 [3677    0]
 [3678    0]
 [3679    0]
 [3680    0]
 [3681    0]
 [3682    0]
 [3683    0]
 [3684    0]
 [3685    0]
 [3686    0]
 [3687    0]
 [3688    0]
 [3689    0]
 [3690    0]
 [3691    0]
 [3692    0]
 [3693    0]
 [3694    0]
 [3695    0]
 [3696    0]
 [3697    0]
 [3698    0]
 [3699    0]
 [3700    0]
 [3690    0]
 [3691    0]
 [3692    0]
 [3693    0]
 [3694    0]
 [3695    0]
 [3696    0]
 [3697    0]
 [3698    0]
 [3699    0]
 [3700    0]
 [3701    0]
 [3702    0]
 [3703    0]
 [3704    0]
 [3705    0]
 [3706    0]
 [3707    0]
 [3708    0]
 [3709    0]
 [3710    0]
 [3711    0]
 [3712    0]
 [3713    0]
 [3714    0]
 [3715    0]
 [3716    0]
 [3717    0]
 [3718    0]
 [3719    0]
 [3720    0]
 [3721    0]
 [3722   16]
 [3723   47]
 [3724   78]
 [3725  109]
 [3726  128]
 [3727  144]
 [3728  163]
 [3729  184]
 [3730  174]
 [3731  192]
 [3732  209]
 [3733  231]
 [3734  249]
 [3735  268]
 [3736  291]
 [3737  311]
 [3738  334]
 [3739  357]
 [3740  377]
 [3741  397]
 [3742  422]
 [3743  448]
 [3744  465]
 [3745  491]
 [3746  514]
 [3747  536]
 [3748  559]
 [3749  582]
 [3750  606]
 [3751  629]
 [3752  649]
 [3753  667]
 [3754  696]
 [3755  718]
 [3756  735]
 [3757  759]
 [3758  844]
 [3759  934]
 [3760 1033]
 [3761 1133]
 [3762 1237]
 [3763 1346]
 [3764 1458]
 [3765 1574]
 [3766 1691]
 [3767 1807]
 [3768 1860]
 [3769 1815]
 [3770 1767]
 [3771 1731]
 [3772 1687]
 [3773 1646]
 [3774 1601]
 [3775 1552]
 [3776 1509]
 [3777 1464]
 [3778 1423]
 [3779 1468]
 [3770 1767]
 [3771 1731]
 [3772 1687]
 [3773 1646]
 [3774 1601]
 [3775 1552]
 [3776 1509]
 [3777 1464]
 [3778 1423]
 [3779 1468]
 [3780 1517]
 [3781 1509]
 [3782 1500]
 [3783 1492]
 [3784 1474]
 [3785 1460]
 [3786 1437]
 [3787 1414]
 [3788 1391]
 [3789 1360]
 [3790 1328]
 [3791 1333]
 [3792 1333]
 [3793 1336]
 [3794 1337]
 [3795 1338]
 [3796 1336]
 [3797 1340]
 [3798 1338]
 [3799 1337]
 [3800 1336]
 [3801 1335]
 [3802 1331]
 [3803 1327]
 [3804 1322]
 [3805 1320]
 [3806 1315]
 [3807 1308]
 [3808 1300]
 [3809 1290]
 [3810 1280]
 [3811 1271]
 [3812 1261]
 [3813 1251]
 [3814 1236]
 [3815 1221]
 [3816 1208]
 [3817 1192]
 [3818 1173]
 [3819 1152]
 [3820 1131]
 [3821 1107]
 [3822 1086]
 [3823 1061]
 [3824 1034]
 [3825 1015]
 [3826  974]
 [3827  993]
 [3828 1040]
 [3829 1073]
 [3830 1015]
 [3831  934]
 [3832  842]
 [3833  722]
 [3834  577]
 [3835  414]
 [3836  239]
 [3837  124]
 [3838   35]
 [3839    0]
 [3840    0]
 [3841    0]
 [3842    0]
 [3843    0]
 [3844    0]
 [3845    0]
 [3846    0]
 [3847    0]
 [3848    0]
 [3849    0]
 [3850    0]
 [3900    0]
 [3901    0]
 [3902    0]
 [3903    0]
 [3904    0]
 [3905    0]
 [3906    0]
 [3907    0]
 [3908    0]
 [3909    0]
 [3910    0]
 [3911    0]
 [3912    0]
 [3913    0]
 [3914    0]
 [3915    0]
 [3916    0]
 [3917    0]
 [3918    0]
 [3919    0]
 [3920    0]
 [3921    0]
 [3922    0]
 [3923    0]
 [3924    0]
 [3925    0]
 [3926    0]
 [3927    0]
 [3928    0]
 [3929    0]
 [3930    0]
 [3931    0]
 [3932    0]
 [3933    0]
 [3934    0]
 [3935    0]
 [3936    0]
 [3937    0]
 [3938    0]
 [3939    0]
 [3940    0]
 [3930    0]
 [3931    0]
 [3932    0]
 [3933    0]
 [3934    0]
 [3935    0]
 [3936    0]
 [3937    0]
 [3938    0]
 [3939    0]
 [3940    0]
 [3941    0]
 [3942    0]
 [3943    0]
 [3944    0]
 [3945    0]
 [3946    0]
 [3947    0]
 [3948    0]
 [3949    0]
 [3950    0]
 [3951    0]
 [3952    0]
 [3953    0]
 [3954    0]
 [3955    0]
 [3956    0]
 [3957    0]
 [3958    0]
 [3959    0]
 [3960    0]
 [3961    0]
 [3962    0]
 [3963    0]
 [3964    0]
 [3965    0]
 [3966    0]
 [3967    0]
 [3968    0]
 [3969    0]
 [3970    0]
 [3971    0]
 [3972    0]
 [3973    0]
 [3974    8]
 [3975   44]
 [3976   71]
 [3977  102]
 [3978  128]
 [3979  158]
 [3980  182]
 [3981  212]
 [3982  240]
 [3983  262]
 [3984  290]
 [3985  314]
 [3986  343]
 [3987  367]
 [3988  392]
 [3989  418]
 [3990  445]
 [3991  473]
 [3992  499]
 [3993  525]
 [3994  550]
 [3995  574]
 [3996  591]
 [3997  612]
 [3998  680]
 [3999  768]
 [4000  854]
 [4001  947]
 [4002 1043]
 [4003 1143]
 [4004 1243]
 [4005 1346]
 [4006 1454]
 [4007 1561]
 [4008 1611]
 [4009 1571]
 [4010 1530]
 [4011 1466]
 [4012 1395]
 [4013 1320]
 [4014 1244]
 [4015 1168]
 [4016 1090]
 [4017 1008]
 [4018  934]
 [4019  932]
 [4010 1530]
 [4011 1466]
 [4012 1395]
 [4013 1320]
 [4014 1244]
 [4015 1168]
 [4016 1090]
 [4017 1008]
 [4018  934]
 [4019  932]
 [4020  938]
 [4021  965]
 [4022  988]
 [4023 1013]
 [4024 1039]
 [4025 1061]
 [4026 1083]
 [4027 1102]
 [4028 1120]
 [4029 1134]
 [4030 1147]
 [4031 1157]
 [4032 1165]
 [4033 1174]
 [4034 1181]
 [4035 1189]
 [4036 1196]
 [4037 1201]
 [4038 1206]
 [4039 1211]
 [4040 1214]
 [4041 1219]
 [4042 1223]
 [4043 1227]
 [4044 1228]
 [4045 1230]
 [4046 1230]
 [4047 1233]
 [4048 1233]
 [4049 1235]
 [4050 1237]
 [4051 1235]
 [4052 1235]
 [4053 1236]
 [4054 1232]
 [4055 1230]
 [4056 1233]
 [4057 1234]
 [4058 1236]
 [4059 1235]
 [4060 1234]
 [4061 1232]
 [4062 1234]
 [4063 1232]
 [4064 1236]
 [4065 1241]
 [4066 1167]
 [4067 1088]
 [4068 1220]
 [4069 1375]
 [4070 1539]
 [4071 1718]
 [4072 1647]
 [4073 1572]
 [4074 1496]
 [4075 1414]
 [4076 1412]]
モデル3_全員達成True_目標達成True_最低照度0_最大照度10000_最適化前照度500_最適化日数7_ステップサイズ50_J0.3244_Each_J0.1386

l_j = [[2460    0]
 [2461    0]
 [2462    0]
 [2463    0]
 [2464    0]
 [2465    0]
 [2466    0]
 [2467    0]
 [2468    0]
 [2469    0]
 [2470    0]
 [2471    0]
 [2472    0]
 [2473    0]
 [2474    0]
 [2475    0]
 [2476    0]
 [2477    0]
 [2478    0]
 [2479    0]
 [2480   26]
 [2481   68]
 [2482   98]
 [2483  126]
 [2484  123]
 [2485  122]
 [2486  143]
 [2487  184]
 [2488  210]
 [2489  232]
 [2490  254]
 [2491  277]
 [2492  299]
 [2493  319]
 [2494  343]
 [2495  368]
 [2496  370]
 [2497  372]
 [2498  390]
 [2499  409]
 [2500  429]
 [2490  254]
 [2491  277]
 [2492  299]
 [2493  319]
 [2494  343]
 [2495  368]
 [2496  370]
 [2497  372]
 [2498  390]
 [2499  409]
 [2500  429]
 [2501  444]
 [2502  459]
 [2503  475]
 [2504  483]
 [2505  492]
 [2506  505]
 [2507  519]
 [2508  532]
 [2509  547]
 [2510  561]
 [2511  567]
 [2512  597]
 [2513  631]
 [2514  668]
 [2515  709]
 [2516  750]
 [2517  792]
 [2518  835]
 [2519  879]
 [2520  871]
 [2521  902]
 [2522  908]
 [2523  905]
 [2524  905]
 [2525  900]
 [2526  893]
 [2527  890]
 [2528  885]
 [2529  879]
 [2530  919]
 [2531  941]
 [2532  960]
 [2533  980]
 [2534  998]
 [2535 1017]
 [2536 1033]
 [2537 1050]
 [2538 1068]
 [2539 1085]
 [2540 1100]
 [2541 1116]
 [2542 1128]
 [2543 1144]
 [2544 1155]
 [2545 1169]
 [2546 1181]
 [2547 1194]
 [2548 1203]
 [2549 1213]
 [2550 1223]
 [2551 1232]
 [2552 1240]
 [2553 1244]
 [2554 1248]
 [2555 1253]
 [2556 1257]
 [2557 1261]
 [2558 1268]
 [2559 1345]
 [2560 1425]
 [2561 1506]
 [2562 1584]
 [2563 1661]
 [2564 1735]
 [2565 1804]
 [2566 1870]
 [2567 1930]
 [2568 1978]
 [2569 1903]
 [2570 1819]
 [2571 1800]
 [2572 1780]
 [2573 1761]
 [2574 1743]
 [2575 1726]
 [2576 1709]
 [2577 1693]
 [2578 1681]
 [2579 1716]
 [2570 1819]
 [2571 1800]
 [2572 1780]
 [2573 1761]
 [2574 1743]
 [2575 1726]
 [2576 1709]
 [2577 1693]
 [2578 1681]
 [2579 1716]
 [2580 1749]
 [2581 1664]
 [2582 1577]
 [2583 1485]
 [2584 1388]
 [2585 1292]
 [2586 1194]
 [2587 1097]
 [2588  996]
 [2589  896]
 [2590  801]
 [2591  747]
 [2592  688]
 [2593  615]
 [2594  548]
 [2595  477]
 [2596  403]
 [2597  312]
 [2598  231]
 [2599  146]
 [2600   56]
 [2601    0]
 [2602    0]
 [2603    0]
 [2604    0]
 [2605    0]
 [2606    0]
 [2607    0]
 [2608    0]
 [2609    0]
 [2610    0]
 [2611    0]
 [2612    0]
 [2613    0]
 [2614    0]
 [2615    0]
 [2616    0]
 [2617    0]
 [2618    0]
 [2619    0]
 [2620    0]
 [2621    0]
 [2622    0]
 [2623    0]
 [2624    0]
 [2625    0]
 [2626    0]
 [2627    0]
 [2628    0]
 [2629    0]
 [2630    0]
 [2631    0]
 [2632    0]
 [2633    0]
 [2634    0]
 [2635    0]
 [2636    0]
 [2637    0]
 [2638    0]
 [2639    0]
 [2640    0]
 [2641    0]
 [2642    0]
 [2643    0]
 [2644    0]
 [2645    0]
 [2646    0]
 [2647    0]
 [2648    0]
 [2649    0]
 [2650    0]
 [2700    0]
 [2701    0]
 [2702    0]
 [2703    0]
 [2704    0]
 [2705    0]
 [2706    0]
 [2707    0]
 [2708    0]
 [2709    0]
 [2710    0]
 [2711    0]
 [2712    0]
 [2713    0]
 [2714    0]
 [2715    0]
 [2716    0]
 [2717    0]
 [2718    0]
 [2719    0]
 [2720    0]
 [2721    0]
 [2722    0]
 [2723    0]
 [2724    0]
 [2725    0]
 [2726    0]
 [2727    0]
 [2728   54]
 [2729   93]
 [2730  128]
 [2731  161]
 [2732  192]
 [2733  220]
 [2734  252]
 [2735  282]
 [2736  273]
 [2737  265]
 [2738  257]
 [2739  273]
 [2740  295]
 [2730  128]
 [2731  161]
 [2732  192]
 [2733  220]
 [2734  252]
 [2735  282]
 [2736  273]
 [2737  265]
 [2738  257]
 [2739  273]
 [2740  295]
 [2741  307]
 [2742  323]
 [2743  340]
 [2744  345]
 [2745  353]
 [2746  366]
 [2747  380]
 [2748  394]
 [2749  411]
 [2750  429]
 [2751  442]
 [2752  463]
 [2753  481]
 [2754  499]
 [2755  526]
 [2756  556]
 [2757  587]
 [2758  620]
 [2759  652]
 [2760  655]
 [2761  675]
 [2762  689]
 [2763  704]
 [2764  715]
 [2765  728]
 [2766  737]
 [2767  744]
 [2768  751]
 [2769  760]
 [2770  793]
 [2771  815]
 [2772  839]
 [2773  858]
 [2774  882]
 [2775  901]
 [2776  924]
 [2777  946]
 [2778  965]
 [2779  987]
 [2780 1007]
 [2781 1027]
 [2782 1048]
 [2783 1067]
 [2784 1084]
 [2785 1104]
 [2786 1121]
 [2787 1140]
 [2788 1158]
 [2789 1176]
 [2790 1191]
 [2791 1208]
 [2792 1221]
 [2793 1234]
 [2794 1247]
 [2795 1260]
 [2796 1274]
 [2797 1287]
 [2798 1306]
 [2799 1421]
 [2800 1540]
 [2801 1660]
 [2802 1785]
 [2803 1910]
 [2804 2027]
 [2805 2147]
 [2806 2259]
 [2807 2360]
 [2808 2455]
 [2809 2357]
 [2810 2253]
 [2811 2217]
 [2812 2177]
 [2813 2140]
 [2814 2103]
 [2815 2070]
 [2816 2036]
 [2817 2005]
 [2818 1983]
 [2819 2043]
 [2810 2253]
 [2811 2217]
 [2812 2177]
 [2813 2140]
 [2814 2103]
 [2815 2070]
 [2816 2036]
 [2817 2005]
 [2818 1983]
 [2819 2043]
 [2820 2098]
 [2821 2020]
 [2822 1932]
 [2823 1839]
 [2824 1743]
 [2825 1643]
 [2826 1543]
 [2827 1438]
 [2828 1334]
 [2829 1232]
 [2830 1128]
 [2831 1095]
 [2832 1056]
 [2833 1021]
 [2834  982]
 [2835  944]
 [2836  907]
 [2837  867]
 [2838  825]
 [2839  777]
 [2840  721]
 [2841  659]
 [2842  597]
 [2843  527]
 [2844  448]
 [2845  368]
 [2846  274]
 [2847  180]
 [2848   78]
 [2849    0]
 [2850    0]
 [2851    0]
 [2852    0]
 [2853    0]
 [2854    0]
 [2855    0]
 [2856    0]
 [2857    0]
 [2858    0]
 [2859    0]
 [2860    0]
 [2861    0]
 [2862    0]
 [2863    0]
 [2864    0]
 [2865    0]
 [2866    0]
 [2867    0]
 [2868    0]
 [2869    0]
 [2870    0]
 [2871    0]
 [2872    0]
 [2873    0]
 [2874    0]
 [2875    0]
 [2876    0]
 [2877    0]
 [2878    0]
 [2879    0]
 [2880    0]
 [2881    0]
 [2882    0]
 [2883    0]
 [2884    0]
 [2885    0]
 [2886    0]
 [2887    0]
 [2888    0]
 [2889    0]
 [2890    0]
 [2940    0]
 [2941    0]
 [2942    0]
 [2943    0]
 [2944    0]
 [2945    0]
 [2946    0]
 [2947    0]
 [2948    0]
 [2949    0]
 [2950    0]
 [2951    0]
 [2952    0]
 [2953    0]
 [2954    0]
 [2955    0]
 [2956    0]
 [2957    0]
 [2958    0]
 [2959    0]
 [2960    0]
 [2961    0]
 [2962    0]
 [2963    0]
 [2964    0]
 [2965    0]
 [2966    0]
 [2967    0]
 [2968    0]
 [2969    0]
 [2970   24]
 [2971   58]
 [2972   86]
 [2973  112]
 [2974  146]
 [2975  175]
 [2976  154]
 [2977  134]
 [2978  115]
 [2979  133]
 [2980  151]
 [2970   24]
 [2971   58]
 [2972   86]
 [2973  112]
 [2974  146]
 [2975  175]
 [2976  154]
 [2977  134]
 [2978  115]
 [2979  133]
 [2980  151]
 [2981  164]
 [2982  178]
 [2983  194]
 [2984  201]
 [2985  207]
 [2986  217]
 [2987  231]
 [2988  244]
 [2989  261]
 [2990  278]
 [2991  306]
 [2992  321]
 [2993  336]
 [2994  352]
 [2995  370]
 [2996  392]
 [2997  416]
 [2998  443]
 [2999  467]
 [3000  477]
 [3001  487]
 [3002  507]
 [3003  529]
 [3004  545]
 [3005  560]
 [3006  573]
 [3007  584]
 [3008  596]
 [3009  609]
 [3010  637]
 [3011  658]
 [3012  678]
 [3013  699]
 [3014  722]
 [3015  743]
 [3016  766]
 [3017  789]
 [3018  812]
 [3019  833]
 [3020  855]
 [3021  880]
 [3022  900]
 [3023  922]
 [3024  945]
 [3025  967]
 [3026  990]
 [3027 1009]
 [3028 1032]
 [3029 1057]
 [3030 1075]
 [3031 1093]
 [3032 1116]
 [3033 1135]
 [3034 1151]
 [3035 1173]
 [3036 1188]
 [3037 1208]
 [3038 1230]
 [3039 1357]
 [3040 1492]
 [3041 1629]
 [3042 1768]
 [3043 1912]
 [3044 2051]
 [3045 2190]
 [3046 2329]
 [3047 2455]
 [3048 2571]
 [3049 2477]
 [3050 2375]
 [3051 2334]
 [3052 2288]
 [3053 2242]
 [3054 2197]
 [3055 2154]
 [3056 2114]
 [3057 2077]
 [3058 2044]
 [3059 2116]
 [3050 2375]
 [3051 2334]
 [3052 2288]
 [3053 2242]
 [3054 2197]
 [3055 2154]
 [3056 2114]
 [3057 2077]
 [3058 2044]
 [3059 2116]
 [3060 2184]
 [3061 2117]
 [3062 2040]
 [3063 1961]
 [3064 1874]
 [3065 1784]
 [3066 1695]
 [3067 1600]
 [3068 1501]
 [3069 1403]
 [3070 1307]
 [3071 1280]
 [3072 1255]
 [3073 1225]
 [3074 1198]
 [3075 1172]
 [3076 1142]
 [3077 1117]
 [3078 1087]
 [3079 1057]
 [3080 1025]
 [3081  994]
 [3082  960]
 [3083  926]
 [3084  888]
 [3085  845]
 [3086  798]
 [3087  746]
 [3088  685]
 [3089  619]
 [3090  548]
 [3091  471]
 [3092  378]
 [3093  282]
 [3094  173]
 [3095   26]
 [3096    0]
 [3097    0]
 [3098    0]
 [3099    0]
 [3100    0]
 [3101    0]
 [3102    0]
 [3103    0]
 [3104    0]
 [3105    0]
 [3106    0]
 [3107    0]
 [3108    0]
 [3109    0]
 [3110    0]
 [3111    0]
 [3112    0]
 [3113    0]
 [3114    0]
 [3115    0]
 [3116    0]
 [3117    0]
 [3118    0]
 [3119    0]
 [3120    0]
 [3121    0]
 [3122    0]
 [3123    0]
 [3124    0]
 [3125    0]
 [3126    0]
 [3127    0]
 [3128    0]
 [3129    0]
 [3130    0]
 [3180    0]
 [3181    0]
 [3182    0]
 [3183    0]
 [3184    0]
 [3185    0]
 [3186    0]
 [3187    0]
 [3188    0]
 [3189    0]
 [3190    0]
 [3191    0]
 [3192    0]
 [3193    0]
 [3194    0]
 [3195    0]
 [3196    0]
 [3197    0]
 [3198    0]
 [3199    0]
 [3200    0]
 [3201    0]
 [3202    0]
 [3203    0]
 [3204    0]
 [3205    0]
 [3206    0]
 [3207    0]
 [3208    0]
 [3209    0]
 [3210    0]
 [3211    0]
 [3212    0]
 [3213    0]
 [3214    0]
 [3215    0]
 [3216    0]
 [3217    0]
 [3218    0]
 [3219    0]
 [3220    0]
 [3210    0]
 [3211    0]
 [3212    0]
 [3213    0]
 [3214    0]
 [3215    0]
 [3216    0]
 [3217    0]
 [3218    0]
 [3219    0]
 [3220    0]
 [3221    0]
 [3222    0]
 [3223    0]
 [3224    0]
 [3225    0]
 [3226   15]
 [3227   32]
 [3228   58]
 [3229   81]
 [3230  104]
 [3231  146]
 [3232  160]
 [3233  174]
 [3234  183]
 [3235  198]
 [3236  214]
 [3237  235]
 [3238  250]
 [3239  267]
 [3240  289]
 [3241  288]
 [3242  314]
 [3243  341]
 [3244  367]
 [3245  396]
 [3246  417]
 [3247  432]
 [3248  453]
 [3249  475]
 [3250  489]
 [3251  507]
 [3252  528]
 [3253  545]
 [3254  563]
 [3255  582]
 [3256  601]
 [3257  622]
 [3258  645]
 [3259  667]
 [3260  692]
 [3261  713]
 [3262  737]
 [3263  759]
 [3264  782]
 [3265  806]
 [3266  830]
 [3267  851]
 [3268  878]
 [3269  900]
 [3270  923]
 [3271  946]
 [3272  969]
 [3273  990]
 [3274 1014]
 [3275 1034]
 [3276 1056]
 [3277 1081]
 [3278 1201]
 [3279 1327]
 [3280 1460]
 [3281 1601]
 [3282 1741]
 [3283 1886]
 [3284 2029]
 [3285 2175]
 [3286 2315]
 [3287 2451]
 [3288 2484]
 [3289 2399]
 [3290 2303]
 [3291 2255]
 [3292 2207]
 [3293 2155]
 [3294 2104]
 [3295 2055]
 [3296 2007]
 [3297 1962]
 [3298 1924]
 [3299 1993]
 [3290 2303]
 [3291 2255]
 [3292 2207]
 [3293 2155]
 [3294 2104]
 [3295 2055]
 [3296 2007]
 [3297 1962]
 [3298 1924]
 [3299 1993]
 [3300 2064]
 [3301 2014]
 [3302 1962]
 [3303 1905]
 [3304 1840]
 [3305 1770]
 [3306 1701]
 [3307 1626]
 [3308 1550]
 [3309 1468]
 [3310 1387]
 [3311 1371]
 [3312 1352]
 [3313 1337]
 [3314 1321]
 [3315 1303]
 [3316 1286]
 [3317 1266]
 [3318 1246]
 [3319 1229]
 [3320 1210]
 [3321 1186]
 [3322 1167]
 [3323 1142]
 [3324 1118]
 [3325 1093]
 [3326 1067]
 [3327 1038]
 [3328 1010]
 [3329  978]
 [3330  944]
 [3331  908]
 [3332  870]
 [3333  821]
 [3334  773]
 [3335  714]
 [3336  649]
 [3337  560]
 [3338  473]
 [3339  378]
 [3340  265]
 [3341  128]
 [3342    0]
 [3343    0]
 [3344    0]
 [3345    0]
 [3346    0]
 [3347    0]
 [3348    0]
 [3349    0]
 [3350    0]
 [3351    0]
 [3352    0]
 [3353    0]
 [3354    0]
 [3355    0]
 [3356    0]
 [3357    0]
 [3358    0]
 [3359    0]
 [3360    0]
 [3361    0]
 [3362    0]
 [3363    0]
 [3364    0]
 [3365    0]
 [3366    0]
 [3367    0]
 [3368    0]
 [3369    0]
 [3370    0]
 [3420    0]
 [3421    0]
 [3422    0]
 [3423    0]
 [3424    0]
 [3425    0]
 [3426    0]
 [3427    0]
 [3428    0]
 [3429    0]
 [3430    0]
 [3431    0]
 [3432    0]
 [3433    0]
 [3434    0]
 [3435    0]
 [3436    0]
 [3437    0]
 [3438    0]
 [3439    0]
 [3440    0]
 [3441    0]
 [3442    0]
 [3443    0]
 [3444    0]
 [3445    0]
 [3446    0]
 [3447    0]
 [3448    0]
 [3449    0]
 [3450    0]
 [3451    0]
 [3452    0]
 [3453    0]
 [3454    0]
 [3455    0]
 [3456    0]
 [3457    0]
 [3458    0]
 [3459    0]
 [3460    0]
 [3450    0]
 [3451    0]
 [3452    0]
 [3453    0]
 [3454    0]
 [3455    0]
 [3456    0]
 [3457    0]
 [3458    0]
 [3459    0]
 [3460    0]
 [3461    0]
 [3462    0]
 [3463    0]
 [3464    0]
 [3465    0]
 [3466    0]
 [3467    0]
 [3468    0]
 [3469    0]
 [3470    0]
 [3471    0]
 [3472    0]
 [3473    1]
 [3474   22]
 [3475   41]
 [3476   65]
 [3477   90]
 [3478  107]
 [3479  124]
 [3480  160]
 [3481  149]
 [3482  176]
 [3483  206]
 [3484  234]
 [3485  261]
 [3486  283]
 [3487  300]
 [3488  322]
 [3489  345]
 [3490  347]
 [3491  364]
 [3492  382]
 [3493  400]
 [3494  417]
 [3495  437]
 [3496  458]
 [3497  477]
 [3498  499]
 [3499  520]
 [3500  540]
 [3501  562]
 [3502  582]
 [3503  603]
 [3504  622]
 [3505  642]
 [3506  666]
 [3507  691]
 [3508  716]
 [3509  737]
 [3510  762]
 [3511  785]
 [3512  808]
 [3513  832]
 [3514  857]
 [3515  881]
 [3516  900]
 [3517  922]
 [3518 1023]
 [3519 1133]
 [3520 1247]
 [3521 1367]
 [3522 1488]
 [3523 1614]
 [3524 1742]
 [3525 1871]
 [3526 2001]
 [3527 2131]
 [3528 2175]
 [3529 2115]
 [3530 2046]
 [3531 2009]
 [3532 1970]
 [3533 1927]
 [3534 1887]
 [3535 1846]
 [3536 1804]
 [3537 1765]
 [3538 1733]
 [3539 1797]
 [3530 2046]
 [3531 2009]
 [3532 1970]
 [3533 1927]
 [3534 1887]
 [3535 1846]
 [3536 1804]
 [3537 1765]
 [3538 1733]
 [3539 1797]
 [3540 1860]
 [3541 1832]
 [3542 1797]
 [3543 1761]
 [3544 1720]
 [3545 1675]
 [3546 1625]
 [3547 1571]
 [3548 1516]
 [3549 1458]
 [3550 1396]
 [3551 1390]
 [3552 1384]
 [3553 1376]
 [3554 1368]
 [3555 1361]
 [3556 1353]
 [3557 1346]
 [3558 1336]
 [3559 1325]
 [3560 1312]
 [3561 1300]
 [3562 1289]
 [3563 1277]
 [3564 1262]
 [3565 1246]
 [3566 1231]
 [3567 1214]
 [3568 1197]
 [3569 1179]
 [3570 1157]
 [3571 1134]
 [3572 1114]
 [3573 1086]
 [3574 1065]
 [3575 1032]
 [3576 1008]
 [3577  976]
 [3578  943]
 [3579  909]
 [3580  875]
 [3581  850]
 [3582  792]
 [3583  722]
 [3584  616]
 [3585  516]
 [3586  397]
 [3587  269]
 [3588  114]
 [3589    0]
 [3590    0]
 [3591    0]
 [3592    0]
 [3593    0]
 [3594    0]
 [3595    0]
 [3596    0]
 [3597    0]
 [3598    0]
 [3599    0]
 [3600    0]
 [3601    0]
 [3602    0]
 [3603    0]
 [3604    0]
 [3605    0]
 [3606    0]
 [3607    0]
 [3608    0]
 [3609    0]
 [3610    0]
 [3660    0]
 [3661    0]
 [3662    0]
 [3663    0]
 [3664    0]
 [3665    0]
 [3666    0]
 [3667    0]
 [3668    0]
 [3669    0]
 [3670    0]
 [3671    0]
 [3672    0]
 [3673    0]
 [3674    0]
 [3675    0]
 [3676    0]
 [3677    0]
 [3678    0]
 [3679    0]
 [3680    0]
 [3681    0]
 [3682    0]
 [3683    0]
 [3684    0]
 [3685    0]
 [3686    0]
 [3687    0]
 [3688    0]
 [3689    0]
 [3690    0]
 [3691    0]
 [3692    0]
 [3693    0]
 [3694    0]
 [3695    0]
 [3696    0]
 [3697    0]
 [3698    0]
 [3699    0]
 [3700    0]
 [3690    0]
 [3691    0]
 [3692    0]
 [3693    0]
 [3694    0]
 [3695    0]
 [3696    0]
 [3697    0]
 [3698    0]
 [3699    0]
 [3700    0]
 [3701    0]
 [3702    0]
 [3703    0]
 [3704    0]
 [3705    0]
 [3706    0]
 [3707    0]
 [3708    0]
 [3709    0]
 [3710    0]
 [3711    0]
 [3712    0]
 [3713    0]
 [3714    0]
 [3715    0]
 [3716    0]
 [3717    0]
 [3718    0]
 [3719    0]
 [3720   36]
 [3721   17]
 [3722   48]
 [3723   76]
 [3724  104]
 [3725  131]
 [3726  150]
 [3727  163]
 [3728  184]
 [3729  205]
 [3730  195]
 [3731  211]
 [3732  228]
 [3733  246]
 [3734  266]
 [3735  284]
 [3736  303]
 [3737  324]
 [3738  345]
 [3739  365]
 [3740  386]
 [3741  409]
 [3742  431]
 [3743  451]
 [3744  476]
 [3745  498]
 [3746  521]
 [3747  541]
 [3748  562]
 [3749  587]
 [3750  610]
 [3751  632]
 [3752  652]
 [3753  676]
 [3754  699]
 [3755  724]
 [3756  744]
 [3757  763]
 [3758  845]
 [3759  936]
 [3760 1026]
 [3761 1125]
 [3762 1223]
 [3763 1326]
 [3764 1435]
 [3765 1542]
 [3766 1656]
 [3767 1770]
 [3768 1817]
 [3769 1779]
 [3770 1735]
 [3771 1705]
 [3772 1674]
 [3773 1639]
 [3774 1604]
 [3775 1567]
 [3776 1531]
 [3777 1495]
 [3778 1463]
 [3779 1512]
 [3770 1735]
 [3771 1705]
 [3772 1674]
 [3773 1639]
 [3774 1604]
 [3775 1567]
 [3776 1531]
 [3777 1495]
 [3778 1463]
 [3779 1512]
 [3780 1566]
 [3781 1555]
 [3782 1543]
 [3783 1530]
 [3784 1514]
 [3785 1490]
 [3786 1469]
 [3787 1439]
 [3788 1408]
 [3789 1377]
 [3790 1337]
 [3791 1342]
 [3792 1343]
 [3793 1346]
 [3794 1347]
 [3795 1346]
 [3796 1345]
 [3797 1347]
 [3798 1348]
 [3799 1345]
 [3800 1342]
 [3801 1341]
 [3802 1334]
 [3803 1333]
 [3804 1326]
 [3805 1323]
 [3806 1317]
 [3807 1308]
 [3808 1299]
 [3809 1289]
 [3810 1281]
 [3811 1271]
 [3812 1261]
 [3813 1247]
 [3814 1230]
 [3815 1217]
 [3816 1201]
 [3817 1182]
 [3818 1161]
 [3819 1142]
 [3820 1121]
 [3821 1098]
 [3822 1076]
 [3823 1054]
 [3824 1030]
 [3825 1012]
 [3826 1001]
 [3827 1078]
 [3828 1108]
 [3829 1064]
 [3830 1000]
 [3831  912]
 [3832  803]
 [3833  680]
 [3834  529]
 [3835  357]
 [3836  217]
 [3837   75]
 [3838    0]
 [3839    0]
 [3840    0]
 [3841    0]
 [3842    0]
 [3843    0]
 [3844    0]
 [3845    0]
 [3846    0]
 [3847    0]
 [3848    0]
 [3849    0]
 [3850    0]
 [3900    0]
 [3901    0]
 [3902    0]
 [3903    0]
 [3904    0]
 [3905    0]
 [3906    0]
 [3907    0]
 [3908    0]
 [3909    0]
 [3910    0]
 [3911    0]
 [3912    0]
 [3913    0]
 [3914    0]
 [3915    0]
 [3916    0]
 [3917    0]
 [3918    0]
 [3919    0]
 [3920    0]
 [3921    0]
 [3922    0]
 [3923    0]
 [3924    0]
 [3925    0]
 [3926    0]
 [3927    0]
 [3928    0]
 [3929    0]
 [3930    0]
 [3931    0]
 [3932    0]
 [3933    0]
 [3934    0]
 [3935    0]
 [3936    0]
 [3937    0]
 [3938    0]
 [3939    0]
 [3940    0]
 [3930    0]
 [3931    0]
 [3932    0]
 [3933    0]
 [3934    0]
 [3935    0]
 [3936    0]
 [3937    0]
 [3938    0]
 [3939    0]
 [3940    0]
 [3941    0]
 [3942    0]
 [3943    0]
 [3944    0]
 [3945    0]
 [3946    0]
 [3947    0]
 [3948    0]
 [3949    0]
 [3950    0]
 [3951    0]
 [3952    0]
 [3953    0]
 [3954    0]
 [3955    0]
 [3956    0]
 [3957    0]
 [3958    0]
 [3959    0]
 [3960    0]
 [3961    0]
 [3962    0]
 [3963    0]
 [3964    0]
 [3965    0]
 [3966    0]
 [3967    0]
 [3968    0]
 [3969    0]
 [3970    0]
 [3971    0]
 [3972    9]
 [3973   33]
 [3974   59]
 [3975   83]
 [3976  108]
 [3977  133]
 [3978  158]
 [3979  182]
 [3980  205]
 [3981  232]
 [3982  256]
 [3983  281]
 [3984  305]
 [3985  328]
 [3986  353]
 [3987  378]
 [3988  404]
 [3989  427]
 [3990  452]
 [3991  479]
 [3992  506]
 [3993  530]
 [3994  554]
 [3995  579]
 [3996  596]
 [3997  615]
 [3998  686]
 [3999  767]
 [4000  852]
 [4001  941]
 [4002 1031]
 [4003 1126]
 [4004 1224]
 [4005 1321]
 [4006 1428]
 [4007 1530]
 [4008 1576]
 [4009 1545]
 [4010 1505]
 [4011 1448]
 [4012 1388]
 [4013 1324]
 [4014 1257]
 [4015 1189]
 [4016 1121]
 [4017 1052]
 [4018  986]
 [4019  996]
 [4010 1505]
 [4011 1448]
 [4012 1388]
 [4013 1324]
 [4014 1257]
 [4015 1189]
 [4016 1121]
 [4017 1052]
 [4018  986]
 [4019  996]
 [4020 1007]
 [4021 1027]
 [4022 1049]
 [4023 1071]
 [4024 1090]
 [4025 1110]
 [4026 1125]
 [4027 1138]
 [4028 1155]
 [4029 1163]
 [4030 1171]
 [4031 1177]
 [4032 1187]
 [4033 1196]
 [4034 1203]
 [4035 1210]
 [4036 1219]
 [4037 1222]
 [4038 1227]
 [4039 1233]
 [4040 1236]
 [4041 1241]
 [4042 1246]
 [4043 1247]
 [4044 1250]
 [4045 1251]
 [4046 1253]
 [4047 1254]
 [4048 1254]
 [4049 1254]
 [4050 1253]
 [4051 1255]
 [4052 1252]
 [4053 1251]
 [4054 1248]
 [4055 1248]
 [4056 1248]
 [4057 1247]
 [4058 1246]
 [4059 1244]
 [4060 1242]
 [4061 1242]
 [4062 1239]
 [4063 1236]
 [4064 1237]
 [4065 1238]
 [4066 1169]
 [4067 1092]
 [4068 1218]
 [4069 1354]
 [4070 1502]
 [4071 1664]
 [4072 1590]
 [4073 1517]
 [4074 1441]
 [4075 1361]
 [4076 1359]]
モデル3_全員達成True_目標達成True_最低照度0_最大照度10000_最適化前照度500_最適化日数7_ステップサイズ60_J0.3173_Each_J0.1378

l_j = [[2460    0]
 [2461    0]
 [2462    0]
 [2463    0]
 [2464    0]
 [2465    0]
 [2466    0]
 [2467    0]
 [2468    0]
 [2469    0]
 [2470    0]
 [2471    0]
 [2472    0]
 [2473    0]
 [2474    0]
 [2475    0]
 [2476    0]
 [2477    0]
 [2478    0]
 [2479    0]
 [2480    3]
 [2481   53]
 [2482   87]
 [2483  113]
 [2484  113]
 [2485  111]
 [2486  130]
 [2487  174]
 [2488  198]
 [2489  223]
 [2490  245]
 [2491  268]
 [2492  290]
 [2493  309]
 [2494  336]
 [2495  360]
 [2496  361]
 [2497  365]
 [2498  385]
 [2499  403]
 [2500  420]
 [2490  245]
 [2491  268]
 [2492  290]
 [2493  309]
 [2494  336]
 [2495  360]
 [2496  361]
 [2497  365]
 [2498  385]
 [2499  403]
 [2500  420]
 [2501  438]
 [2502  452]
 [2503  471]
 [2504  480]
 [2505  489]
 [2506  501]
 [2507  514]
 [2508  529]
 [2509  544]
 [2510  559]
 [2511  563]
 [2512  596]
 [2513  628]
 [2514  668]
 [2515  707]
 [2516  750]
 [2517  790]
 [2518  834]
 [2519  878]
 [2520  872]
 [2521  902]
 [2522  907]
 [2523  905]
 [2524  905]
 [2525  902]
 [2526  896]
 [2527  892]
 [2528  888]
 [2529  884]
 [2530  924]
 [2531  947]
 [2532  967]
 [2533  987]
 [2534 1005]
 [2535 1026]
 [2536 1044]
 [2537 1062]
 [2538 1081]
 [2539 1097]
 [2540 1114]
 [2541 1128]
 [2542 1144]
 [2543 1157]
 [2544 1173]
 [2545 1186]
 [2546 1198]
 [2547 1212]
 [2548 1223]
 [2549 1236]
 [2550 1246]
 [2551 1255]
 [2552 1265]
 [2553 1273]
 [2554 1280]
 [2555 1287]
 [2556 1293]
 [2557 1299]
 [2558 1306]
 [2559 1387]
 [2560 1466]
 [2561 1550]
 [2562 1629]
 [2563 1708]
 [2564 1783]
 [2565 1854]
 [2566 1922]
 [2567 1982]
 [2568 2032]
 [2569 1956]
 [2570 1873]
 [2571 1856]
 [2572 1839]
 [2573 1822]
 [2574 1806]
 [2575 1792]
 [2576 1775]
 [2577 1761]
 [2578 1751]
 [2579 1788]
 [2570 1873]
 [2571 1856]
 [2572 1839]
 [2573 1822]
 [2574 1806]
 [2575 1792]
 [2576 1775]
 [2577 1761]
 [2578 1751]
 [2579 1788]
 [2580 1822]
 [2581 1733]
 [2582 1640]
 [2583 1545]
 [2584 1444]
 [2585 1344]
 [2586 1241]
 [2587 1139]
 [2588 1035]
 [2589  933]
 [2590  833]
 [2591  780]
 [2592  723]
 [2593  660]
 [2594  597]
 [2595  531]
 [2596  446]
 [2597  366]
 [2598  289]
 [2599  195]
 [2600  112]
 [2601   21]
 [2602    0]
 [2603    0]
 [2604    0]
 [2605    0]
 [2606    0]
 [2607    0]
 [2608    0]
 [2609    0]
 [2610    0]
 [2611    0]
 [2612    0]
 [2613    0]
 [2614    0]
 [2615    0]
 [2616    0]
 [2617    0]
 [2618    0]
 [2619    0]
 [2620    0]
 [2621    0]
 [2622    0]
 [2623    0]
 [2624    0]
 [2625    0]
 [2626    0]
 [2627    0]
 [2628    0]
 [2629    0]
 [2630    0]
 [2631    0]
 [2632    0]
 [2633    0]
 [2634    0]
 [2635    0]
 [2636    0]
 [2637    0]
 [2638    0]
 [2639    0]
 [2640    0]
 [2641    0]
 [2642    0]
 [2643    0]
 [2644    0]
 [2645    0]
 [2646    0]
 [2647    0]
 [2648    0]
 [2649    0]
 [2650    0]
 [2700    0]
 [2701    0]
 [2702    0]
 [2703    0]
 [2704    0]
 [2705    0]
 [2706    0]
 [2707    0]
 [2708    0]
 [2709    0]
 [2710    0]
 [2711    0]
 [2712    0]
 [2713    0]
 [2714    0]
 [2715    0]
 [2716    0]
 [2717    0]
 [2718    0]
 [2719    0]
 [2720    0]
 [2721    0]
 [2722    0]
 [2723    0]
 [2724    0]
 [2725    0]
 [2726    0]
 [2727    0]
 [2728   49]
 [2729   87]
 [2730  119]
 [2731  153]
 [2732  184]
 [2733  213]
 [2734  244]
 [2735  275]
 [2736  266]
 [2737  257]
 [2738  252]
 [2739  269]
 [2740  286]
 [2730  119]
 [2731  153]
 [2732  184]
 [2733  213]
 [2734  244]
 [2735  275]
 [2736  266]
 [2737  257]
 [2738  252]
 [2739  269]
 [2740  286]
 [2741  302]
 [2742  317]
 [2743  334]
 [2744  342]
 [2745  351]
 [2746  362]
 [2747  376]
 [2748  391]
 [2749  409]
 [2750  427]
 [2751  442]
 [2752  459]
 [2753  480]
 [2754  500]
 [2755  524]
 [2756  554]
 [2757  586]
 [2758  618]
 [2759  652]
 [2760  653]
 [2761  674]
 [2762  690]
 [2763  702]
 [2764  717]
 [2765  729]
 [2766  739]
 [2767  745]
 [2768  752]
 [2769  761]
 [2770  796]
 [2771  821]
 [2772  843]
 [2773  864]
 [2774  888]
 [2775  909]
 [2776  934]
 [2777  953]
 [2778  975]
 [2779  997]
 [2780 1018]
 [2781 1041]
 [2782 1061]
 [2783 1079]
 [2784 1099]
 [2785 1119]
 [2786 1139]
 [2787 1157]
 [2788 1177]
 [2789 1194]
 [2790 1213]
 [2791 1228]
 [2792 1244]
 [2793 1262]
 [2794 1277]
 [2795 1291]
 [2796 1305]
 [2797 1322]
 [2798 1341]
 [2799 1456]
 [2800 1575]
 [2801 1698]
 [2802 1824]
 [2803 1947]
 [2804 2070]
 [2805 2185]
 [2806 2297]
 [2807 2402]
 [2808 2493]
 [2809 2398]
 [2810 2297]
 [2811 2262]
 [2812 2229]
 [2813 2198]
 [2814 2163]
 [2815 2133]
 [2816 2105]
 [2817 2078]
 [2818 2057]
 [2819 2118]
 [2810 2297]
 [2811 2262]
 [2812 2229]
 [2813 2198]
 [2814 2163]
 [2815 2133]
 [2816 2105]
 [2817 2078]
 [2818 2057]
 [2819 2118]
 [2820 2179]
 [2821 2091]
 [2822 1999]
 [2823 1901]
 [2824 1801]
 [2825 1697]
 [2826 1590]
 [2827 1482]
 [2828 1373]
 [2829 1267]
 [2830 1160]
 [2831 1122]
 [2832 1082]
 [2833 1047]
 [2834 1009]
 [2835  971]
 [2836  931]
 [2837  889]
 [2838  843]
 [2839  794]
 [2840  737]
 [2841  679]
 [2842  613]
 [2843  544]
 [2844  413]
 [2845  326]
 [2846  236]
 [2847  145]
 [2848   47]
 [2849    0]
 [2850    0]
 [2851    0]
 [2852    0]
 [2853    0]
 [2854    0]
 [2855    0]
 [2856    0]
 [2857    0]
 [2858    0]
 [2859    0]
 [2860    0]
 [2861    0]
 [2862    0]
 [2863    0]
 [2864    0]
 [2865    0]
 [2866    0]
 [2867    0]
 [2868    0]
 [2869    0]
 [2870    0]
 [2871    0]
 [2872    0]
 [2873    0]
 [2874    0]
 [2875    0]
 [2876    0]
 [2877    0]
 [2878    0]
 [2879    0]
 [2880    0]
 [2881    0]
 [2882    0]
 [2883    0]
 [2884    0]
 [2885    0]
 [2886    0]
 [2887    0]
 [2888    0]
 [2889    0]
 [2890    0]
 [2940    0]
 [2941    0]
 [2942    0]
 [2943    0]
 [2944    0]
 [2945    0]
 [2946    0]
 [2947    0]
 [2948    0]
 [2949    0]
 [2950    0]
 [2951    0]
 [2952    0]
 [2953    0]
 [2954    0]
 [2955    0]
 [2956    0]
 [2957    0]
 [2958    0]
 [2959    0]
 [2960    0]
 [2961    0]
 [2962    0]
 [2963    0]
 [2964    0]
 [2965    0]
 [2966    0]
 [2967    0]
 [2968    0]
 [2969    0]
 [2970   25]
 [2971   55]
 [2972   83]
 [2973  110]
 [2974  141]
 [2975  167]
 [2976  149]
 [2977  129]
 [2978  113]
 [2979  127]
 [2980  145]
 [2970   25]
 [2971   55]
 [2972   83]
 [2973  110]
 [2974  141]
 [2975  167]
 [2976  149]
 [2977  129]
 [2978  113]
 [2979  127]
 [2980  145]
 [2981  160]
 [2982  173]
 [2983  188]
 [2984  195]
 [2985  200]
 [2986  212]
 [2987  223]
 [2988  238]
 [2989  254]
 [2990  272]
 [2991  299]
 [2992  312]
 [2993  328]
 [2994  343]
 [2995  364]
 [2996  383]
 [2997  409]
 [2998  433]
 [2999  458]
 [3000  469]
 [3001  477]
 [3002  498]
 [3003  522]
 [3004  540]
 [3005  555]
 [3006  571]
 [3007  584]
 [3008  596]
 [3009  611]
 [3010  638]
 [3011  659]
 [3012  682]
 [3013  701]
 [3014  724]
 [3015  746]
 [3016  773]
 [3017  795]
 [3018  816]
 [3019  841]
 [3020  862]
 [3021  885]
 [3022  908]
 [3023  933]
 [3024  955]
 [3025  978]
 [3026 1000]
 [3027 1021]
 [3028 1047]
 [3029 1070]
 [3030 1089]
 [3031 1114]
 [3032 1135]
 [3033 1154]
 [3034 1173]
 [3035 1193]
 [3036 1213]
 [3037 1234]
 [3038 1263]
 [3039 1388]
 [3040 1520]
 [3041 1659]
 [3042 1798]
 [3043 1939]
 [3044 2082]
 [3045 2221]
 [3046 2358]
 [3047 2485]
 [3048 2604]
 [3049 2511]
 [3050 2410]
 [3051 2376]
 [3052 2335]
 [3053 2293]
 [3054 2257]
 [3055 2217]
 [3056 2179]
 [3057 2145]
 [3058 2117]
 [3059 2192]
 [3050 2410]
 [3051 2376]
 [3052 2335]
 [3053 2293]
 [3054 2257]
 [3055 2217]
 [3056 2179]
 [3057 2145]
 [3058 2117]
 [3059 2192]
 [3060 2264]
 [3061 2188]
 [3062 2114]
 [3063 2023]
 [3064 1933]
 [3065 1841]
 [3066 1744]
 [3067 1646]
 [3068 1545]
 [3069 1442]
 [3070 1342]
 [3071 1311]
 [3072 1283]
 [3073 1254]
 [3074 1226]
 [3075 1198]
 [3076 1167]
 [3077 1139]
 [3078 1109]
 [3079 1077]
 [3080 1047]
 [3081 1012]
 [3082  977]
 [3083  942]
 [3084  903]
 [3085  863]
 [3086  818]
 [3087  759]
 [3088  699]
 [3089  635]
 [3090  564]
 [3091  486]
 [3092  386]
 [3093  293]
 [3094  172]
 [3095   59]
 [3096    0]
 [3097    0]
 [3098    0]
 [3099    0]
 [3100    0]
 [3101    0]
 [3102    0]
 [3103    0]
 [3104    0]
 [3105    0]
 [3106    0]
 [3107    0]
 [3108    0]
 [3109    0]
 [3110    0]
 [3111    0]
 [3112    0]
 [3113    0]
 [3114    0]
 [3115    0]
 [3116    0]
 [3117    0]
 [3118    0]
 [3119    0]
 [3120    0]
 [3121    0]
 [3122    0]
 [3123    0]
 [3124    0]
 [3125    0]
 [3126    0]
 [3127    0]
 [3128    0]
 [3129    0]
 [3130    0]
 [3180    0]
 [3181    0]
 [3182    0]
 [3183    0]
 [3184    0]
 [3185    0]
 [3186    0]
 [3187    0]
 [3188    0]
 [3189    0]
 [3190    0]
 [3191    0]
 [3192    0]
 [3193    0]
 [3194    0]
 [3195    0]
 [3196    0]
 [3197    0]
 [3198    0]
 [3199    0]
 [3200    0]
 [3201    0]
 [3202    0]
 [3203    0]
 [3204    0]
 [3205    0]
 [3206    0]
 [3207    0]
 [3208    0]
 [3209    0]
 [3210    0]
 [3211    0]
 [3212    0]
 [3213    0]
 [3214    0]
 [3215    0]
 [3216    0]
 [3217    0]
 [3218    0]
 [3219    0]
 [3220    0]
 [3210    0]
 [3211    0]
 [3212    0]
 [3213    0]
 [3214    0]
 [3215    0]
 [3216    0]
 [3217    0]
 [3218    0]
 [3219    0]
 [3220    0]
 [3221    0]
 [3222    0]
 [3223    0]
 [3224    0]
 [3225    0]
 [3226    5]
 [3227   26]
 [3228   48]
 [3229   72]
 [3230   98]
 [3231  142]
 [3232  153]
 [3233  165]
 [3234  179]
 [3235  193]
 [3236  211]
 [3237  231]
 [3238  248]
 [3239  263]
 [3240  285]
 [3241  284]
 [3242  312]
 [3243  339]
 [3244  367]
 [3245  392]
 [3246  417]
 [3247  431]
 [3248  452]
 [3249  475]
 [3250  488]
 [3251  508]
 [3252  527]
 [3253  544]
 [3254  565]
 [3255  585]
 [3256  606]
 [3257  627]
 [3258  651]
 [3259  672]
 [3260  696]
 [3261  719]
 [3262  744]
 [3263  767]
 [3264  790]
 [3265  815]
 [3266  840]
 [3267  862]
 [3268  887]
 [3269  912]
 [3270  935]
 [3271  959]
 [3272  982]
 [3273 1007]
 [3274 1031]
 [3275 1052]
 [3276 1075]
 [3277 1099]
 [3278 1220]
 [3279 1346]
 [3280 1481]
 [3281 1619]
 [3282 1758]
 [3283 1904]
 [3284 2045]
 [3285 2189]
 [3286 2330]
 [3287 2465]
 [3288 2498]
 [3289 2416]
 [3290 2324]
 [3291 2282]
 [3292 2239]
 [3293 2194]
 [3294 2149]
 [3295 2103]
 [3296 2060]
 [3297 2024]
 [3298 1988]
 [3299 2061]
 [3290 2324]
 [3291 2282]
 [3292 2239]
 [3293 2194]
 [3294 2149]
 [3295 2103]
 [3296 2060]
 [3297 2024]
 [3298 1988]
 [3299 2061]
 [3300 2134]
 [3301 2079]
 [3302 2024]
 [3303 1962]
 [3304 1896]
 [3305 1824]
 [3306 1749]
 [3307 1672]
 [3308 1589]
 [3309 1505]
 [3310 1419]
 [3311 1402]
 [3312 1384]
 [3313 1365]
 [3314 1347]
 [3315 1327]
 [3316 1308]
 [3317 1291]
 [3318 1268]
 [3319 1248]
 [3320 1229]
 [3321 1204]
 [3322 1181]
 [3323 1157]
 [3324 1130]
 [3325 1105]
 [3326 1079]
 [3327 1048]
 [3328 1017]
 [3329  984]
 [3330  949]
 [3331  913]
 [3332  873]
 [3333  824]
 [3334  764]
 [3335  707]
 [3336  639]
 [3337  563]
 [3338  475]
 [3339  379]
 [3340  252]
 [3341  133]
 [3342    2]
 [3343    0]
 [3344    0]
 [3345    0]
 [3346    0]
 [3347    0]
 [3348    0]
 [3349    0]
 [3350    0]
 [3351    0]
 [3352    0]
 [3353    0]
 [3354    0]
 [3355    0]
 [3356    0]
 [3357    0]
 [3358    0]
 [3359    0]
 [3360    0]
 [3361    0]
 [3362    0]
 [3363    0]
 [3364    0]
 [3365    0]
 [3366    0]
 [3367    0]
 [3368    0]
 [3369    0]
 [3370    0]
 [3420    0]
 [3421    0]
 [3422    0]
 [3423    0]
 [3424    0]
 [3425    0]
 [3426    0]
 [3427    0]
 [3428    0]
 [3429    0]
 [3430    0]
 [3431    0]
 [3432    0]
 [3433    0]
 [3434    0]
 [3435    0]
 [3436    0]
 [3437    0]
 [3438    0]
 [3439    0]
 [3440    0]
 [3441    0]
 [3442    0]
 [3443    0]
 [3444    0]
 [3445    0]
 [3446    0]
 [3447    0]
 [3448    0]
 [3449    0]
 [3450    0]
 [3451    0]
 [3452    0]
 [3453    0]
 [3454    0]
 [3455    0]
 [3456    0]
 [3457    0]
 [3458    0]
 [3459    0]
 [3460    0]
 [3450    0]
 [3451    0]
 [3452    0]
 [3453    0]
 [3454    0]
 [3455    0]
 [3456    0]
 [3457    0]
 [3458    0]
 [3459    0]
 [3460    0]
 [3461    0]
 [3462    0]
 [3463    0]
 [3464    0]
 [3465    0]
 [3466    0]
 [3467    0]
 [3468    0]
 [3469    0]
 [3470    0]
 [3471    0]
 [3472    0]
 [3473    1]
 [3474   21]
 [3475   39]
 [3476   62]
 [3477   85]
 [3478  104]
 [3479  119]
 [3480  153]
 [3481  143]
 [3482  170]
 [3483  202]
 [3484  232]
 [3485  260]
 [3486  283]
 [3487  302]
 [3488  324]
 [3489  347]
 [3490  350]
 [3491  366]
 [3492  384]
 [3493  403]
 [3494  422]
 [3495  440]
 [3496  459]
 [3497  482]
 [3498  503]
 [3499  525]
 [3500  544]
 [3501  565]
 [3502  587]
 [3503  609]
 [3504  629]
 [3505  652]
 [3506  675]
 [3507  698]
 [3508  725]
 [3509  748]
 [3510  772]
 [3511  793]
 [3512  821]
 [3513  845]
 [3514  870]
 [3515  893]
 [3516  914]
 [3517  938]
 [3518 1040]
 [3519 1145]
 [3520 1259]
 [3521 1375]
 [3522 1498]
 [3523 1620]
 [3524 1749]
 [3525 1875]
 [3526 2005]
 [3527 2133]
 [3528 2178]
 [3529 2119]
 [3530 2053]
 [3531 2024]
 [3532 1989]
 [3533 1957]
 [3534 1921]
 [3535 1885]
 [3536 1851]
 [3537 1817]
 [3538 1789]
 [3539 1857]
 [3530 2053]
 [3531 2024]
 [3532 1989]
 [3533 1957]
 [3534 1921]
 [3535 1885]
 [3536 1851]
 [3537 1817]
 [3538 1789]
 [3539 1857]
 [3540 1923]
 [3541 1892]
 [3542 1855]
 [3543 1816]
 [3544 1772]
 [3545 1723]
 [3546 1670]
 [3547 1614]
 [3548 1555]
 [3549 1492]
 [3550 1429]
 [3551 1418]
 [3552 1411]
 [3553 1404]
 [3554 1393]
 [3555 1385]
 [3556 1376]
 [3557 1366]
 [3558 1356]
 [3559 1344]
 [3560 1334]
 [3561 1321]
 [3562 1306]
 [3563 1294]
 [3564 1279]
 [3565 1263]
 [3566 1245]
 [3567 1226]
 [3568 1207]
 [3569 1188]
 [3570 1166]
 [3571 1144]
 [3572 1118]
 [3573 1091]
 [3574 1066]
 [3575 1037]
 [3576 1004]
 [3577  973]
 [3578  938]
 [3579  902]
 [3580  852]
 [3581  813]
 [3582  751]
 [3583  683]
 [3584  596]
 [3585  492]
 [3586  373]
 [3587  235]
 [3588   81]
 [3589    0]
 [3590    0]
 [3591    0]
 [3592    0]
 [3593    0]
 [3594    0]
 [3595    0]
 [3596    0]
 [3597    0]
 [3598    0]
 [3599    0]
 [3600    0]
 [3601    0]
 [3602    0]
 [3603    0]
 [3604    0]
 [3605    0]
 [3606    0]
 [3607    0]
 [3608    0]
 [3609    0]
 [3610    0]
 [3660    0]
 [3661    0]
 [3662    0]
 [3663    0]
 [3664    0]
 [3665    0]
 [3666    0]
 [3667    0]
 [3668    0]
 [3669    0]
 [3670    0]
 [3671    0]
 [3672    0]
 [3673    0]
 [3674    0]
 [3675    0]
 [3676    0]
 [3677    0]
 [3678    0]
 [3679    0]
 [3680    0]
 [3681    0]
 [3682    0]
 [3683    0]
 [3684    0]
 [3685    0]
 [3686    0]
 [3687    0]
 [3688    0]
 [3689    0]
 [3690    0]
 [3691    0]
 [3692    0]
 [3693    0]
 [3694    0]
 [3695    0]
 [3696    0]
 [3697    0]
 [3698    0]
 [3699    0]
 [3700    0]
 [3690    0]
 [3691    0]
 [3692    0]
 [3693    0]
 [3694    0]
 [3695    0]
 [3696    0]
 [3697    0]
 [3698    0]
 [3699    0]
 [3700    0]
 [3701    0]
 [3702    0]
 [3703    0]
 [3704    0]
 [3705    0]
 [3706    0]
 [3707    0]
 [3708    0]
 [3709    0]
 [3710    0]
 [3711    0]
 [3712    0]
 [3713    0]
 [3714    0]
 [3715    0]
 [3716    0]
 [3717    0]
 [3718    0]
 [3719    0]
 [3720   46]
 [3721   30]
 [3722   59]
 [3723   86]
 [3724  115]
 [3725  140]
 [3726  161]
 [3727  174]
 [3728  193]
 [3729  212]
 [3730  204]
 [3731  220]
 [3732  237]
 [3733  253]
 [3734  272]
 [3735  290]
 [3736  311]
 [3737  331]
 [3738  350]
 [3739  371]
 [3740  392]
 [3741  414]
 [3742  435]
 [3743  458]
 [3744  481]
 [3745  503]
 [3746  527]
 [3747  550]
 [3748  571]
 [3749  593]
 [3750  617]
 [3751  638]
 [3752  661]
 [3753  685]
 [3754  709]
 [3755  735]
 [3756  755]
 [3757  775]
 [3758  858]
 [3759  943]
 [3760 1035]
 [3761 1132]
 [3762 1231]
 [3763 1335]
 [3764 1440]
 [3765 1547]
 [3766 1659]
 [3767 1773]
 [3768 1820]
 [3769 1785]
 [3770 1741]
 [3771 1717]
 [3772 1690]
 [3773 1660]
 [3774 1627]
 [3775 1597]
 [3776 1569]
 [3777 1536]
 [3778 1510]
 [3779 1564]
 [3770 1741]
 [3771 1717]
 [3772 1690]
 [3773 1660]
 [3774 1627]
 [3775 1597]
 [3776 1569]
 [3777 1536]
 [3778 1510]
 [3779 1564]
 [3780 1618]
 [3781 1606]
 [3782 1593]
 [3783 1576]
 [3784 1556]
 [3785 1531]
 [3786 1505]
 [3787 1474]
 [3788 1441]
 [3789 1406]
 [3790 1365]
 [3791 1368]
 [3792 1371]
 [3793 1373]
 [3794 1373]
 [3795 1372]
 [3796 1371]
 [3797 1371]
 [3798 1370]
 [3799 1367]
 [3800 1365]
 [3801 1360]
 [3802 1354]
 [3803 1353]
 [3804 1346]
 [3805 1341]
 [3806 1333]
 [3807 1324]
 [3808 1316]
 [3809 1304]
 [3810 1294]
 [3811 1283]
 [3812 1269]
 [3813 1254]
 [3814 1237]
 [3815 1223]
 [3816 1205]
 [3817 1187]
 [3818 1165]
 [3819 1143]
 [3820 1120]
 [3821 1098]
 [3822 1075]
 [3823 1050]
 [3824 1027]
 [3825 1007]
 [3826 1006]
 [3827 1042]
 [3828 1075]
 [3829 1095]
 [3830 1030]
 [3831  940]
 [3832  830]
 [3833  702]
 [3834  553]
 [3835  377]
 [3836  248]
 [3837  131]
 [3838   56]
 [3839    0]
 [3840    0]
 [3841    0]
 [3842    0]
 [3843    0]
 [3844    0]
 [3845    0]
 [3846    0]
 [3847    0]
 [3848    0]
 [3849    0]
 [3850    0]
 [3900    0]
 [3901    0]
 [3902    0]
 [3903    0]
 [3904    0]
 [3905    0]
 [3906    0]
 [3907    0]
 [3908    0]
 [3909    0]
 [3910    0]
 [3911    0]
 [3912    0]
 [3913    0]
 [3914    0]
 [3915    0]
 [3916    0]
 [3917    0]
 [3918    0]
 [3919    0]
 [3920    0]
 [3921    0]
 [3922    0]
 [3923    0]
 [3924    0]
 [3925    0]
 [3926    0]
 [3927    0]
 [3928    0]
 [3929    0]
 [3930    0]
 [3931    0]
 [3932    0]
 [3933    0]
 [3934    0]
 [3935    0]
 [3936    0]
 [3937    0]
 [3938    0]
 [3939    0]
 [3940    0]
 [3930    0]
 [3931    0]
 [3932    0]
 [3933    0]
 [3934    0]
 [3935    0]
 [3936    0]
 [3937    0]
 [3938    0]
 [3939    0]
 [3940    0]
 [3941    0]
 [3942    0]
 [3943    0]
 [3944    0]
 [3945    0]
 [3946    0]
 [3947    0]
 [3948    0]
 [3949    0]
 [3950    0]
 [3951    0]
 [3952    0]
 [3953    0]
 [3954    0]
 [3955    0]
 [3956    0]
 [3957    0]
 [3958    0]
 [3959    0]
 [3960    0]
 [3961    0]
 [3962    0]
 [3963    0]
 [3964    0]
 [3965    0]
 [3966    0]
 [3967    0]
 [3968    2]
 [3969   14]
 [3970    0]
 [3971   11]
 [3972   36]
 [3973   58]
 [3974   79]
 [3975  103]
 [3976  126]
 [3977  149]
 [3978  171]
 [3979  195]
 [3980  219]
 [3981  242]
 [3982  267]
 [3983  291]
 [3984  313]
 [3985  337]
 [3986  364]
 [3987  390]
 [3988  412]
 [3989  437]
 [3990  464]
 [3991  487]
 [3992  514]
 [3993  537]
 [3994  564]
 [3995  587]
 [3996  605]
 [3997  625]
 [3998  696]
 [3999  778]
 [4000  863]
 [4001  952]
 [4002 1043]
 [4003 1137]
 [4004 1235]
 [4005 1333]
 [4006 1438]
 [4007 1541]
 [4008 1590]
 [4009 1558]
 [4010 1518]
 [4011 1464]
 [4012 1405]
 [4013 1342]
 [4014 1276]
 [4015 1212]
 [4016 1143]
 [4017 1077]
 [4018 1013]
 [4019 1021]
 [4010 1518]
 [4011 1464]
 [4012 1405]
 [4013 1342]
 [4014 1276]
 [4015 1212]
 [4016 1143]
 [4017 1077]
 [4018 1013]
 [4019 1021]
 [4020 1035]
 [4021 1056]
 [4022 1076]
 [4023 1097]
 [4024 1117]
 [4025 1136]
 [4026 1151]
 [4027 1166]
 [4028 1179]
 [4029 1189]
 [4030 1195]
 [4031 1206]
 [4032 1214]
 [4033 1223]
 [4034 1228]
 [4035 1236]
 [4036 1241]
 [4037 1246]
 [4038 1252]
 [4039 1257]
 [4040 1259]
 [4041 1265]
 [4042 1266]
 [4043 1270]
 [4044 1272]
 [4045 1273]
 [4046 1275]
 [4047 1274]
 [4048 1275]
 [4049 1275]
 [4050 1272]
 [4051 1272]
 [4052 1270]
 [4053 1266]
 [4054 1265]
 [4055 1264]
 [4056 1260]
 [4057 1258]
 [4058 1257]
 [4059 1256]
 [4060 1255]
 [4061 1250]
 [4062 1247]
 [4063 1246]
 [4064 1245]
 [4065 1249]
 [4066 1178]
 [4067 1098]
 [4068 1225]
 [4069 1364]
 [4070 1516]
 [4071 1683]
 [4072 1610]
 [4073 1536]
 [4074 1459]
 [4075 1379]
 [4076 1376]]
モデル3_全員達成True_目標達成True_最低照度0_最大照度10000_最適化前照度500_最適化日数7_ステップサイズ70_J0.3247_Each_J0.1406

l_j = [[2460    0]
 [2461    0]
 [2462    0]
 [2463    0]
 [2464    0]
 [2465    0]
 [2466    0]
 [2467    0]
 [2468    0]
 [2469    0]
 [2470    0]
 [2471    0]
 [2472    0]
 [2473    0]
 [2474    0]
 [2475    0]
 [2476    0]
 [2477    0]
 [2478    0]
 [2479    0]
 [2480   25]
 [2481   67]
 [2482   97]
 [2483  121]
 [2484  124]
 [2485  127]
 [2486  147]
 [2487  189]
 [2488  210]
 [2489  231]
 [2490  249]
 [2491  270]
 [2492  291]
 [2493  307]
 [2494  331]
 [2495  353]
 [2496  355]
 [2497  358]
 [2498  377]
 [2499  395]
 [2500  415]
 [2490  249]
 [2491  270]
 [2492  291]
 [2493  307]
 [2494  331]
 [2495  353]
 [2496  355]
 [2497  358]
 [2498  377]
 [2499  395]
 [2500  415]
 [2501  429]
 [2502  445]
 [2503  464]
 [2504  471]
 [2505  479]
 [2506  488]
 [2507  502]
 [2508  514]
 [2509  529]
 [2510  543]
 [2511  547]
 [2512  576]
 [2513  607]
 [2514  641]
 [2515  676]
 [2516  713]
 [2517  752]
 [2518  792]
 [2519  828]
 [2520  826]
 [2521  854]
 [2522  860]
 [2523  860]
 [2524  861]
 [2525  861]
 [2526  858]
 [2527  858]
 [2528  856]
 [2529  856]
 [2530  895]
 [2531  918]
 [2532  938]
 [2533  958]
 [2534  977]
 [2535  998]
 [2536 1017]
 [2537 1035]
 [2538 1055]
 [2539 1072]
 [2540 1090]
 [2541 1105]
 [2542 1122]
 [2543 1140]
 [2544 1155]
 [2545 1169]
 [2546 1183]
 [2547 1197]
 [2548 1212]
 [2549 1224]
 [2550 1237]
 [2551 1247]
 [2552 1256]
 [2553 1267]
 [2554 1278]
 [2555 1286]
 [2556 1294]
 [2557 1300]
 [2558 1309]
 [2559 1379]
 [2560 1453]
 [2561 1524]
 [2562 1595]
 [2563 1665]
 [2564 1731]
 [2565 1795]
 [2566 1852]
 [2567 1907]
 [2568 1954]
 [2569 1888]
 [2570 1822]
 [2571 1822]
 [2572 1825]
 [2573 1826]
 [2574 1830]
 [2575 1832]
 [2576 1831]
 [2577 1834]
 [2578 1837]
 [2579 1880]
 [2570 1822]
 [2571 1822]
 [2572 1825]
 [2573 1826]
 [2574 1830]
 [2575 1832]
 [2576 1831]
 [2577 1834]
 [2578 1837]
 [2579 1880]
 [2580 1918]
 [2581 1824]
 [2582 1725]
 [2583 1621]
 [2584 1517]
 [2585 1410]
 [2586 1303]
 [2587 1195]
 [2588 1091]
 [2589  985]
 [2590  883]
 [2591  838]
 [2592  791]
 [2593  742]
 [2594  690]
 [2595  634]
 [2596  572]
 [2597  510]
 [2598  438]
 [2599  370]
 [2600  297]
 [2601  209]
 [2602  132]
 [2603   49]
 [2604    0]
 [2605    0]
 [2606    0]
 [2607    0]
 [2608    0]
 [2609    0]
 [2610    0]
 [2611    0]
 [2612    0]
 [2613    0]
 [2614    0]
 [2615    0]
 [2616    0]
 [2617    0]
 [2618    0]
 [2619    0]
 [2620    0]
 [2621    0]
 [2622    0]
 [2623    0]
 [2624    0]
 [2625    0]
 [2626    0]
 [2627    0]
 [2628    0]
 [2629    0]
 [2630    0]
 [2631    0]
 [2632    0]
 [2633    0]
 [2634    0]
 [2635    0]
 [2636    0]
 [2637    0]
 [2638    0]
 [2639    0]
 [2640    0]
 [2641    0]
 [2642    0]
 [2643    0]
 [2644    0]
 [2645    0]
 [2646    0]
 [2647    0]
 [2648    0]
 [2649    0]
 [2650    0]
 [2700    0]
 [2701    0]
 [2702    0]
 [2703    0]
 [2704    0]
 [2705    0]
 [2706    0]
 [2707    0]
 [2708    0]
 [2709    0]
 [2710    0]
 [2711    0]
 [2712    0]
 [2713    0]
 [2714    0]
 [2715    0]
 [2716    0]
 [2717    0]
 [2718    0]
 [2719    0]
 [2720    0]
 [2721    0]
 [2722    0]
 [2723    0]
 [2724    0]
 [2725    0]
 [2726    0]
 [2727   10]
 [2728   73]
 [2729  105]
 [2730  138]
 [2731  168]
 [2732  196]
 [2733  220]
 [2734  252]
 [2735  279]
 [2736  273]
 [2737  264]
 [2738  258]
 [2739  273]
 [2740  290]
 [2730  138]
 [2731  168]
 [2732  196]
 [2733  220]
 [2734  252]
 [2735  279]
 [2736  273]
 [2737  264]
 [2738  258]
 [2739  273]
 [2740  290]
 [2741  307]
 [2742  323]
 [2743  337]
 [2744  343]
 [2745  349]
 [2746  359]
 [2747  371]
 [2748  384]
 [2749  401]
 [2750  415]
 [2751  429]
 [2752  448]
 [2753  468]
 [2754  490]
 [2755  512]
 [2756  541]
 [2757  571]
 [2758  605]
 [2759  635]
 [2760  638]
 [2761  659]
 [2762  672]
 [2763  687]
 [2764  699]
 [2765  710]
 [2766  719]
 [2767  726]
 [2768  733]
 [2769  742]
 [2770  776]
 [2771  798]
 [2772  821]
 [2773  843]
 [2774  864]
 [2775  887]
 [2776  911]
 [2777  932]
 [2778  954]
 [2779  976]
 [2780  997]
 [2781 1019]
 [2782 1038]
 [2783 1061]
 [2784 1081]
 [2785 1101]
 [2786 1120]
 [2787 1140]
 [2788 1160]
 [2789 1179]
 [2790 1198]
 [2791 1216]
 [2792 1234]
 [2793 1249]
 [2794 1267]
 [2795 1283]
 [2796 1299]
 [2797 1317]
 [2798 1335]
 [2799 1437]
 [2800 1542]
 [2801 1649]
 [2802 1759]
 [2803 1867]
 [2804 1974]
 [2805 2076]
 [2806 2176]
 [2807 2267]
 [2808 2352]
 [2809 2273]
 [2810 2191]
 [2811 2181]
 [2812 2175]
 [2813 2168]
 [2814 2163]
 [2815 2157]
 [2816 2152]
 [2817 2148]
 [2818 2147]
 [2819 2216]
 [2810 2191]
 [2811 2181]
 [2812 2175]
 [2813 2168]
 [2814 2163]
 [2815 2157]
 [2816 2152]
 [2817 2148]
 [2818 2147]
 [2819 2216]
 [2820 2284]
 [2821 2190]
 [2822 2090]
 [2823 1985]
 [2824 1875]
 [2825 1762]
 [2826 1650]
 [2827 1535]
 [2828 1417]
 [2829 1301]
 [2830 1188]
 [2831 1150]
 [2832 1112]
 [2833 1075]
 [2834 1037]
 [2835 1000]
 [2836  960]
 [2837  921]
 [2838  882]
 [2839  840]
 [2840  797]
 [2841  750]
 [2842  687]
 [2843  622]
 [2844  556]
 [2845  494]
 [2846  421]
 [2847  292]
 [2848  210]
 [2849  118]
 [2850   27]
 [2851    0]
 [2852    0]
 [2853    0]
 [2854    0]
 [2855    0]
 [2856    0]
 [2857    0]
 [2858    0]
 [2859    0]
 [2860    0]
 [2861    0]
 [2862    0]
 [2863    0]
 [2864    0]
 [2865    0]
 [2866    0]
 [2867    0]
 [2868    0]
 [2869    0]
 [2870    0]
 [2871    0]
 [2872    0]
 [2873    0]
 [2874    0]
 [2875    0]
 [2876    0]
 [2877    0]
 [2878    0]
 [2879    0]
 [2880    0]
 [2881    0]
 [2882    0]
 [2883    0]
 [2884    0]
 [2885    0]
 [2886    0]
 [2887    0]
 [2888    0]
 [2889    0]
 [2890    0]
 [2940    0]
 [2941    0]
 [2942    0]
 [2943    0]
 [2944    0]
 [2945    0]
 [2946    0]
 [2947    0]
 [2948    0]
 [2949    0]
 [2950    0]
 [2951    0]
 [2952    0]
 [2953    0]
 [2954    0]
 [2955    0]
 [2956    0]
 [2957    0]
 [2958    0]
 [2959    0]
 [2960    0]
 [2961    0]
 [2962    0]
 [2963    0]
 [2964    0]
 [2965    0]
 [2966    0]
 [2967    0]
 [2968    0]
 [2969   23]
 [2970   58]
 [2971   88]
 [2972  117]
 [2973  140]
 [2974  173]
 [2975  203]
 [2976  185]
 [2977  170]
 [2978  153]
 [2979  168]
 [2980  183]
 [2970   58]
 [2971   88]
 [2972  117]
 [2973  140]
 [2974  173]
 [2975  203]
 [2976  185]
 [2977  170]
 [2978  153]
 [2979  168]
 [2980  183]
 [2981  197]
 [2982  211]
 [2983  223]
 [2984  225]
 [2985  228]
 [2986  237]
 [2987  246]
 [2988  258]
 [2989  271]
 [2990  289]
 [2991  313]
 [2992  324]
 [2993  338]
 [2994  353]
 [2995  371]
 [2996  391]
 [2997  417]
 [2998  440]
 [2999  464]
 [3000  476]
 [3001  482]
 [3002  503]
 [3003  522]
 [3004  542]
 [3005  556]
 [3006  571]
 [3007  580]
 [3008  591]
 [3009  604]
 [3010  628]
 [3011  650]
 [3012  672]
 [3013  692]
 [3014  714]
 [3015  737]
 [3016  758]
 [3017  780]
 [3018  803]
 [3019  827]
 [3020  849]
 [3021  872]
 [3022  894]
 [3023  916]
 [3024  940]
 [3025  964]
 [3026  985]
 [3027 1008]
 [3028 1032]
 [3029 1055]
 [3030 1077]
 [3031 1099]
 [3032 1120]
 [3033 1141]
 [3034 1164]
 [3035 1184]
 [3036 1205]
 [3037 1227]
 [3038 1249]
 [3039 1362]
 [3040 1479]
 [3041 1602]
 [3042 1724]
 [3043 1847]
 [3044 1972]
 [3045 2094]
 [3046 2216]
 [3047 2327]
 [3048 2431]
 [3049 2358]
 [3050 2276]
 [3051 2265]
 [3052 2253]
 [3053 2244]
 [3054 2232]
 [3055 2223]
 [3056 2213]
 [3057 2204]
 [3058 2204]
 [3059 2286]
 [3050 2276]
 [3051 2265]
 [3052 2253]
 [3053 2244]
 [3054 2232]
 [3055 2223]
 [3056 2213]
 [3057 2204]
 [3058 2204]
 [3059 2286]
 [3060 2364]
 [3061 2286]
 [3062 2197]
 [3063 2103]
 [3064 2007]
 [3065 1903]
 [3066 1797]
 [3067 1690]
 [3068 1580]
 [3069 1469]
 [3070 1360]
 [3071 1328]
 [3072 1300]
 [3073 1268]
 [3074 1239]
 [3075 1210]
 [3076 1181]
 [3077 1152]
 [3078 1120]
 [3079 1092]
 [3080 1058]
 [3081 1029]
 [3082  993]
 [3083  960]
 [3084  923]
 [3085  885]
 [3086  846]
 [3087  802]
 [3088  753]
 [3089  696]
 [3090  633]
 [3091  567]
 [3092  496]
 [3093  403]
 [3094  317]
 [3095  221]
 [3096  110]
 [3097    5]
 [3098    0]
 [3099    0]
 [3100    0]
 [3101    0]
 [3102    0]
 [3103    0]
 [3104    0]
 [3105    0]
 [3106    0]
 [3107    0]
 [3108    0]
 [3109    0]
 [3110    0]
 [3111    0]
 [3112    0]
 [3113    0]
 [3114    0]
 [3115    0]
 [3116    0]
 [3117    0]
 [3118    0]
 [3119    0]
 [3120    0]
 [3121    0]
 [3122    0]
 [3123    0]
 [3124    0]
 [3125    0]
 [3126    0]
 [3127    0]
 [3128    0]
 [3129    0]
 [3130    0]
 [3180    0]
 [3181    0]
 [3182    0]
 [3183    0]
 [3184    0]
 [3185    0]
 [3186    0]
 [3187    0]
 [3188    0]
 [3189    0]
 [3190    0]
 [3191    0]
 [3192    0]
 [3193    0]
 [3194    0]
 [3195    0]
 [3196    0]
 [3197    0]
 [3198    0]
 [3199    0]
 [3200    0]
 [3201    0]
 [3202    0]
 [3203    0]
 [3204    0]
 [3205    0]
 [3206    0]
 [3207    0]
 [3208    0]
 [3209    0]
 [3210    0]
 [3211    0]
 [3212    0]
 [3213    0]
 [3214    0]
 [3215    0]
 [3216    0]
 [3217    0]
 [3218    0]
 [3219    0]
 [3220   11]
 [3210    0]
 [3211    0]
 [3212    0]
 [3213    0]
 [3214    0]
 [3215    0]
 [3216    0]
 [3217    0]
 [3218    0]
 [3219    0]
 [3220   11]
 [3221   30]
 [3222   48]
 [3223   71]
 [3224   73]
 [3225   78]
 [3226   88]
 [3227   97]
 [3228  116]
 [3229  131]
 [3230  148]
 [3231  185]
 [3232  193]
 [3233  202]
 [3234  213]
 [3235  222]
 [3236  236]
 [3237  257]
 [3238  271]
 [3239  287]
 [3240  305]
 [3241  305]
 [3242  330]
 [3243  354]
 [3244  379]
 [3245  404]
 [3246  424]
 [3247  436]
 [3248  456]
 [3249  476]
 [3250  491]
 [3251  509]
 [3252  529]
 [3253  548]
 [3254  567]
 [3255  585]
 [3256  604]
 [3257  626]
 [3258  649]
 [3259  671]
 [3260  693]
 [3261  715]
 [3262  737]
 [3263  762]
 [3264  786]
 [3265  807]
 [3266  832]
 [3267  856]
 [3268  880]
 [3269  903]
 [3270  928]
 [3271  951]
 [3272  976]
 [3273  997]
 [3274 1022]
 [3275 1047]
 [3276 1067]
 [3277 1094]
 [3278 1200]
 [3279 1311]
 [3280 1429]
 [3281 1551]
 [3282 1674]
 [3283 1800]
 [3284 1926]
 [3285 2051]
 [3286 2176]
 [3287 2297]
 [3288 2327]
 [3289 2259]
 [3290 2186]
 [3291 2168]
 [3292 2151]
 [3293 2130]
 [3294 2113]
 [3295 2095]
 [3296 2080]
 [3297 2065]
 [3298 2058]
 [3299 2137]
 [3290 2186]
 [3291 2168]
 [3292 2151]
 [3293 2130]
 [3294 2113]
 [3295 2095]
 [3296 2080]
 [3297 2065]
 [3298 2058]
 [3299 2137]
 [3300 2219]
 [3301 2161]
 [3302 2097]
 [3303 2028]
 [3304 1954]
 [3305 1873]
 [3306 1790]
 [3307 1705]
 [3308 1614]
 [3309 1521]
 [3310 1429]
 [3311 1409]
 [3312 1390]
 [3313 1372]
 [3314 1352]
 [3315 1332]
 [3316 1311]
 [3317 1290]
 [3318 1271]
 [3319 1250]
 [3320 1226]
 [3321 1205]
 [3322 1182]
 [3323 1158]
 [3324 1131]
 [3325 1106]
 [3326 1078]
 [3327 1050]
 [3328 1019]
 [3329  990]
 [3330  955]
 [3331  922]
 [3332  883]
 [3333  843]
 [3334  800]
 [3335  750]
 [3336  688]
 [3337  618]
 [3338  544]
 [3339  456]
 [3340  364]
 [3341  259]
 [3342  140]
 [3343    0]
 [3344    0]
 [3345    0]
 [3346    0]
 [3347    0]
 [3348    0]
 [3349    0]
 [3350    0]
 [3351    0]
 [3352    0]
 [3353    0]
 [3354    0]
 [3355    0]
 [3356    0]
 [3357    0]
 [3358    0]
 [3359    0]
 [3360    0]
 [3361    0]
 [3362    0]
 [3363    0]
 [3364    0]
 [3365    0]
 [3366    0]
 [3367    0]
 [3368    0]
 [3369    0]
 [3370    0]
 [3420    0]
 [3421    0]
 [3422    0]
 [3423    0]
 [3424    0]
 [3425    0]
 [3426    0]
 [3427    0]
 [3428    0]
 [3429    0]
 [3430    0]
 [3431    0]
 [3432    0]
 [3433    0]
 [3434    0]
 [3435    0]
 [3436    0]
 [3437    0]
 [3438    0]
 [3439    0]
 [3440    0]
 [3441    0]
 [3442    0]
 [3443    0]
 [3444    0]
 [3445    0]
 [3446    0]
 [3447    0]
 [3448    0]
 [3449    0]
 [3450    0]
 [3451    0]
 [3452    0]
 [3453    0]
 [3454    0]
 [3455    0]
 [3456    0]
 [3457    0]
 [3458    0]
 [3459    0]
 [3460    0]
 [3450    0]
 [3451    0]
 [3452    0]
 [3453    0]
 [3454    0]
 [3455    0]
 [3456    0]
 [3457    0]
 [3458    0]
 [3459    0]
 [3460    0]
 [3461    0]
 [3462    0]
 [3463    0]
 [3464    0]
 [3465    0]
 [3466    0]
 [3467    0]
 [3468    6]
 [3469   27]
 [3470   47]
 [3471   91]
 [3472   98]
 [3473  104]
 [3474  110]
 [3475  120]
 [3476  131]
 [3477  151]
 [3478  162]
 [3479  172]
 [3480  200]
 [3481  189]
 [3482  215]
 [3483  238]
 [3484  264]
 [3485  290]
 [3486  311]
 [3487  323]
 [3488  342]
 [3489  362]
 [3490  367]
 [3491  383]
 [3492  397]
 [3493  414]
 [3494  433]
 [3495  451]
 [3496  469]
 [3497  490]
 [3498  511]
 [3499  529]
 [3500  551]
 [3501  572]
 [3502  593]
 [3503  613]
 [3504  633]
 [3505  655]
 [3506  677]
 [3507  700]
 [3508  724]
 [3509  748]
 [3510  772]
 [3511  795]
 [3512  818]
 [3513  843]
 [3514  866]
 [3515  893]
 [3516  911]
 [3517  933]
 [3518 1026]
 [3519 1124]
 [3520 1224]
 [3521 1331]
 [3522 1438]
 [3523 1552]
 [3524 1663]
 [3525 1777]
 [3526 1895]
 [3527 2009]
 [3528 2051]
 [3529 2002]
 [3530 1948]
 [3531 1936]
 [3532 1922]
 [3533 1908]
 [3534 1893]
 [3535 1878]
 [3536 1863]
 [3537 1853]
 [3538 1846]
 [3539 1919]
 [3530 1948]
 [3531 1936]
 [3532 1922]
 [3533 1908]
 [3534 1893]
 [3535 1878]
 [3536 1863]
 [3537 1853]
 [3538 1846]
 [3539 1919]
 [3540 1993]
 [3541 1957]
 [3542 1915]
 [3543 1868]
 [3544 1817]
 [3545 1762]
 [3546 1702]
 [3547 1639]
 [3548 1570]
 [3549 1501]
 [3550 1432]
 [3551 1421]
 [3552 1412]
 [3553 1402]
 [3554 1392]
 [3555 1382]
 [3556 1372]
 [3557 1360]
 [3558 1351]
 [3559 1338]
 [3560 1324]
 [3561 1313]
 [3562 1299]
 [3563 1284]
 [3564 1268]
 [3565 1252]
 [3566 1235]
 [3567 1217]
 [3568 1197]
 [3569 1176]
 [3570 1156]
 [3571 1133]
 [3572 1109]
 [3573 1083]
 [3574 1057]
 [3575 1028]
 [3576  997]
 [3577  966]
 [3578  935]
 [3579  900]
 [3580  866]
 [3581  858]
 [3582  808]
 [3583  747]
 [3584  669]
 [3585  584]
 [3586  475]
 [3587  351]
 [3588  213]
 [3589   59]
 [3590    0]
 [3591    0]
 [3592    0]
 [3593    0]
 [3594    0]
 [3595    0]
 [3596    0]
 [3597    0]
 [3598    0]
 [3599    0]
 [3600    0]
 [3601    0]
 [3602    0]
 [3603    0]
 [3604    0]
 [3605    0]
 [3606    0]
 [3607    0]
 [3608    0]
 [3609    0]
 [3610    0]
 [3660    0]
 [3661    0]
 [3662    0]
 [3663    0]
 [3664    0]
 [3665    0]
 [3666    0]
 [3667    0]
 [3668    0]
 [3669    0]
 [3670    0]
 [3671    0]
 [3672    0]
 [3673    0]
 [3674    0]
 [3675    0]
 [3676    0]
 [3677    0]
 [3678    0]
 [3679    0]
 [3680    0]
 [3681    0]
 [3682    0]
 [3683    0]
 [3684    0]
 [3685    0]
 [3686    0]
 [3687    0]
 [3688    0]
 [3689    0]
 [3690    0]
 [3691    0]
 [3692    0]
 [3693    0]
 [3694    0]
 [3695    0]
 [3696    0]
 [3697    0]
 [3698    0]
 [3699    0]
 [3700    0]
 [3690    0]
 [3691    0]
 [3692    0]
 [3693    0]
 [3694    0]
 [3695    0]
 [3696    0]
 [3697    0]
 [3698    0]
 [3699    0]
 [3700    0]
 [3701    0]
 [3702    0]
 [3703    0]
 [3704    0]
 [3705    0]
 [3706    0]
 [3707    0]
 [3708    0]
 [3709    0]
 [3710    0]
 [3711    0]
 [3712    0]
 [3713    0]
 [3714    0]
 [3715    0]
 [3716   12]
 [3717   42]
 [3718   59]
 [3719   75]
 [3720  109]
 [3721   92]
 [3722  119]
 [3723  142]
 [3724  166]
 [3725  190]
 [3726  207]
 [3727  215]
 [3728  231]
 [3729  248]
 [3730  241]
 [3731  256]
 [3732  271]
 [3733  284]
 [3734  300]
 [3735  319]
 [3736  337]
 [3737  354]
 [3738  372]
 [3739  390]
 [3740  412]
 [3741  432]
 [3742  451]
 [3743  472]
 [3744  493]
 [3745  513]
 [3746  535]
 [3747  559]
 [3748  582]
 [3749  604]
 [3750  626]
 [3751  648]
 [3752  668]
 [3753  691]
 [3754  715]
 [3755  740]
 [3756  758]
 [3757  777]
 [3758  853]
 [3759  935]
 [3760 1017]
 [3761 1106]
 [3762 1197]
 [3763 1292]
 [3764 1388]
 [3765 1485]
 [3766 1588]
 [3767 1691]
 [3768 1734]
 [3769 1705]
 [3770 1670]
 [3771 1657]
 [3772 1644]
 [3773 1630]
 [3774 1616]
 [3775 1600]
 [3776 1586]
 [3777 1574]
 [3778 1565]
 [3779 1624]
 [3770 1670]
 [3771 1657]
 [3772 1644]
 [3773 1630]
 [3774 1616]
 [3775 1600]
 [3776 1586]
 [3777 1574]
 [3778 1565]
 [3779 1624]
 [3780 1686]
 [3781 1671]
 [3782 1652]
 [3783 1630]
 [3784 1604]
 [3785 1575]
 [3786 1541]
 [3787 1503]
 [3788 1463]
 [3789 1419]
 [3790 1373]
 [3791 1375]
 [3792 1374]
 [3793 1375]
 [3794 1373]
 [3795 1373]
 [3796 1371]
 [3797 1370]
 [3798 1367]
 [3799 1365]
 [3800 1361]
 [3801 1357]
 [3802 1353]
 [3803 1346]
 [3804 1341]
 [3805 1334]
 [3806 1325]
 [3807 1318]
 [3808 1308]
 [3809 1298]
 [3810 1286]
 [3811 1273]
 [3812 1260]
 [3813 1245]
 [3814 1230]
 [3815 1215]
 [3816 1194]
 [3817 1175]
 [3818 1155]
 [3819 1132]
 [3820 1109]
 [3821 1085]
 [3822 1061]
 [3823 1037]
 [3824 1014]
 [3825  999]
 [3826 1010]
 [3827 1053]
 [3828 1066]
 [3829 1010]
 [3830  940]
 [3831  849]
 [3832  737]
 [3833  606]
 [3834  451]
 [3835  274]
 [3836  141]
 [3837   64]
 [3838    0]
 [3839    0]
 [3840    0]
 [3841    0]
 [3842    0]
 [3843    0]
 [3844    0]
 [3845    0]
 [3846    0]
 [3847    0]
 [3848    0]
 [3849    0]
 [3850    0]
 [3900    0]
 [3901    0]
 [3902    0]
 [3903    0]
 [3904    0]
 [3905    0]
 [3906    0]
 [3907    0]
 [3908    0]
 [3909    0]
 [3910    0]
 [3911    0]
 [3912    0]
 [3913    0]
 [3914    0]
 [3915    0]
 [3916    0]
 [3917    0]
 [3918    0]
 [3919    0]
 [3920    0]
 [3921    0]
 [3922    0]
 [3923    0]
 [3924    0]
 [3925    0]
 [3926    0]
 [3927    0]
 [3928    0]
 [3929    0]
 [3930    0]
 [3931    0]
 [3932    0]
 [3933    0]
 [3934    0]
 [3935    0]
 [3936    0]
 [3937    0]
 [3938    0]
 [3939    0]
 [3940    0]
 [3930    0]
 [3931    0]
 [3932    0]
 [3933    0]
 [3934    0]
 [3935    0]
 [3936    0]
 [3937    0]
 [3938    0]
 [3939    0]
 [3940    0]
 [3941    0]
 [3942    0]
 [3943    0]
 [3944    0]
 [3945    0]
 [3946    0]
 [3947    0]
 [3948    0]
 [3949    0]
 [3950    0]
 [3951    0]
 [3952    0]
 [3953    0]
 [3954    0]
 [3955    0]
 [3956    0]
 [3957    0]
 [3958    0]
 [3959    0]
 [3960    0]
 [3961    0]
 [3962    0]
 [3963    0]
 [3964   13]
 [3965   36]
 [3966   48]
 [3967   49]
 [3968   64]
 [3969   80]
 [3970   64]
 [3971   79]
 [3972   94]
 [3973  113]
 [3974  130]
 [3975  149]
 [3976  168]
 [3977  189]
 [3978  210]
 [3979  230]
 [3980  251]
 [3981  271]
 [3982  294]
 [3983  316]
 [3984  336]
 [3985  359]
 [3986  382]
 [3987  406]
 [3988  429]
 [3989  452]
 [3990  476]
 [3991  501]
 [3992  524]
 [3993  548]
 [3994  572]
 [3995  597]
 [3996  614]
 [3997  631]
 [3998  699]
 [3999  772]
 [4000  850]
 [4001  931]
 [4002 1014]
 [4003 1100]
 [4004 1189]
 [4005 1277]
 [4006 1375]
 [4007 1471]
 [4008 1515]
 [4009 1490]
 [4010 1460]
 [4011 1423]
 [4012 1383]
 [4013 1343]
 [4014 1299]
 [4015 1256]
 [4016 1214]
 [4017 1170]
 [4018 1129]
 [4019 1155]
 [4010 1460]
 [4011 1423]
 [4012 1383]
 [4013 1343]
 [4014 1299]
 [4015 1256]
 [4016 1214]
 [4017 1170]
 [4018 1129]
 [4019 1155]
 [4020 1184]
 [4021 1198]
 [4022 1208]
 [4023 1221]
 [4024 1230]
 [4025 1237]
 [4026 1240]
 [4027 1243]
 [4028 1241]
 [4029 1238]
 [4030 1232]
 [4031 1241]
 [4032 1249]
 [4033 1256]
 [4034 1264]
 [4035 1270]
 [4036 1278]
 [4037 1284]
 [4038 1290]
 [4039 1296]
 [4040 1300]
 [4041 1301]
 [4042 1306]
 [4043 1309]
 [4044 1311]
 [4045 1312]
 [4046 1313]
 [4047 1313]
 [4048 1313]
 [4049 1311]
 [4050 1311]
 [4051 1310]
 [4052 1306]
 [4053 1304]
 [4054 1301]
 [4055 1297]
 [4056 1295]
 [4057 1290]
 [4058 1286]
 [4059 1281]
 [4060 1276]
 [4061 1268]
 [4062 1259]
 [4063 1254]
 [4064 1249]
 [4065 1245]
 [4066 1184]
 [4067 1115]
 [4068 1213]
 [4069 1314]
 [4070 1423]
 [4071 1535]
 [4072 1464]
 [4073 1389]
 [4074 1319]
 [4075 1244]
 [4076 1226]]
モデル3_全員達成True_目標達成True_最低照度0_最大照度10000_最適化前照度500_最適化日数7_ステップサイズ80_J0.3054_Each_J0.1370

l_j = [[2460    0]
 [2461    0]
 [2462    0]
 [2463    0]
 [2464    0]
 [2465    0]
 [2466    0]
 [2467    0]
 [2468    0]
 [2469    0]
 [2470    0]
 [2471    0]
 [2472    0]
 [2473    0]
 [2474    0]
 [2475    0]
 [2476    0]
 [2477    0]
 [2478    0]
 [2479    0]
 [2480    0]
 [2481    0]
 [2482   48]
 [2483   82]
 [2484   77]
 [2485   70]
 [2486   87]
 [2487  134]
 [2488  162]
 [2489  186]
 [2490  212]
 [2491  241]
 [2492  265]
 [2493  287]
 [2494  315]
 [2495  342]
 [2496  346]
 [2497  349]
 [2498  368]
 [2499  389]
 [2500  410]
 [2490  212]
 [2491  241]
 [2492  265]
 [2493  287]
 [2494  315]
 [2495  342]
 [2496  346]
 [2497  349]
 [2498  368]
 [2499  389]
 [2500  410]
 [2501  429]
 [2502  445]
 [2503  464]
 [2504  475]
 [2505  488]
 [2506  506]
 [2507  515]
 [2508  533]
 [2509  548]
 [2510  567]
 [2511  569]
 [2512  607]
 [2513  645]
 [2514  687]
 [2515  731]
 [2516  778]
 [2517  827]
 [2518  875]
 [2519  924]
 [2520  919]
 [2521  951]
 [2522  954]
 [2523  952]
 [2524  951]
 [2525  944]
 [2526  939]
 [2527  933]
 [2528  929]
 [2529  924]
 [2530  970]
 [2531  990]
 [2532 1013]
 [2533 1038]
 [2534 1059]
 [2535 1079]
 [2536 1101]
 [2537 1121]
 [2538 1141]
 [2539 1159]
 [2540 1178]
 [2541 1199]
 [2542 1216]
 [2543 1233]
 [2544 1249]
 [2545 1266]
 [2546 1282]
 [2547 1297]
 [2548 1311]
 [2549 1324]
 [2550 1337]
 [2551 1347]
 [2552 1360]
 [2553 1370]
 [2554 1381]
 [2555 1389]
 [2556 1400]
 [2557 1410]
 [2558 1422]
 [2559 1516]
 [2560 1611]
 [2561 1705]
 [2562 1801]
 [2563 1892]
 [2564 1980]
 [2565 2064]
 [2566 2141]
 [2567 2209]
 [2568 2268]
 [2569 2180]
 [2570 2086]
 [2571 2062]
 [2572 2035]
 [2573 2010]
 [2574 1983]
 [2575 1957]
 [2576 1936]
 [2577 1914]
 [2578 1893]
 [2579 1930]
 [2570 2086]
 [2571 2062]
 [2572 2035]
 [2573 2010]
 [2574 1983]
 [2575 1957]
 [2576 1936]
 [2577 1914]
 [2578 1893]
 [2579 1930]
 [2580 1963]
 [2581 1864]
 [2582 1763]
 [2583 1657]
 [2584 1547]
 [2585 1436]
 [2586 1327]
 [2587 1213]
 [2588 1101]
 [2589  986]
 [2590  875]
 [2591  813]
 [2592  745]
 [2593  649]
 [2594  571]
 [2595  495]
 [2596  402]
 [2597  320]
 [2598  227]
 [2599  140]
 [2600   50]
 [2601    0]
 [2602    0]
 [2603    0]
 [2604    0]
 [2605    0]
 [2606    0]
 [2607    0]
 [2608    0]
 [2609    0]
 [2610    0]
 [2611    0]
 [2612    0]
 [2613    0]
 [2614    0]
 [2615    0]
 [2616    0]
 [2617    0]
 [2618    0]
 [2619    0]
 [2620    0]
 [2621    0]
 [2622    0]
 [2623    0]
 [2624    0]
 [2625    0]
 [2626    0]
 [2627    0]
 [2628    0]
 [2629    0]
 [2630    0]
 [2631    0]
 [2632    0]
 [2633    0]
 [2634    0]
 [2635    0]
 [2636    0]
 [2637    0]
 [2638    0]
 [2639    0]
 [2640    0]
 [2641    0]
 [2642    0]
 [2643    0]
 [2644    0]
 [2645    0]
 [2646    0]
 [2647    0]
 [2648    0]
 [2649    0]
 [2650    0]
 [2700    0]
 [2701    0]
 [2702    0]
 [2703    0]
 [2704    0]
 [2705    0]
 [2706    0]
 [2707    0]
 [2708    0]
 [2709    0]
 [2710    0]
 [2711    0]
 [2712    0]
 [2713    0]
 [2714    0]
 [2715    0]
 [2716    0]
 [2717    0]
 [2718    0]
 [2719    0]
 [2720    0]
 [2721    0]
 [2722    0]
 [2723    0]
 [2724    0]
 [2725    0]
 [2726    0]
 [2727    0]
 [2728    8]
 [2729   43]
 [2730   77]
 [2731  110]
 [2732  144]
 [2733  173]
 [2734  208]
 [2735  239]
 [2736  230]
 [2737  221]
 [2738  214]
 [2739  233]
 [2740  253]
 [2730   77]
 [2731  110]
 [2732  144]
 [2733  173]
 [2734  208]
 [2735  239]
 [2736  230]
 [2737  221]
 [2738  214]
 [2739  233]
 [2740  253]
 [2741  270]
 [2742  284]
 [2743  305]
 [2744  315]
 [2745  324]
 [2746  341]
 [2747  355]
 [2748  370]
 [2749  389]
 [2750  409]
 [2751  423]
 [2752  446]
 [2753  469]
 [2754  492]
 [2755  522]
 [2756  554]
 [2757  591]
 [2758  625]
 [2759  661]
 [2760  666]
 [2761  689]
 [2762  705]
 [2763  721]
 [2764  735]
 [2765  747]
 [2766  760]
 [2767  768]
 [2768  777]
 [2769  786]
 [2770  825]
 [2771  853]
 [2772  876]
 [2773  903]
 [2774  928]
 [2775  953]
 [2776  976]
 [2777 1002]
 [2778 1028]
 [2779 1050]
 [2780 1077]
 [2781 1097]
 [2782 1121]
 [2783 1145]
 [2784 1168]
 [2785 1191]
 [2786 1214]
 [2787 1235]
 [2788 1256]
 [2789 1279]
 [2790 1299]
 [2791 1318]
 [2792 1336]
 [2793 1354]
 [2794 1373]
 [2795 1392]
 [2796 1414]
 [2797 1438]
 [2798 1462]
 [2799 1596]
 [2800 1734]
 [2801 1877]
 [2802 2018]
 [2803 2162]
 [2804 2303]
 [2805 2438]
 [2806 2565]
 [2807 2682]
 [2808 2788]
 [2809 2679]
 [2810 2563]
 [2811 2518]
 [2812 2475]
 [2813 2427]
 [2814 2382]
 [2815 2337]
 [2816 2292]
 [2817 2255]
 [2818 2220]
 [2819 2284]
 [2810 2563]
 [2811 2518]
 [2812 2475]
 [2813 2427]
 [2814 2382]
 [2815 2337]
 [2816 2292]
 [2817 2255]
 [2818 2220]
 [2819 2284]
 [2820 2340]
 [2821 2245]
 [2822 2144]
 [2823 2036]
 [2824 1928]
 [2825 1816]
 [2826 1702]
 [2827 1586]
 [2828 1472]
 [2829 1352]
 [2830 1237]
 [2831 1194]
 [2832 1152]
 [2833 1110]
 [2834 1067]
 [2835 1024]
 [2836  977]
 [2837  931]
 [2838  881]
 [2839  826]
 [2840  755]
 [2841  683]
 [2842  609]
 [2843  527]
 [2844  447]
 [2845  359]
 [2846  256]
 [2847  157]
 [2848   51]
 [2849    0]
 [2850    0]
 [2851    0]
 [2852    0]
 [2853    0]
 [2854    0]
 [2855    0]
 [2856    0]
 [2857    0]
 [2858    0]
 [2859    0]
 [2860    0]
 [2861    0]
 [2862    0]
 [2863    0]
 [2864    0]
 [2865    0]
 [2866    0]
 [2867    0]
 [2868    0]
 [2869    0]
 [2870    0]
 [2871    0]
 [2872    0]
 [2873    0]
 [2874    0]
 [2875    0]
 [2876    0]
 [2877    0]
 [2878    0]
 [2879    0]
 [2880    0]
 [2881    0]
 [2882    0]
 [2883    0]
 [2884    0]
 [2885    0]
 [2886    0]
 [2887    0]
 [2888    0]
 [2889    0]
 [2890    0]
 [2940    0]
 [2941    0]
 [2942    0]
 [2943    0]
 [2944    0]
 [2945    0]
 [2946    0]
 [2947    0]
 [2948    0]
 [2949    0]
 [2950    0]
 [2951    0]
 [2952    0]
 [2953    0]
 [2954    0]
 [2955    0]
 [2956    0]
 [2957    0]
 [2958    0]
 [2959    0]
 [2960    0]
 [2961    0]
 [2962   26]
 [2963   56]
 [2964   31]
 [2965    0]
 [2966    0]
 [2967    0]
 [2968    0]
 [2969    0]
 [2970    0]
 [2971    0]
 [2972   18]
 [2973   42]
 [2974   72]
 [2975   96]
 [2976   73]
 [2977   52]
 [2978   32]
 [2979   56]
 [2980   78]
 [2970    0]
 [2971    0]
 [2972   18]
 [2973   42]
 [2974   72]
 [2975   96]
 [2976   73]
 [2977   52]
 [2978   32]
 [2979   56]
 [2980   78]
 [2981   98]
 [2982  115]
 [2983  135]
 [2984  145]
 [2985  157]
 [2986  169]
 [2987  183]
 [2988  200]
 [2989  219]
 [2990  242]
 [2991  270]
 [2992  288]
 [2993  303]
 [2994  324]
 [2995  345]
 [2996  368]
 [2997  399]
 [2998  426]
 [2999  451]
 [3000  464]
 [3001  474]
 [3002  499]
 [3003  521]
 [3004  543]
 [3005  560]
 [3006  576]
 [3007  591]
 [3008  606]
 [3009  623]
 [3010  652]
 [3011  675]
 [3012  701]
 [3013  724]
 [3014  748]
 [3015  774]
 [3016  801]
 [3017  825]
 [3018  851]
 [3019  876]
 [3020  904]
 [3021  929]
 [3022  957]
 [3023  982]
 [3024 1007]
 [3025 1032]
 [3026 1058]
 [3027 1085]
 [3028 1111]
 [3029 1137]
 [3030 1162]
 [3031 1187]
 [3032 1211]
 [3033 1235]
 [3034 1257]
 [3035 1283]
 [3036 1308]
 [3037 1337]
 [3038 1366]
 [3039 1512]
 [3040 1665]
 [3041 1824]
 [3042 1983]
 [3043 2148]
 [3044 2309]
 [3045 2467]
 [3046 2621]
 [3047 2763]
 [3048 2894]
 [3049 2792]
 [3050 2677]
 [3051 2630]
 [3052 2581]
 [3053 2529]
 [3054 2478]
 [3055 2426]
 [3056 2374]
 [3057 2330]
 [3058 2291]
 [3059 2363]
 [3050 2677]
 [3051 2630]
 [3052 2581]
 [3053 2529]
 [3054 2478]
 [3055 2426]
 [3056 2374]
 [3057 2330]
 [3058 2291]
 [3059 2363]
 [3060 2434]
 [3061 2353]
 [3062 2264]
 [3063 2171]
 [3064 2075]
 [3065 1973]
 [3066 1870]
 [3067 1761]
 [3068 1653]
 [3069 1545]
 [3070 1435]
 [3071 1400]
 [3072 1369]
 [3073 1335]
 [3074 1301]
 [3075 1268]
 [3076 1231]
 [3077 1201]
 [3078 1165]
 [3079 1129]
 [3080 1090]
 [3081 1052]
 [3082 1013]
 [3083  971]
 [3084  922]
 [3085  872]
 [3086  806]
 [3087  737]
 [3088  658]
 [3089  569]
 [3090  479]
 [3091  389]
 [3092  292]
 [3093  187]
 [3094   74]
 [3095    0]
 [3096    0]
 [3097    0]
 [3098    0]
 [3099    0]
 [3100    0]
 [3101    0]
 [3102    0]
 [3103    0]
 [3104    0]
 [3105    0]
 [3106    0]
 [3107    0]
 [3108    0]
 [3109    0]
 [3110    0]
 [3111    0]
 [3112    0]
 [3113    0]
 [3114    0]
 [3115    0]
 [3116    0]
 [3117    0]
 [3118    0]
 [3119    0]
 [3120    0]
 [3121    0]
 [3122    0]
 [3123    0]
 [3124    0]
 [3125    0]
 [3126    0]
 [3127    0]
 [3128    0]
 [3129    0]
 [3130    0]
 [3180    0]
 [3181    0]
 [3182    0]
 [3183    0]
 [3184    0]
 [3185    0]
 [3186    0]
 [3187    0]
 [3188    0]
 [3189    0]
 [3190    0]
 [3191    0]
 [3192    0]
 [3193    0]
 [3194    0]
 [3195    0]
 [3196    0]
 [3197    0]
 [3198    0]
 [3199    0]
 [3200    0]
 [3201    0]
 [3202    0]
 [3203    0]
 [3204    0]
 [3205    0]
 [3206    0]
 [3207    0]
 [3208    0]
 [3209    0]
 [3210    0]
 [3211    0]
 [3212    0]
 [3213    0]
 [3214    0]
 [3215    0]
 [3216    0]
 [3217    0]
 [3218    0]
 [3219    0]
 [3220    0]
 [3210    0]
 [3211    0]
 [3212    0]
 [3213    0]
 [3214    0]
 [3215    0]
 [3216    0]
 [3217    0]
 [3218    0]
 [3219    0]
 [3220    0]
 [3221    0]
 [3222    0]
 [3223    0]
 [3224    0]
 [3225    0]
 [3226    0]
 [3227    0]
 [3228    0]
 [3229    0]
 [3230   10]
 [3231   65]
 [3232   86]
 [3233  105]
 [3234  125]
 [3235  143]
 [3236  168]
 [3237  188]
 [3238  211]
 [3239  230]
 [3240  259]
 [3241  258]
 [3242  289]
 [3243  319]
 [3244  351]
 [3245  380]
 [3246  404]
 [3247  427]
 [3248  452]
 [3249  473]
 [3250  490]
 [3251  512]
 [3252  532]
 [3253  554]
 [3254  577]
 [3255  598]
 [3256  620]
 [3257  645]
 [3258  671]
 [3259  696]
 [3260  722]
 [3261  746]
 [3262  775]
 [3263  799]
 [3264  826]
 [3265  852]
 [3266  880]
 [3267  907]
 [3268  935]
 [3269  960]
 [3270  989]
 [3271 1014]
 [3272 1043]
 [3273 1069]
 [3274 1095]
 [3275 1124]
 [3276 1148]
 [3277 1179]
 [3278 1314]
 [3279 1456]
 [3280 1603]
 [3281 1756]
 [3282 1914]
 [3283 2074]
 [3284 2232]
 [3285 2391]
 [3286 2549]
 [3287 2697]
 [3288 2735]
 [3289 2646]
 [3290 2546]
 [3291 2500]
 [3292 2451]
 [3293 2397]
 [3294 2347]
 [3295 2295]
 [3296 2242]
 [3297 2195]
 [3298 2154]
 [3299 2229]
 [3290 2546]
 [3291 2500]
 [3292 2451]
 [3293 2397]
 [3294 2347]
 [3295 2295]
 [3296 2242]
 [3297 2195]
 [3298 2154]
 [3299 2229]
 [3300 2302]
 [3301 2245]
 [3302 2182]
 [3303 2112]
 [3304 2040]
 [3305 1960]
 [3306 1877]
 [3307 1794]
 [3308 1707]
 [3309 1617]
 [3310 1526]
 [3311 1505]
 [3312 1482]
 [3313 1460]
 [3314 1438]
 [3315 1416]
 [3316 1394]
 [3317 1368]
 [3318 1344]
 [3319 1320]
 [3320 1294]
 [3321 1268]
 [3322 1238]
 [3323 1210]
 [3324 1182]
 [3325 1149]
 [3326 1117]
 [3327 1081]
 [3328 1045]
 [3329 1007]
 [3330  964]
 [3331  916]
 [3332  865]
 [3333  799]
 [3334  730]
 [3335  658]
 [3336  570]
 [3337  481]
 [3338  381]
 [3339  270]
 [3340  150]
 [3341   17]
 [3342    0]
 [3343    0]
 [3344    0]
 [3345    0]
 [3346    0]
 [3347    0]
 [3348    0]
 [3349    0]
 [3350    0]
 [3351    0]
 [3352    0]
 [3353    0]
 [3354    0]
 [3355    0]
 [3356    0]
 [3357    0]
 [3358    0]
 [3359    0]
 [3360    0]
 [3361    0]
 [3362    0]
 [3363    0]
 [3364    0]
 [3365    0]
 [3366    0]
 [3367    0]
 [3368    0]
 [3369    0]
 [3370    0]
 [3420    0]
 [3421    0]
 [3422    0]
 [3423    0]
 [3424    0]
 [3425    0]
 [3426    0]
 [3427    0]
 [3428    0]
 [3429    0]
 [3430    0]
 [3431    0]
 [3432    0]
 [3433    0]
 [3434    0]
 [3435    0]
 [3436    0]
 [3437    0]
 [3438    0]
 [3439    0]
 [3440    0]
 [3441    0]
 [3442    0]
 [3443    0]
 [3444    0]
 [3445    0]
 [3446    0]
 [3447    0]
 [3448    0]
 [3449    0]
 [3450    0]
 [3451    0]
 [3452    0]
 [3453    0]
 [3454    0]
 [3455    0]
 [3456    0]
 [3457    0]
 [3458    0]
 [3459    0]
 [3460    0]
 [3450    0]
 [3451    0]
 [3452    0]
 [3453    0]
 [3454    0]
 [3455    0]
 [3456    0]
 [3457    0]
 [3458    0]
 [3459    0]
 [3460    0]
 [3461    0]
 [3462    0]
 [3463    0]
 [3464    0]
 [3465    0]
 [3466    0]
 [3467    0]
 [3468    0]
 [3469    0]
 [3470    0]
 [3471    0]
 [3472    0]
 [3473    0]
 [3474    0]
 [3475    0]
 [3476    7]
 [3477   39]
 [3478   63]
 [3479   82]
 [3480  126]
 [3481  118]
 [3482  149]
 [3483  182]
 [3484  215]
 [3485  246]
 [3486  270]
 [3487  292]
 [3488  317]
 [3489  344]
 [3490  348]
 [3491  363]
 [3492  383]
 [3493  403]
 [3494  424]
 [3495  446]
 [3496  469]
 [3497  491]
 [3498  514]
 [3499  532]
 [3500  557]
 [3501  581]
 [3502  604]
 [3503  629]
 [3504  652]
 [3505  675]
 [3506  701]
 [3507  730]
 [3508  754]
 [3509  781]
 [3510  809]
 [3511  836]
 [3512  864]
 [3513  890]
 [3514  918]
 [3515  947]
 [3516  969]
 [3517  994]
 [3518 1104]
 [3519 1220]
 [3520 1344]
 [3521 1473]
 [3522 1605]
 [3523 1740]
 [3524 1880]
 [3525 2020]
 [3526 2161]
 [3527 2301]
 [3528 2349]
 [3529 2289]
 [3530 2222]
 [3531 2190]
 [3532 2159]
 [3533 2121]
 [3534 2084]
 [3535 2045]
 [3536 2006]
 [3537 1969]
 [3538 1939]
 [3539 2009]
 [3530 2222]
 [3531 2190]
 [3532 2159]
 [3533 2121]
 [3534 2084]
 [3535 2045]
 [3536 2006]
 [3537 1969]
 [3538 1939]
 [3539 2009]
 [3540 2082]
 [3541 2046]
 [3542 2003]
 [3543 1957]
 [3544 1908]
 [3545 1853]
 [3546 1794]
 [3547 1734]
 [3548 1671]
 [3549 1602]
 [3550 1532]
 [3551 1524]
 [3552 1513]
 [3553 1503]
 [3554 1492]
 [3555 1481]
 [3556 1470]
 [3557 1455]
 [3558 1442]
 [3559 1427]
 [3560 1413]
 [3561 1397]
 [3562 1378]
 [3563 1362]
 [3564 1345]
 [3565 1322]
 [3566 1303]
 [3567 1279]
 [3568 1255]
 [3569 1232]
 [3570 1205]
 [3571 1177]
 [3572 1148]
 [3573 1114]
 [3574 1082]
 [3575 1048]
 [3576 1010]
 [3577  970]
 [3578  923]
 [3579  871]
 [3580  813]
 [3581  755]
 [3582  680]
 [3583  593]
 [3584  493]
 [3585  382]
 [3586  244]
 [3587   91]
 [3588    0]
 [3589    0]
 [3590    0]
 [3591    0]
 [3592    0]
 [3593    0]
 [3594    0]
 [3595    0]
 [3596    0]
 [3597    0]
 [3598    0]
 [3599    0]
 [3600    0]
 [3601    0]
 [3602    0]
 [3603    0]
 [3604    0]
 [3605    0]
 [3606    0]
 [3607    0]
 [3608    0]
 [3609    0]
 [3610    0]
 [3660    0]
 [3661    0]
 [3662    0]
 [3663    0]
 [3664    0]
 [3665    0]
 [3666    0]
 [3667    0]
 [3668    0]
 [3669    0]
 [3670    0]
 [3671    0]
 [3672    0]
 [3673    0]
 [3674    0]
 [3675    0]
 [3676    0]
 [3677    0]
 [3678    0]
 [3679    0]
 [3680    0]
 [3681    0]
 [3682    0]
 [3683    0]
 [3684    0]
 [3685    0]
 [3686    0]
 [3687    0]
 [3688    0]
 [3689    0]
 [3690    0]
 [3691    0]
 [3692    0]
 [3693    0]
 [3694    0]
 [3695    0]
 [3696    0]
 [3697    0]
 [3698    0]
 [3699    0]
 [3700    0]
 [3690    0]
 [3691    0]
 [3692    0]
 [3693    0]
 [3694    0]
 [3695    0]
 [3696    0]
 [3697    0]
 [3698    0]
 [3699    0]
 [3700    0]
 [3701    0]
 [3702    0]
 [3703    0]
 [3704    0]
 [3705    0]
 [3706    0]
 [3707    0]
 [3708    0]
 [3709    0]
 [3710    0]
 [3711    0]
 [3712    0]
 [3713    0]
 [3714    0]
 [3715    0]
 [3716    0]
 [3717    0]
 [3718    0]
 [3719    0]
 [3720    1]
 [3721    0]
 [3722   24]
 [3723   56]
 [3724   90]
 [3725  119]
 [3726  137]
 [3727  160]
 [3728  181]
 [3729  204]
 [3730  189]
 [3731  207]
 [3732  225]
 [3733  247]
 [3734  267]
 [3735  288]
 [3736  311]
 [3737  331]
 [3738  354]
 [3739  378]
 [3740  401]
 [3741  423]
 [3742  447]
 [3743  471]
 [3744  496]
 [3745  518]
 [3746  544]
 [3747  569]
 [3748  591]
 [3749  617]
 [3750  644]
 [3751  669]
 [3752  692]
 [3753  719]
 [3754  744]
 [3755  772]
 [3756  794]
 [3757  815]
 [3758  904]
 [3759  997]
 [3760 1096]
 [3761 1200]
 [3762 1307]
 [3763 1419]
 [3764 1534]
 [3765 1651]
 [3766 1774]
 [3767 1896]
 [3768 1946]
 [3769 1910]
 [3770 1867]
 [3771 1842]
 [3772 1815]
 [3773 1788]
 [3774 1754]
 [3775 1721]
 [3776 1687]
 [3777 1654]
 [3778 1626]
 [3779 1682]
 [3770 1867]
 [3771 1842]
 [3772 1815]
 [3773 1788]
 [3774 1754]
 [3775 1721]
 [3776 1687]
 [3777 1654]
 [3778 1626]
 [3779 1682]
 [3780 1742]
 [3781 1727]
 [3782 1709]
 [3783 1692]
 [3784 1669]
 [3785 1642]
 [3786 1611]
 [3787 1579]
 [3788 1543]
 [3789 1503]
 [3790 1465]
 [3791 1465]
 [3792 1465]
 [3793 1465]
 [3794 1465]
 [3795 1463]
 [3796 1461]
 [3797 1459]
 [3798 1455]
 [3799 1453]
 [3800 1448]
 [3801 1442]
 [3802 1435]
 [3803 1429]
 [3804 1421]
 [3805 1412]
 [3806 1398]
 [3807 1389]
 [3808 1377]
 [3809 1361]
 [3810 1349]
 [3811 1332]
 [3812 1318]
 [3813 1297]
 [3814 1279]
 [3815 1257]
 [3816 1238]
 [3817 1211]
 [3818 1188]
 [3819 1159]
 [3820 1135]
 [3821 1104]
 [3822 1078]
 [3823 1053]
 [3824 1030]
 [3825 1014]
 [3826 1122]
 [3827 1121]
 [3828 1178]
 [3829 1119]
 [3830 1041]
 [3831  942]
 [3832  824]
 [3833  764]
 [3834  652]
 [3835  503]
 [3836  353]
 [3837  266]
 [3838  187]
 [3839  184]
 [3840  181]
 [3841  177]
 [3842  176]
 [3843   97]
 [3844   43]
 [3845    8]
 [3846   11]
 [3847   14]
 [3848   19]
 [3849   22]
 [3850   27]
 [3900    0]
 [3901    0]
 [3902    0]
 [3903    0]
 [3904    0]
 [3905    0]
 [3906    0]
 [3907    0]
 [3908    0]
 [3909    0]
 [3910    0]
 [3911    0]
 [3912    0]
 [3913    0]
 [3914    0]
 [3915    0]
 [3916    0]
 [3917    0]
 [3918   25]
 [3919   70]
 [3920  103]
 [3921   97]
 [3922   88]
 [3923   75]
 [3924   24]
 [3925    0]
 [3926    0]
 [3927    0]
 [3928    0]
 [3929    0]
 [3930    0]
 [3931    0]
 [3932    0]
 [3933    0]
 [3934    0]
 [3935    0]
 [3936    0]
 [3937    0]
 [3938    0]
 [3939    0]
 [3940    0]
 [3930    0]
 [3931    0]
 [3932    0]
 [3933    0]
 [3934    0]
 [3935    0]
 [3936    0]
 [3937    0]
 [3938    0]
 [3939    0]
 [3940    0]
 [3941    0]
 [3942    0]
 [3943    0]
 [3944    0]
 [3945    0]
 [3946    0]
 [3947    0]
 [3948    0]
 [3949    0]
 [3950    0]
 [3951    0]
 [3952    0]
 [3953    0]
 [3954    0]
 [3955    0]
 [3956    0]
 [3957    0]
 [3958    0]
 [3959    0]
 [3960    0]
 [3961    0]
 [3962    0]
 [3963    0]
 [3964    0]
 [3965    0]
 [3966    0]
 [3967    0]
 [3968    0]
 [3969    3]
 [3970    0]
 [3971    0]
 [3972   21]
 [3973   44]
 [3974   69]
 [3975   96]
 [3976  120]
 [3977  144]
 [3978  171]
 [3979  196]
 [3980  220]
 [3981  247]
 [3982  272]
 [3983  298]
 [3984  322]
 [3985  348]
 [3986  372]
 [3987  400]
 [3988  426]
 [3989  452]
 [3990  479]
 [3991  505]
 [3992  530]
 [3993  561]
 [3994  587]
 [3995  613]
 [3996  633]
 [3997  654]
 [3998  735]
 [3999  828]
 [4000  921]
 [4001 1021]
 [4002 1126]
 [4003 1234]
 [4004 1344]
 [4005 1453]
 [4006 1573]
 [4007 1690]
 [4008 1739]
 [4009 1701]
 [4010 1655]
 [4011 1584]
 [4012 1507]
 [4013 1426]
 [4014 1337]
 [4015 1253]
 [4016 1164]
 [4017 1075]
 [4018  985]
 [4019  982]
 [4010 1655]
 [4011 1584]
 [4012 1507]
 [4013 1426]
 [4014 1337]
 [4015 1253]
 [4016 1164]
 [4017 1075]
 [4018  985]
 [4019  982]
 [4020  983]
 [4021 1009]
 [4022 1038]
 [4023 1067]
 [4024 1098]
 [4025 1128]
 [4026 1155]
 [4027 1183]
 [4028 1207]
 [4029 1230]
 [4030 1250]
 [4031 1257]
 [4032 1265]
 [4033 1278]
 [4034 1283]
 [4035 1290]
 [4036 1294]
 [4037 1299]
 [4038 1304]
 [4039 1305]
 [4040 1309]
 [4041 1309]
 [4042 1311]
 [4043 1314]
 [4044 1312]
 [4045 1311]
 [4046 1310]
 [4047 1309]
 [4048 1304]
 [4049 1304]
 [4050 1301]
 [4051 1297]
 [4052 1292]
 [4053 1290]
 [4054 1286]
 [4055 1284]
 [4056 1280]
 [4057 1278]
 [4058 1276]
 [4059 1276]
 [4060 1273]
 [4061 1273]
 [4062 1275]
 [4063 1277]
 [4064 1280]
 [4065 1290]
 [4066 1201]
 [4067 1097]
 [4068 1261]
 [4069 1454]
 [4070 1672]
 [4071 1912]
 [4072 1832]
 [4073 1753]
 [4074 1670]
 [4075 1583]
 [4076 1600]]
モデル3_全員達成True_目標達成True_最低照度0_最大照度10000_最適化前照度500_最適化日数7_ステップサイズ90_J0.3203_Each_J0.1408

l_j = [[2460    0]
 [2461    0]
 [2462    0]
 [2463    0]
 [2464    0]
 [2465    0]
 [2466    0]
 [2467    0]
 [2468    0]
 [2469    0]
 [2470    0]
 [2471    0]
 [2472    0]
 [2473    0]
 [2474    0]
 [2475    0]
 [2476    0]
 [2477    0]
 [2478    0]
 [2479    0]
 [2480    0]
 [2481   32]
 [2482   69]
 [2483  100]
 [2484  102]
 [2485  105]
 [2486  128]
 [2487  170]
 [2488  192]
 [2489  211]
 [2490  233]
 [2491  253]
 [2492  274]
 [2493  288]
 [2494  315]
 [2495  339]
 [2496  339]
 [2497  341]
 [2498  361]
 [2499  382]
 [2500  401]
 [2490  233]
 [2491  253]
 [2492  274]
 [2493  288]
 [2494  315]
 [2495  339]
 [2496  339]
 [2497  341]
 [2498  361]
 [2499  382]
 [2500  401]
 [2501  418]
 [2502  434]
 [2503  454]
 [2504  462]
 [2505  468]
 [2506  480]
 [2507  493]
 [2508  508]
 [2509  521]
 [2510  536]
 [2511  540]
 [2512  570]
 [2513  602]
 [2514  637]
 [2515  674]
 [2516  713]
 [2517  751]
 [2518  791]
 [2519  830]
 [2520  829]
 [2521  858]
 [2522  864]
 [2523  867]
 [2524  868]
 [2525  868]
 [2526  868]
 [2527  869]
 [2528  869]
 [2529  869]
 [2530  910]
 [2531  935]
 [2532  957]
 [2533  978]
 [2534 1001]
 [2535 1022]
 [2536 1044]
 [2537 1066]
 [2538 1086]
 [2539 1107]
 [2540 1127]
 [2541 1145]
 [2542 1166]
 [2543 1184]
 [2544 1202]
 [2545 1220]
 [2546 1239]
 [2547 1255]
 [2548 1273]
 [2549 1288]
 [2550 1303]
 [2551 1317]
 [2552 1330]
 [2553 1344]
 [2554 1356]
 [2555 1368]
 [2556 1379]
 [2557 1390]
 [2558 1401]
 [2559 1475]
 [2560 1552]
 [2561 1628]
 [2562 1701]
 [2563 1773]
 [2564 1842]
 [2565 1907]
 [2566 1969]
 [2567 2025]
 [2568 2072]
 [2569 2009]
 [2570 1942]
 [2571 1951]
 [2572 1962]
 [2573 1969]
 [2574 1980]
 [2575 1988]
 [2576 1995]
 [2577 2000]
 [2578 2007]
 [2579 2055]
 [2570 1942]
 [2571 1951]
 [2572 1962]
 [2573 1969]
 [2574 1980]
 [2575 1988]
 [2576 1995]
 [2577 2000]
 [2578 2007]
 [2579 2055]
 [2580 2095]
 [2581 1990]
 [2582 1879]
 [2583 1765]
 [2584 1647]
 [2585 1528]
 [2586 1410]
 [2587 1292]
 [2588 1175]
 [2589 1059]
 [2590  946]
 [2591  894]
 [2592  846]
 [2593  794]
 [2594  742]
 [2595  684]
 [2596  601]
 [2597  534]
 [2598  471]
 [2599  391]
 [2600  315]
 [2601  216]
 [2602  141]
 [2603   65]
 [2604    0]
 [2605    0]
 [2606    0]
 [2607    0]
 [2608    0]
 [2609    0]
 [2610    0]
 [2611    0]
 [2612    0]
 [2613    0]
 [2614    0]
 [2615    0]
 [2616    0]
 [2617    0]
 [2618    0]
 [2619    0]
 [2620    0]
 [2621    0]
 [2622    0]
 [2623    0]
 [2624    0]
 [2625    0]
 [2626    0]
 [2627    0]
 [2628    0]
 [2629    0]
 [2630    0]
 [2631    0]
 [2632    0]
 [2633    0]
 [2634    0]
 [2635    0]
 [2636    0]
 [2637    0]
 [2638    0]
 [2639    0]
 [2640    0]
 [2641    0]
 [2642    0]
 [2643    0]
 [2644    0]
 [2645    0]
 [2646    0]
 [2647    0]
 [2648    0]
 [2649    0]
 [2650    0]
 [2700    0]
 [2701    0]
 [2702    0]
 [2703    0]
 [2704    0]
 [2705    0]
 [2706    0]
 [2707    0]
 [2708    0]
 [2709    0]
 [2710    0]
 [2711    0]
 [2712    0]
 [2713    0]
 [2714    0]
 [2715    0]
 [2716    0]
 [2717    0]
 [2718    0]
 [2719    0]
 [2720    0]
 [2721    0]
 [2722    0]
 [2723    0]
 [2724    0]
 [2725    0]
 [2726    0]
 [2727    0]
 [2728   55]
 [2729   90]
 [2730  118]
 [2731  147]
 [2732  176]
 [2733  201]
 [2734  233]
 [2735  262]
 [2736  253]
 [2737  244]
 [2738  236]
 [2739  254]
 [2740  274]
 [2730  118]
 [2731  147]
 [2732  176]
 [2733  201]
 [2734  233]
 [2735  262]
 [2736  253]
 [2737  244]
 [2738  236]
 [2739  254]
 [2740  274]
 [2741  290]
 [2742  304]
 [2743  321]
 [2744  326]
 [2745  332]
 [2746  344]
 [2747  354]
 [2748  367]
 [2749  384]
 [2750  399]
 [2751  416]
 [2752  434]
 [2753  457]
 [2754  477]
 [2755  501]
 [2756  529]
 [2757  560]
 [2758  593]
 [2759  622]
 [2760  628]
 [2761  647]
 [2762  667]
 [2763  681]
 [2764  695]
 [2765  710]
 [2766  719]
 [2767  730]
 [2768  740]
 [2769  749]
 [2770  787]
 [2771  811]
 [2772  834]
 [2773  858]
 [2774  881]
 [2775  908]
 [2776  931]
 [2777  956]
 [2778  981]
 [2779 1003]
 [2780 1029]
 [2781 1053]
 [2782 1076]
 [2783 1100]
 [2784 1124]
 [2785 1145]
 [2786 1168]
 [2787 1193]
 [2788 1215]
 [2789 1236]
 [2790 1258]
 [2791 1278]
 [2792 1301]
 [2793 1322]
 [2794 1343]
 [2795 1362]
 [2796 1382]
 [2797 1402]
 [2798 1425]
 [2799 1531]
 [2800 1641]
 [2801 1753]
 [2802 1866]
 [2803 1978]
 [2804 2087]
 [2805 2194]
 [2806 2297]
 [2807 2391]
 [2808 2476]
 [2809 2402]
 [2810 2320]
 [2811 2324]
 [2812 2326]
 [2813 2331]
 [2814 2333]
 [2815 2335]
 [2816 2339]
 [2817 2342]
 [2818 2350]
 [2819 2424]
 [2810 2320]
 [2811 2324]
 [2812 2326]
 [2813 2331]
 [2814 2333]
 [2815 2335]
 [2816 2339]
 [2817 2342]
 [2818 2350]
 [2819 2424]
 [2820 2492]
 [2821 2388]
 [2822 2273]
 [2823 2157]
 [2824 2035]
 [2825 1908]
 [2826 1780]
 [2827 1652]
 [2828 1522]
 [2829 1395]
 [2830 1270]
 [2831 1227]
 [2832 1185]
 [2833 1143]
 [2834 1101]
 [2835 1060]
 [2836 1019]
 [2837  975]
 [2838  934]
 [2839  888]
 [2840  845]
 [2841  796]
 [2842  744]
 [2843  681]
 [2844  614]
 [2845  548]
 [2846  481]
 [2847  403]
 [2848  309]
 [2849  226]
 [2850  133]
 [2851   43]
 [2852    0]
 [2853    0]
 [2854    0]
 [2855    0]
 [2856    0]
 [2857    0]
 [2858    0]
 [2859    0]
 [2860    0]
 [2861    0]
 [2862    0]
 [2863    0]
 [2864    0]
 [2865    0]
 [2866    0]
 [2867    0]
 [2868    0]
 [2869    0]
 [2870    0]
 [2871    0]
 [2872    0]
 [2873    0]
 [2874    0]
 [2875    0]
 [2876    0]
 [2877    0]
 [2878    0]
 [2879    0]
 [2880    0]
 [2881    0]
 [2882    0]
 [2883    0]
 [2884    0]
 [2885    0]
 [2886    0]
 [2887    0]
 [2888    0]
 [2889    0]
 [2890    0]
 [2940    0]
 [2941    0]
 [2942    0]
 [2943    0]
 [2944    0]
 [2945    0]
 [2946    0]
 [2947    0]
 [2948    0]
 [2949    0]
 [2950    0]
 [2951    0]
 [2952    0]
 [2953    0]
 [2954    0]
 [2955    0]
 [2956    0]
 [2957    0]
 [2958    0]
 [2959    0]
 [2960    0]
 [2961    0]
 [2962    0]
 [2963    0]
 [2964    0]
 [2965    0]
 [2966    0]
 [2967    0]
 [2968    0]
 [2969    6]
 [2970   32]
 [2971   60]
 [2972   85]
 [2973  108]
 [2974  139]
 [2975  168]
 [2976  149]
 [2977  131]
 [2978  112]
 [2979  131]
 [2980  151]
 [2970   32]
 [2971   60]
 [2972   85]
 [2973  108]
 [2974  139]
 [2975  168]
 [2976  149]
 [2977  131]
 [2978  112]
 [2979  131]
 [2980  151]
 [2981  164]
 [2982  181]
 [2983  196]
 [2984  199]
 [2985  203]
 [2986  213]
 [2987  223]
 [2988  235]
 [2989  252]
 [2990  269]
 [2991  294]
 [2992  307]
 [2993  323]
 [2994  337]
 [2995  356]
 [2996  377]
 [2997  403]
 [2998  430]
 [2999  453]
 [3000  464]
 [3001  474]
 [3002  495]
 [3003  517]
 [3004  538]
 [3005  555]
 [3006  570]
 [3007  581]
 [3008  593]
 [3009  609]
 [3010  635]
 [3011  656]
 [3012  679]
 [3013  702]
 [3014  726]
 [3015  750]
 [3016  775]
 [3017  799]
 [3018  824]
 [3019  848]
 [3020  872]
 [3021  898]
 [3022  924]
 [3023  949]
 [3024  974]
 [3025  998]
 [3026 1024]
 [3027 1049]
 [3028 1074]
 [3029 1101]
 [3030 1126]
 [3031 1152]
 [3032 1177]
 [3033 1201]
 [3034 1227]
 [3035 1252]
 [3036 1274]
 [3037 1301]
 [3038 1327]
 [3039 1444]
 [3040 1564]
 [3041 1688]
 [3042 1816]
 [3043 1943]
 [3044 2073]
 [3045 2197]
 [3046 2321]
 [3047 2436]
 [3048 2544]
 [3049 2472]
 [3050 2396]
 [3051 2398]
 [3052 2400]
 [3053 2402]
 [3054 2400]
 [3055 2401]
 [3056 2403]
 [3057 2405]
 [3058 2410]
 [3059 2500]
 [3050 2396]
 [3051 2398]
 [3052 2400]
 [3053 2402]
 [3054 2400]
 [3055 2401]
 [3056 2403]
 [3057 2405]
 [3058 2410]
 [3059 2500]
 [3060 2585]
 [3061 2493]
 [3062 2393]
 [3063 2286]
 [3064 2175]
 [3065 2059]
 [3066 1941]
 [3067 1820]
 [3068 1698]
 [3069 1573]
 [3070 1451]
 [3071 1417]
 [3072 1383]
 [3073 1349]
 [3074 1316]
 [3075 1281]
 [3076 1248]
 [3077 1216]
 [3078 1180]
 [3079 1147]
 [3080 1110]
 [3081 1074]
 [3082 1039]
 [3083 1000]
 [3084  960]
 [3085  920]
 [3086  878]
 [3087  833]
 [3088  780]
 [3089  723]
 [3090  661]
 [3091  595]
 [3092  505]
 [3093  426]
 [3094  339]
 [3095  224]
 [3096  127]
 [3097   22]
 [3098    0]
 [3099    0]
 [3100    0]
 [3101    0]
 [3102    0]
 [3103    0]
 [3104    0]
 [3105    0]
 [3106    0]
 [3107    0]
 [3108    0]
 [3109    0]
 [3110    0]
 [3111    0]
 [3112    0]
 [3113    0]
 [3114    0]
 [3115    0]
 [3116    0]
 [3117    0]
 [3118    0]
 [3119    0]
 [3120    0]
 [3121    0]
 [3122    0]
 [3123    0]
 [3124    0]
 [3125    0]
 [3126    0]
 [3127    0]
 [3128    0]
 [3129    0]
 [3130    0]
 [3180    0]
 [3181    0]
 [3182    0]
 [3183    0]
 [3184    0]
 [3185    0]
 [3186    0]
 [3187    0]
 [3188    0]
 [3189    0]
 [3190    0]
 [3191    0]
 [3192    0]
 [3193    0]
 [3194    0]
 [3195    0]
 [3196    0]
 [3197    0]
 [3198    0]
 [3199    0]
 [3200    0]
 [3201    0]
 [3202    0]
 [3203    0]
 [3204    0]
 [3205    0]
 [3206    0]
 [3207    0]
 [3208    0]
 [3209    0]
 [3210    0]
 [3211    0]
 [3212    0]
 [3213    0]
 [3214    0]
 [3215    0]
 [3216    0]
 [3217    0]
 [3218    0]
 [3219    0]
 [3220    0]
 [3210    0]
 [3211    0]
 [3212    0]
 [3213    0]
 [3214    0]
 [3215    0]
 [3216    0]
 [3217    0]
 [3218    0]
 [3219    0]
 [3220    0]
 [3221    0]
 [3222   14]
 [3223   41]
 [3224   48]
 [3225   54]
 [3226   66]
 [3227   78]
 [3228   94]
 [3229  114]
 [3230  132]
 [3231  169]
 [3232  178]
 [3233  189]
 [3234  199]
 [3235  209]
 [3236  225]
 [3237  247]
 [3238  262]
 [3239  278]
 [3240  298]
 [3241  298]
 [3242  325]
 [3243  350]
 [3244  375]
 [3245  400]
 [3246  421]
 [3247  436]
 [3248  456]
 [3249  477]
 [3250  494]
 [3251  515]
 [3252  532]
 [3253  553]
 [3254  574]
 [3255  594]
 [3256  615]
 [3257  639]
 [3258  662]
 [3259  685]
 [3260  710]
 [3261  735]
 [3262  759]
 [3263  784]
 [3264  808]
 [3265  834]
 [3266  860]
 [3267  886]
 [3268  913]
 [3269  938]
 [3270  965]
 [3271  992]
 [3272 1019]
 [3273 1045]
 [3274 1072]
 [3275 1100]
 [3276 1124]
 [3277 1150]
 [3278 1259]
 [3279 1373]
 [3280 1494]
 [3281 1618]
 [3282 1743]
 [3283 1871]
 [3284 2001]
 [3285 2126]
 [3286 2256]
 [3287 2377]
 [3288 2409]
 [3289 2348]
 [3290 2279]
 [3291 2273]
 [3292 2268]
 [3293 2262]
 [3294 2255]
 [3295 2250]
 [3296 2246]
 [3297 2245]
 [3298 2246]
 [3299 2335]
 [3290 2279]
 [3291 2273]
 [3292 2268]
 [3293 2262]
 [3294 2255]
 [3295 2250]
 [3296 2246]
 [3297 2245]
 [3298 2246]
 [3299 2335]
 [3300 2422]
 [3301 2355]
 [3302 2282]
 [3303 2202]
 [3304 2117]
 [3305 2027]
 [3306 1933]
 [3307 1835]
 [3308 1734]
 [3309 1630]
 [3310 1526]
 [3311 1503]
 [3312 1480]
 [3313 1457]
 [3314 1433]
 [3315 1408]
 [3316 1386]
 [3317 1362]
 [3318 1339]
 [3319 1314]
 [3320 1290]
 [3321 1262]
 [3322 1234]
 [3323 1208]
 [3324 1179]
 [3325 1149]
 [3326 1118]
 [3327 1086]
 [3328 1052]
 [3329 1018]
 [3330  981]
 [3331  942]
 [3332  903]
 [3333  860]
 [3334  809]
 [3335  753]
 [3336  688]
 [3337  622]
 [3338  544]
 [3339  459]
 [3340  370]
 [3341  260]
 [3342  146]
 [3343   26]
 [3344    0]
 [3345    0]
 [3346    0]
 [3347    0]
 [3348    0]
 [3349    0]
 [3350    0]
 [3351    0]
 [3352    0]
 [3353    0]
 [3354    0]
 [3355    0]
 [3356    0]
 [3357    0]
 [3358    0]
 [3359    0]
 [3360    0]
 [3361    0]
 [3362    0]
 [3363    0]
 [3364    0]
 [3365    0]
 [3366    0]
 [3367    0]
 [3368    0]
 [3369    0]
 [3370    0]
 [3420    0]
 [3421    0]
 [3422    0]
 [3423    0]
 [3424    0]
 [3425    0]
 [3426    0]
 [3427    0]
 [3428    0]
 [3429    0]
 [3430    0]
 [3431    0]
 [3432    0]
 [3433    0]
 [3434    0]
 [3435    0]
 [3436    0]
 [3437    0]
 [3438    0]
 [3439    0]
 [3440    0]
 [3441    0]
 [3442    0]
 [3443    0]
 [3444    0]
 [3445    0]
 [3446    0]
 [3447    0]
 [3448    0]
 [3449    0]
 [3450    0]
 [3451    0]
 [3452    0]
 [3453    0]
 [3454    0]
 [3455    0]
 [3456    0]
 [3457    0]
 [3458    0]
 [3459    0]
 [3460    0]
 [3450    0]
 [3451    0]
 [3452    0]
 [3453    0]
 [3454    0]
 [3455    0]
 [3456    0]
 [3457    0]
 [3458    0]
 [3459    0]
 [3460    0]
 [3461    0]
 [3462    0]
 [3463    0]
 [3464    0]
 [3465    0]
 [3466    0]
 [3467    0]
 [3468    0]
 [3469    0]
 [3470   22]
 [3471   68]
 [3472   80]
 [3473   89]
 [3474   97]
 [3475  108]
 [3476  125]
 [3477  145]
 [3478  158]
 [3479  171]
 [3480  197]
 [3481  188]
 [3482  214]
 [3483  239]
 [3484  265]
 [3485  291]
 [3486  311]
 [3487  324]
 [3488  344]
 [3489  362]
 [3490  369]
 [3491  385]
 [3492  403]
 [3493  421]
 [3494  439]
 [3495  460]
 [3496  479]
 [3497  499]
 [3498  521]
 [3499  542]
 [3500  564]
 [3501  584]
 [3502  606]
 [3503  631]
 [3504  652]
 [3505  673]
 [3506  698]
 [3507  723]
 [3508  746]
 [3509  773]
 [3510  800]
 [3511  825]
 [3512  851]
 [3513  879]
 [3514  903]
 [3515  930]
 [3516  952]
 [3517  976]
 [3518 1067]
 [3519 1166]
 [3520 1269]
 [3521 1376]
 [3522 1485]
 [3523 1597]
 [3524 1711]
 [3525 1825]
 [3526 1944]
 [3527 2060]
 [3528 2102]
 [3529 2061]
 [3530 2013]
 [3531 2014]
 [3532 2013]
 [3533 2012]
 [3534 2009]
 [3535 2008]
 [3536 2008]
 [3537 2009]
 [3538 2012]
 [3539 2095]
 [3530 2013]
 [3531 2014]
 [3532 2013]
 [3533 2012]
 [3534 2009]
 [3535 2008]
 [3536 2008]
 [3537 2009]
 [3538 2012]
 [3539 2095]
 [3540 2177]
 [3541 2134]
 [3542 2084]
 [3543 2029]
 [3544 1970]
 [3545 1904]
 [3546 1836]
 [3547 1761]
 [3548 1685]
 [3549 1606]
 [3550 1525]
 [3551 1512]
 [3552 1502]
 [3553 1488]
 [3554 1476]
 [3555 1464]
 [3556 1450]
 [3557 1438]
 [3558 1423]
 [3559 1409]
 [3560 1395]
 [3561 1378]
 [3562 1362]
 [3563 1344]
 [3564 1324]
 [3565 1305]
 [3566 1284]
 [3567 1263]
 [3568 1240]
 [3569 1218]
 [3570 1192]
 [3571 1166]
 [3572 1138]
 [3573 1108]
 [3574 1078]
 [3575 1047]
 [3576 1013]
 [3577  977]
 [3578  941]
 [3579  903]
 [3580  862]
 [3581  817]
 [3582  760]
 [3583  685]
 [3584  606]
 [3585  517]
 [3586  402]
 [3587  273]
 [3588  130]
 [3589    0]
 [3590    0]
 [3591    0]
 [3592    0]
 [3593    0]
 [3594    0]
 [3595    0]
 [3596    0]
 [3597    0]
 [3598    0]
 [3599    0]
 [3600    0]
 [3601    0]
 [3602    0]
 [3603    0]
 [3604    0]
 [3605    0]
 [3606    0]
 [3607    0]
 [3608    0]
 [3609    0]
 [3610    0]
 [3660    0]
 [3661    0]
 [3662    0]
 [3663    0]
 [3664    0]
 [3665    0]
 [3666    0]
 [3667    0]
 [3668    0]
 [3669    0]
 [3670    0]
 [3671    0]
 [3672    0]
 [3673    0]
 [3674    0]
 [3675    0]
 [3676    0]
 [3677    0]
 [3678    0]
 [3679    0]
 [3680    0]
 [3681    0]
 [3682    0]
 [3683    0]
 [3684    0]
 [3685    0]
 [3686    0]
 [3687    0]
 [3688    0]
 [3689    0]
 [3690    0]
 [3691    0]
 [3692    0]
 [3693    0]
 [3694    0]
 [3695    0]
 [3696    0]
 [3697    0]
 [3698    0]
 [3699    0]
 [3700    0]
 [3690    0]
 [3691    0]
 [3692    0]
 [3693    0]
 [3694    0]
 [3695    0]
 [3696    0]
 [3697    0]
 [3698    0]
 [3699    0]
 [3700    0]
 [3701    0]
 [3702    0]
 [3703    0]
 [3704    0]
 [3705    0]
 [3706    0]
 [3707    0]
 [3708    0]
 [3709    0]
 [3710    0]
 [3711    0]
 [3712    0]
 [3713    0]
 [3714    0]
 [3715    0]
 [3716    0]
 [3717   30]
 [3718   50]
 [3719   67]
 [3720  105]
 [3721   89]
 [3722  115]
 [3723  140]
 [3724  165]
 [3725  190]
 [3726  209]
 [3727  218]
 [3728  234]
 [3729  251]
 [3730  248]
 [3731  261]
 [3732  276]
 [3733  292]
 [3734  309]
 [3735  326]
 [3736  345]
 [3737  364]
 [3738  382]
 [3739  402]
 [3740  423]
 [3741  442]
 [3742  465]
 [3743  486]
 [3744  508]
 [3745  530]
 [3746  553]
 [3747  577]
 [3748  599]
 [3749  623]
 [3750  646]
 [3751  671]
 [3752  695]
 [3753  719]
 [3754  744]
 [3755  770]
 [3756  789]
 [3757  810]
 [3758  887]
 [3759  967]
 [3760 1052]
 [3761 1141]
 [3762 1234]
 [3763 1331]
 [3764 1426]
 [3765 1525]
 [3766 1630]
 [3767 1736]
 [3768 1782]
 [3769 1756]
 [3770 1726]
 [3771 1722]
 [3772 1721]
 [3773 1716]
 [3774 1709]
 [3775 1707]
 [3776 1702]
 [3777 1700]
 [3778 1699]
 [3779 1769]
 [3770 1726]
 [3771 1722]
 [3772 1721]
 [3773 1716]
 [3774 1709]
 [3775 1707]
 [3776 1702]
 [3777 1700]
 [3778 1699]
 [3779 1769]
 [3780 1837]
 [3781 1818]
 [3782 1794]
 [3783 1765]
 [3784 1732]
 [3785 1696]
 [3786 1655]
 [3787 1612]
 [3788 1564]
 [3789 1512]
 [3790 1461]
 [3791 1459]
 [3792 1457]
 [3793 1458]
 [3794 1455]
 [3795 1452]
 [3796 1450]
 [3797 1447]
 [3798 1444]
 [3799 1438]
 [3800 1433]
 [3801 1427]
 [3802 1421]
 [3803 1413]
 [3804 1405]
 [3805 1396]
 [3806 1387]
 [3807 1375]
 [3808 1362]
 [3809 1349]
 [3810 1334]
 [3811 1319]
 [3812 1303]
 [3813 1286]
 [3814 1268]
 [3815 1247]
 [3816 1226]
 [3817 1204]
 [3818 1180]
 [3819 1157]
 [3820 1132]
 [3821 1108]
 [3822 1084]
 [3823 1063]
 [3824 1049]
 [3825 1058]
 [3826 1059]
 [3827 1036]
 [3828 1037]
 [3829  973]
 [3830  897]
 [3831  793]
 [3832  668]
 [3833  523]
 [3834  352]
 [3835  225]
 [3836  127]
 [3837   65]
 [3838    0]
 [3839    0]
 [3840    0]
 [3841    0]
 [3842    0]
 [3843    0]
 [3844    0]
 [3845    0]
 [3846    0]
 [3847    0]
 [3848    0]
 [3849    0]
 [3850    0]
 [3900    0]
 [3901    0]
 [3902    0]
 [3903    0]
 [3904    0]
 [3905    0]
 [3906    0]
 [3907    0]
 [3908    0]
 [3909    0]
 [3910    0]
 [3911    0]
 [3912    0]
 [3913    0]
 [3914    0]
 [3915    0]
 [3916    0]
 [3917    0]
 [3918    0]
 [3919    0]
 [3920    0]
 [3921    0]
 [3922    0]
 [3923    0]
 [3924    0]
 [3925    0]
 [3926    0]
 [3927    0]
 [3928    0]
 [3929    0]
 [3930    0]
 [3931    0]
 [3932    0]
 [3933    0]
 [3934    0]
 [3935    0]
 [3936    0]
 [3937    0]
 [3938    0]
 [3939    0]
 [3940    0]
 [3930    0]
 [3931    0]
 [3932    0]
 [3933    0]
 [3934    0]
 [3935    0]
 [3936    0]
 [3937    0]
 [3938    0]
 [3939    0]
 [3940    0]
 [3941    0]
 [3942    0]
 [3943    0]
 [3944    0]
 [3945    0]
 [3946    0]
 [3947    0]
 [3948    0]
 [3949    0]
 [3950    0]
 [3951    0]
 [3952    0]
 [3953    0]
 [3954    0]
 [3955    0]
 [3956    0]
 [3957    0]
 [3958    0]
 [3959    0]
 [3960    0]
 [3961    0]
 [3962    0]
 [3963    0]
 [3964   26]
 [3965   49]
 [3966   60]
 [3967   64]
 [3968   77]
 [3969   90]
 [3970   74]
 [3971   89]
 [3972  106]
 [3973  122]
 [3974  139]
 [3975  158]
 [3976  178]
 [3977  198]
 [3978  218]
 [3979  239]
 [3980  261]
 [3981  283]
 [3982  306]
 [3983  328]
 [3984  350]
 [3985  372]
 [3986  396]
 [3987  419]
 [3988  445]
 [3989  467]
 [3990  493]
 [3991  518]
 [3992  544]
 [3993  569]
 [3994  593]
 [3995  621]
 [3996  637]
 [3997  655]
 [3998  726]
 [3999  802]
 [4000  885]
 [4001  970]
 [4002 1056]
 [4003 1147]
 [4004 1241]
 [4005 1332]
 [4006 1434]
 [4007 1536]
 [4008 1582]
 [4009 1556]
 [4010 1525]
 [4011 1490]
 [4012 1451]
 [4013 1411]
 [4014 1368]
 [4015 1326]
 [4016 1284]
 [4017 1243]
 [4018 1203]
 [4019 1230]
 [4010 1525]
 [4011 1490]
 [4012 1451]
 [4013 1411]
 [4014 1368]
 [4015 1326]
 [4016 1284]
 [4017 1243]
 [4018 1203]
 [4019 1230]
 [4020 1262]
 [4021 1275]
 [4022 1287]
 [4023 1298]
 [4024 1307]
 [4025 1314]
 [4026 1319]
 [4027 1321]
 [4028 1319]
 [4029 1314]
 [4030 1306]
 [4031 1316]
 [4032 1323]
 [4033 1331]
 [4034 1341]
 [4035 1347]
 [4036 1353]
 [4037 1358]
 [4038 1364]
 [4039 1369]
 [4040 1372]
 [4041 1375]
 [4042 1378]
 [4043 1381]
 [4044 1381]
 [4045 1381]
 [4046 1382]
 [4047 1379]
 [4048 1378]
 [4049 1378]
 [4050 1375]
 [4051 1371]
 [4052 1367]
 [4053 1361]
 [4054 1355]
 [4055 1350]
 [4056 1344]
 [4057 1338]
 [4058 1332]
 [4059 1327]
 [4060 1317]
 [4061 1309]
 [4062 1302]
 [4063 1293]
 [4064 1289]
 [4065 1283]
 [4066 1216]
 [4067 1140]
 [4068 1246]
 [4069 1361]
 [4070 1485]
 [4071 1618]
 [4072 1541]
 [4073 1464]
 [4074 1387]
 [4075 1309]
 [4076 1296]]
ステップ上限あり_モデル3_全員達成True_目標達成True_最低照度0_最大照度10000_最適化前照度500_最適化日数7_ステップサイズ40_J0.3468_Each_J0.1444

l_j = [[2460    0]
 [2461    0]
 [2462    0]
 [2463    0]
 [2464    0]
 [2465    0]
 [2466    0]
 [2467    0]
 [2468    0]
 [2469    0]
 [2470    0]
 [2471    0]
 [2472    0]
 [2473    0]
 [2474    0]
 [2475    0]
 [2476    0]
 [2477    0]
 [2478    0]
 [2479    0]
 [2480    0]
 [2481    0]
 [2482    0]
 [2483    0]
 [2484    0]
 [2485    0]
 [2486    0]
 [2487    0]
 [2488    0]
 [2489    0]
 [2490   42]
 [2491   84]
 [2492  123]
 [2493  154]
 [2494  197]
 [2495  239]
 [2496  245]
 [2497  254]
 [2498  287]
 [2499  323]
 [2500  357]
 [2490   42]
 [2491   84]
 [2492  123]
 [2493  154]
 [2494  197]
 [2495  239]
 [2496  245]
 [2497  254]
 [2498  287]
 [2499  323]
 [2500  357]
 [2501  384]
 [2502  411]
 [2503  440]
 [2504  451]
 [2505  463]
 [2506  476]
 [2507  497]
 [2508  512]
 [2509  536]
 [2510  554]
 [2511  563]
 [2512  607]
 [2513  654]
 [2514  706]
 [2515  762]
 [2516  823]
 [2517  883]
 [2518  944]
 [2519 1005]
 [2520 1002]
 [2521 1044]
 [2522 1046]
 [2523 1050]
 [2524 1044]
 [2525 1039]
 [2526 1028]
 [2527 1019]
 [2528 1011]
 [2529 1000]
 [2530 1040]
 [2531 1053]
 [2532 1067]
 [2533 1081]
 [2534 1092]
 [2535 1103]
 [2536 1113]
 [2537 1122]
 [2538 1128]
 [2539 1135]
 [2540 1144]
 [2541 1149]
 [2542 1154]
 [2543 1158]
 [2544 1163]
 [2545 1170]
 [2546 1172]
 [2547 1174]
 [2548 1177]
 [2549 1178]
 [2550 1181]
 [2551 1183]
 [2552 1184]
 [2553 1185]
 [2554 1186]
 [2555 1188]
 [2556 1189]
 [2557 1190]
 [2558 1191]
 [2559 1228]
 [2560 1267]
 [2561 1303]
 [2562 1340]
 [2563 1373]
 [2564 1402]
 [2565 1424]
 [2566 1442]
 [2567 1456]
 [2568 1467]
 [2569 1448]
 [2570 1425]
 [2571 1397]
 [2572 1368]
 [2573 1335]
 [2574 1304]
 [2575 1265]
 [2576 1235]
 [2577 1201]
 [2578 1171]
 [2579 1166]
 [2570 1425]
 [2571 1397]
 [2572 1368]
 [2573 1335]
 [2574 1304]
 [2575 1265]
 [2576 1235]
 [2577 1201]
 [2578 1171]
 [2579 1166]
 [2580 1162]
 [2581 1148]
 [2582 1132]
 [2583 1117]
 [2584 1099]
 [2585 1082]
 [2586 1058]
 [2587 1031]
 [2588  994]
 [2589  950]
 [2590  893]
 [2591  859]
 [2592  813]
 [2593  762]
 [2594  696]
 [2595  631]
 [2596  558]
 [2597  475]
 [2598  376]
 [2599  276]
 [2600  154]
 [2601   37]
 [2602    0]
 [2603    0]
 [2604    0]
 [2605    0]
 [2606    0]
 [2607    0]
 [2608    0]
 [2609    0]
 [2610    0]
 [2611    0]
 [2612    0]
 [2613    0]
 [2614    0]
 [2615    0]
 [2616    0]
 [2617    0]
 [2618    0]
 [2619    0]
 [2620    0]
 [2621    0]
 [2622    0]
 [2623    0]
 [2624    0]
 [2625    0]
 [2626    0]
 [2627    0]
 [2628    0]
 [2629    0]
 [2630    0]
 [2631    0]
 [2632    0]
 [2633    0]
 [2634    0]
 [2635    0]
 [2636    0]
 [2637    0]
 [2638    0]
 [2639    0]
 [2640    0]
 [2641    0]
 [2642    0]
 [2643    0]
 [2644    0]
 [2645    0]
 [2646    0]
 [2647    0]
 [2648    0]
 [2649    0]
 [2650    0]
 [2700    0]
 [2701    0]
 [2702    0]
 [2703    0]
 [2704    0]
 [2705    0]
 [2706    0]
 [2707    0]
 [2708    0]
 [2709    0]
 [2710    0]
 [2711    0]
 [2712    0]
 [2713    0]
 [2714    0]
 [2715    0]
 [2716    0]
 [2717    0]
 [2718    0]
 [2719    0]
 [2720    0]
 [2721    0]
 [2722    0]
 [2723    0]
 [2724    0]
 [2725    0]
 [2726    0]
 [2727    0]
 [2728    0]
 [2729    0]
 [2730    0]
 [2731    0]
 [2732    0]
 [2733    0]
 [2734   52]
 [2735  103]
 [2736   92]
 [2737   82]
 [2738   74]
 [2739  111]
 [2740  150]
 [2730    0]
 [2731    0]
 [2732    0]
 [2733    0]
 [2734   52]
 [2735  103]
 [2736   92]
 [2737   82]
 [2738   74]
 [2739  111]
 [2740  150]
 [2741  182]
 [2742  213]
 [2743  238]
 [2744  253]
 [2745  262]
 [2746  282]
 [2747  304]
 [2748  324]
 [2749  352]
 [2750  378]
 [2751  402]
 [2752  436]
 [2753  468]
 [2754  499]
 [2755  540]
 [2756  587]
 [2757  641]
 [2758  691]
 [2759  743]
 [2760  748]
 [2761  778]
 [2762  797]
 [2763  819]
 [2764  834]
 [2765  846]
 [2766  858]
 [2767  864]
 [2768  872]
 [2769  878]
 [2770  924]
 [2771  947]
 [2772  969]
 [2773  991]
 [2774 1012]
 [2775 1026]
 [2776 1041]
 [2777 1056]
 [2778 1070]
 [2779 1084]
 [2780 1094]
 [2781 1103]
 [2782 1114]
 [2783 1123]
 [2784 1134]
 [2785 1143]
 [2786 1152]
 [2787 1159]
 [2788 1166]
 [2789 1173]
 [2790 1179]
 [2791 1188]
 [2792 1193]
 [2793 1197]
 [2794 1203]
 [2795 1210]
 [2796 1213]
 [2797 1219]
 [2798 1227]
 [2799 1282]
 [2800 1340]
 [2801 1391]
 [2802 1434]
 [2803 1465]
 [2804 1487]
 [2805 1498]
 [2806 1500]
 [2807 1500]
 [2808 1500]
 [2809 1500]
 [2810 1500]
 [2811 1495]
 [2812 1481]
 [2813 1458]
 [2814 1429]
 [2815 1396]
 [2816 1357]
 [2817 1316]
 [2818 1273]
 [2819 1270]
 [2810 1500]
 [2811 1495]
 [2812 1481]
 [2813 1458]
 [2814 1429]
 [2815 1396]
 [2816 1357]
 [2817 1316]
 [2818 1273]
 [2819 1270]
 [2820 1267]
 [2821 1256]
 [2822 1239]
 [2823 1223]
 [2824 1207]
 [2825 1192]
 [2826 1173]
 [2827 1157]
 [2828 1141]
 [2829 1117]
 [2830 1087]
 [2831 1069]
 [2832 1053]
 [2833 1037]
 [2834 1016]
 [2835  994]
 [2836  973]
 [2837  945]
 [2838  922]
 [2839  888]
 [2840  851]
 [2841  802]
 [2842  750]
 [2843  683]
 [2844  600]
 [2845  478]
 [2846  356]
 [2847  239]
 [2848  125]
 [2849   12]
 [2850    0]
 [2851    0]
 [2852    0]
 [2853    0]
 [2854    0]
 [2855    0]
 [2856    0]
 [2857    0]
 [2858    0]
 [2859    0]
 [2860    0]
 [2861    0]
 [2862    0]
 [2863    0]
 [2864    0]
 [2865    0]
 [2866    0]
 [2867    0]
 [2868    0]
 [2869    0]
 [2870    0]
 [2871    0]
 [2872    0]
 [2873    0]
 [2874    0]
 [2875    0]
 [2876    0]
 [2877    0]
 [2878    0]
 [2879    0]
 [2880    0]
 [2881    0]
 [2882    0]
 [2883    0]
 [2884    0]
 [2885    0]
 [2886    0]
 [2887    0]
 [2888    0]
 [2889    0]
 [2890    0]
 [2940    0]
 [2941    0]
 [2942    0]
 [2943    0]
 [2944    0]
 [2945    0]
 [2946    0]
 [2947    0]
 [2948    0]
 [2949    0]
 [2950    0]
 [2951    0]
 [2952    0]
 [2953    0]
 [2954    0]
 [2955    0]
 [2956    0]
 [2957    0]
 [2958    0]
 [2959    0]
 [2960    0]
 [2961    0]
 [2962    0]
 [2963    0]
 [2964    0]
 [2965    0]
 [2966    0]
 [2967    0]
 [2968    0]
 [2969    0]
 [2970    0]
 [2971    0]
 [2972    0]
 [2973    0]
 [2974    0]
 [2975    0]
 [2976    0]
 [2977    0]
 [2978    0]
 [2979    0]
 [2980    0]
 [2970    0]
 [2971    0]
 [2972    0]
 [2973    0]
 [2974    0]
 [2975    0]
 [2976    0]
 [2977    0]
 [2978    0]
 [2979    0]
 [2980    0]
 [2981    0]
 [2982    0]
 [2983    0]
 [2984    0]
 [2985    0]
 [2986    0]
 [2987   33]
 [2988   69]
 [2989  109]
 [2990  146]
 [2991  192]
 [2992  224]
 [2993  257]
 [2994  291]
 [2995  326]
 [2996  363]
 [2997  412]
 [2998  456]
 [2999  493]
 [3000  507]
 [3001  522]
 [3002  558]
 [3003  588]
 [3004  616]
 [3005  637]
 [3006  655]
 [3007  666]
 [3008  677]
 [3009  698]
 [3010  739]
 [3011  770]
 [3012  806]
 [3013  837]
 [3014  864]
 [3015  889]
 [3016  913]
 [3017  933]
 [3018  956]
 [3019  975]
 [3020  992]
 [3021 1008]
 [3022 1024]
 [3023 1040]
 [3024 1051]
 [3025 1067]
 [3026 1078]
 [3027 1091]
 [3028 1104]
 [3029 1116]
 [3030 1129]
 [3031 1138]
 [3032 1149]
 [3033 1160]
 [3034 1169]
 [3035 1180]
 [3036 1191]
 [3037 1199]
 [3038 1209]
 [3039 1271]
 [3040 1336]
 [3041 1394]
 [3042 1442]
 [3043 1476]
 [3044 1495]
 [3045 1500]
 [3046 1500]
 [3047 1500]
 [3048 1500]
 [3049 1500]
 [3050 1500]
 [3051 1500]
 [3052 1498]
 [3053 1485]
 [3054 1463]
 [3055 1435]
 [3056 1399]
 [3057 1357]
 [3058 1312]
 [3059 1309]
 [3050 1500]
 [3051 1500]
 [3052 1498]
 [3053 1485]
 [3054 1463]
 [3055 1435]
 [3056 1399]
 [3057 1357]
 [3058 1312]
 [3059 1309]
 [3060 1308]
 [3061 1299]
 [3062 1289]
 [3063 1277]
 [3064 1266]
 [3065 1250]
 [3066 1237]
 [3067 1222]
 [3068 1208]
 [3069 1193]
 [3070 1179]
 [3071 1169]
 [3072 1158]
 [3073 1151]
 [3074 1139]
 [3075 1129]
 [3076 1116]
 [3077 1103]
 [3078 1089]
 [3079 1074]
 [3080 1060]
 [3081 1043]
 [3082 1023]
 [3083 1002]
 [3084  980]
 [3085  951]
 [3086  921]
 [3087  873]
 [3088  829]
 [3089  750]
 [3090  676]
 [3091  583]
 [3092  475]
 [3093  354]
 [3094  219]
 [3095   78]
 [3096    0]
 [3097    0]
 [3098    0]
 [3099    0]
 [3100    0]
 [3101    0]
 [3102    0]
 [3103    0]
 [3104    0]
 [3105    0]
 [3106    0]
 [3107    0]
 [3108    0]
 [3109    0]
 [3110    0]
 [3111    0]
 [3112    0]
 [3113    0]
 [3114    0]
 [3115    0]
 [3116    0]
 [3117    0]
 [3118    0]
 [3119    0]
 [3120    0]
 [3121    0]
 [3122    0]
 [3123    0]
 [3124    0]
 [3125    0]
 [3126    0]
 [3127    0]
 [3128    0]
 [3129    0]
 [3130    0]
 [3180    0]
 [3181    0]
 [3182    0]
 [3183    0]
 [3184    0]
 [3185    0]
 [3186    0]
 [3187    0]
 [3188    0]
 [3189    0]
 [3190    0]
 [3191    0]
 [3192    0]
 [3193    0]
 [3194    0]
 [3195    0]
 [3196    0]
 [3197    0]
 [3198    0]
 [3199    0]
 [3200    0]
 [3201    0]
 [3202    0]
 [3203    0]
 [3204    0]
 [3205    0]
 [3206    0]
 [3207    0]
 [3208    0]
 [3209    0]
 [3210    0]
 [3211    0]
 [3212    0]
 [3213    0]
 [3214    0]
 [3215    0]
 [3216    0]
 [3217    0]
 [3218    0]
 [3219    0]
 [3220    0]
 [3210    0]
 [3211    0]
 [3212    0]
 [3213    0]
 [3214    0]
 [3215    0]
 [3216    0]
 [3217    0]
 [3218    0]
 [3219    0]
 [3220    0]
 [3221    0]
 [3222    0]
 [3223    0]
 [3224    0]
 [3225    0]
 [3226    0]
 [3227    0]
 [3228    0]
 [3229    0]
 [3230    0]
 [3231    0]
 [3232    0]
 [3233    0]
 [3234    0]
 [3235    7]
 [3236   63]
 [3237  122]
 [3238  165]
 [3239  208]
 [3240  240]
 [3241  244]
 [3242  291]
 [3243  335]
 [3244  375]
 [3245  413]
 [3246  446]
 [3247  463]
 [3248  491]
 [3249  519]
 [3250  551]
 [3251  579]
 [3252  611]
 [3253  643]
 [3254  672]
 [3255  700]
 [3256  730]
 [3257  767]
 [3258  792]
 [3259  826]
 [3260  848]
 [3261  874]
 [3262  897]
 [3263  917]
 [3264  938]
 [3265  958]
 [3266  977]
 [3267  992]
 [3268 1010]
 [3269 1025]
 [3270 1042]
 [3271 1057]
 [3272 1072]
 [3273 1086]
 [3274 1101]
 [3275 1119]
 [3276 1132]
 [3277 1149]
 [3278 1213]
 [3279 1268]
 [3280 1329]
 [3281 1390]
 [3282 1435]
 [3283 1470]
 [3284 1492]
 [3285 1500]
 [3286 1500]
 [3287 1500]
 [3288 1500]
 [3289 1500]
 [3290 1500]
 [3291 1500]
 [3292 1495]
 [3293 1482]
 [3294 1460]
 [3295 1429]
 [3296 1396]
 [3297 1354]
 [3298 1309]
 [3299 1307]
 [3290 1500]
 [3291 1500]
 [3292 1495]
 [3293 1482]
 [3294 1460]
 [3295 1429]
 [3296 1396]
 [3297 1354]
 [3298 1309]
 [3299 1307]
 [3300 1308]
 [3301 1303]
 [3302 1296]
 [3303 1289]
 [3304 1281]
 [3305 1272]
 [3306 1263]
 [3307 1254]
 [3308 1243]
 [3309 1233]
 [3310 1222]
 [3311 1217]
 [3312 1214]
 [3313 1209]
 [3314 1203]
 [3315 1198]
 [3316 1190]
 [3317 1186]
 [3318 1177]
 [3319 1172]
 [3320 1161]
 [3321 1157]
 [3322 1144]
 [3323 1134]
 [3324 1120]
 [3325 1112]
 [3326 1097]
 [3327 1084]
 [3328 1066]
 [3329 1051]
 [3330 1033]
 [3331 1009]
 [3332  981]
 [3333  947]
 [3334  904]
 [3335  848]
 [3336  766]
 [3337  667]
 [3338  549]
 [3339  421]
 [3340  277]
 [3341  111]
 [3342    0]
 [3343    0]
 [3344    0]
 [3345    0]
 [3346    0]
 [3347    0]
 [3348    0]
 [3349    0]
 [3350    0]
 [3351    0]
 [3352    0]
 [3353    0]
 [3354    0]
 [3355    0]
 [3356    0]
 [3357    0]
 [3358    0]
 [3359    0]
 [3360    0]
 [3361    0]
 [3362    0]
 [3363    0]
 [3364    0]
 [3365    0]
 [3366    0]
 [3367    0]
 [3368    0]
 [3369    0]
 [3370    0]
 [3420    0]
 [3421    0]
 [3422    0]
 [3423    0]
 [3424    0]
 [3425    0]
 [3426    0]
 [3427    0]
 [3428    0]
 [3429    0]
 [3430    0]
 [3431    0]
 [3432    0]
 [3433    0]
 [3434    0]
 [3435    0]
 [3436    0]
 [3437    0]
 [3438    0]
 [3439    0]
 [3440    0]
 [3441    0]
 [3442    0]
 [3443    0]
 [3444    0]
 [3445    0]
 [3446    0]
 [3447    0]
 [3448    0]
 [3449    0]
 [3450    0]
 [3451    0]
 [3452    0]
 [3453    0]
 [3454    0]
 [3455    0]
 [3456    0]
 [3457    0]
 [3458    0]
 [3459    0]
 [3460    0]
 [3450    0]
 [3451    0]
 [3452    0]
 [3453    0]
 [3454    0]
 [3455    0]
 [3456    0]
 [3457    0]
 [3458    0]
 [3459    0]
 [3460    0]
 [3461    0]
 [3462    0]
 [3463    0]
 [3464    0]
 [3465    0]
 [3466    0]
 [3467    0]
 [3468    0]
 [3469    0]
 [3470    0]
 [3471    0]
 [3472    0]
 [3473    0]
 [3474    0]
 [3475    0]
 [3476    0]
 [3477    0]
 [3478    0]
 [3479    0]
 [3480   18]
 [3481   10]
 [3482   65]
 [3483  118]
 [3484  169]
 [3485  215]
 [3486  252]
 [3487  276]
 [3488  313]
 [3489  346]
 [3490  364]
 [3491  393]
 [3492  420]
 [3493  450]
 [3494  480]
 [3495  510]
 [3496  543]
 [3497  575]
 [3498  606]
 [3499  640]
 [3500  668]
 [3501  705]
 [3502  740]
 [3503  763]
 [3504  786]
 [3505  810]
 [3506  836]
 [3507  856]
 [3508  881]
 [3509  904]
 [3510  924]
 [3511  946]
 [3512  964]
 [3513  982]
 [3514 1001]
 [3515 1018]
 [3516 1035]
 [3517 1051]
 [3518 1122]
 [3519 1176]
 [3520 1224]
 [3521 1275]
 [3522 1328]
 [3523 1376]
 [3524 1419]
 [3525 1451]
 [3526 1476]
 [3527 1492]
 [3528 1495]
 [3529 1491]
 [3530 1483]
 [3531 1471]
 [3532 1455]
 [3533 1433]
 [3534 1407]
 [3535 1376]
 [3536 1339]
 [3537 1302]
 [3538 1259]
 [3539 1265]
 [3530 1483]
 [3531 1471]
 [3532 1455]
 [3533 1433]
 [3534 1407]
 [3535 1376]
 [3536 1339]
 [3537 1302]
 [3538 1259]
 [3539 1265]
 [3540 1266]
 [3541 1263]
 [3542 1263]
 [3543 1261]
 [3544 1258]
 [3545 1255]
 [3546 1252]
 [3547 1247]
 [3548 1244]
 [3549 1240]
 [3550 1234]
 [3551 1233]
 [3552 1231]
 [3553 1230]
 [3554 1230]
 [3555 1229]
 [3556 1228]
 [3557 1223]
 [3558 1222]
 [3559 1218]
 [3560 1216]
 [3561 1214]
 [3562 1207]
 [3563 1203]
 [3564 1200]
 [3565 1195]
 [3566 1187]
 [3567 1182]
 [3568 1173]
 [3569 1165]
 [3570 1156]
 [3571 1147]
 [3572 1138]
 [3573 1126]
 [3574 1118]
 [3575 1107]
 [3576 1094]
 [3577 1082]
 [3578 1069]
 [3579 1070]
 [3580 1033]
 [3581  957]
 [3582  863]
 [3583  753]
 [3584  628]
 [3585  481]
 [3586  285]
 [3587   94]
 [3588    0]
 [3589    0]
 [3590    0]
 [3591    0]
 [3592    0]
 [3593    0]
 [3594    0]
 [3595    0]
 [3596    0]
 [3597    0]
 [3598    0]
 [3599    0]
 [3600    0]
 [3601    0]
 [3602    0]
 [3603    0]
 [3604    0]
 [3605    0]
 [3606    0]
 [3607    0]
 [3608    0]
 [3609    0]
 [3610    0]
 [3660    0]
 [3661    0]
 [3662    0]
 [3663    0]
 [3664    0]
 [3665    0]
 [3666    0]
 [3667    0]
 [3668    0]
 [3669    0]
 [3670    0]
 [3671    0]
 [3672    0]
 [3673    0]
 [3674    0]
 [3675    0]
 [3676    0]
 [3677    0]
 [3678    0]
 [3679    0]
 [3680    0]
 [3681    0]
 [3682    0]
 [3683    0]
 [3684    0]
 [3685    0]
 [3686    0]
 [3687    0]
 [3688    0]
 [3689    0]
 [3690    0]
 [3691    0]
 [3692    0]
 [3693    0]
 [3694    0]
 [3695    0]
 [3696    0]
 [3697    0]
 [3698    0]
 [3699    0]
 [3700    0]
 [3690    0]
 [3691    0]
 [3692    0]
 [3693    0]
 [3694    0]
 [3695    0]
 [3696    0]
 [3697    0]
 [3698    0]
 [3699    0]
 [3700    0]
 [3701    0]
 [3702    0]
 [3703    0]
 [3704    0]
 [3705    0]
 [3706    0]
 [3707    0]
 [3708    0]
 [3709    0]
 [3710    0]
 [3711    0]
 [3712    0]
 [3713    0]
 [3714    0]
 [3715    0]
 [3716    0]
 [3717    0]
 [3718    0]
 [3719    0]
 [3720    0]
 [3721    0]
 [3722    0]
 [3723    0]
 [3724    0]
 [3725    0]
 [3726   32]
 [3727   50]
 [3728   87]
 [3729  126]
 [3730  135]
 [3731  168]
 [3732  201]
 [3733  237]
 [3734  270]
 [3735  304]
 [3736  337]
 [3737  369]
 [3738  399]
 [3739  433]
 [3740  466]
 [3741  498]
 [3742  531]
 [3743  566]
 [3744  597]
 [3745  631]
 [3746  665]
 [3747  698]
 [3748  730]
 [3749  760]
 [3750  788]
 [3751  809]
 [3752  828]
 [3753  855]
 [3754  874]
 [3755  900]
 [3756  917]
 [3757  934]
 [3758 1004]
 [3759 1064]
 [3760 1117]
 [3761 1160]
 [3762 1196]
 [3763 1234]
 [3764 1275]
 [3765 1316]
 [3766 1355]
 [3767 1391]
 [3768 1408]
 [3769 1399]
 [3770 1384]
 [3771 1366]
 [3772 1345]
 [3773 1318]
 [3774 1291]
 [3775 1260]
 [3776 1227]
 [3777 1195]
 [3778 1161]
 [3779 1164]
 [3770 1384]
 [3771 1366]
 [3772 1345]
 [3773 1318]
 [3774 1291]
 [3775 1260]
 [3776 1227]
 [3777 1195]
 [3778 1161]
 [3779 1164]
 [3780 1165]
 [3781 1168]
 [3782 1173]
 [3783 1177]
 [3784 1184]
 [3785 1187]
 [3786 1194]
 [3787 1196]
 [3788 1201]
 [3789 1204]
 [3790 1207]
 [3791 1211]
 [3792 1212]
 [3793 1216]
 [3794 1217]
 [3795 1219]
 [3796 1220]
 [3797 1221]
 [3798 1221]
 [3799 1221]
 [3800 1222]
 [3801 1222]
 [3802 1222]
 [3803 1222]
 [3804 1222]
 [3805 1220]
 [3806 1219]
 [3807 1216]
 [3808 1214]
 [3809 1212]
 [3810 1211]
 [3811 1204]
 [3812 1202]
 [3813 1199]
 [3814 1192]
 [3815 1190]
 [3816 1184]
 [3817 1178]
 [3818 1173]
 [3819 1173]
 [3820 1173]
 [3821 1181]
 [3822 1188]
 [3823 1198]
 [3824 1195]
 [3825 1170]
 [3826 1087]
 [3827  991]
 [3828  894]
 [3829  837]
 [3830  701]
 [3831  600]
 [3832  527]
 [3833  461]
 [3834  399]
 [3835  319]
 [3836  239]
 [3837  148]
 [3838   37]
 [3839    0]
 [3840    0]
 [3841    0]
 [3842    0]
 [3843    0]
 [3844    0]
 [3845    0]
 [3846    0]
 [3847    0]
 [3848    0]
 [3849    0]
 [3850    0]
 [3900    0]
 [3901    0]
 [3902    0]
 [3903    0]
 [3904    0]
 [3905    0]
 [3906    0]
 [3907    0]
 [3908    0]
 [3909    0]
 [3910    0]
 [3911    0]
 [3912    0]
 [3913    0]
 [3914    0]
 [3915    0]
 [3916    0]
 [3917    0]
 [3918    0]
 [3919    0]
 [3920    0]
 [3921    0]
 [3922    0]
 [3923    0]
 [3924    0]
 [3925    0]
 [3926    0]
 [3927    0]
 [3928    0]
 [3929    0]
 [3930    0]
 [3931    0]
 [3932    0]
 [3933    0]
 [3934    0]
 [3935    0]
 [3936    0]
 [3937    0]
 [3938    0]
 [3939    0]
 [3940    0]
 [3930    0]
 [3931    0]
 [3932    0]
 [3933    0]
 [3934    0]
 [3935    0]
 [3936    0]
 [3937    0]
 [3938    0]
 [3939    0]
 [3940    0]
 [3941    0]
 [3942    0]
 [3943    0]
 [3944    0]
 [3945    0]
 [3946    0]
 [3947    0]
 [3948    0]
 [3949    0]
 [3950    0]
 [3951    0]
 [3952    0]
 [3953    0]
 [3954    0]
 [3955    0]
 [3956    0]
 [3957    0]
 [3958    0]
 [3959    0]
 [3960    0]
 [3961    0]
 [3962    0]
 [3963    0]
 [3964    0]
 [3965    0]
 [3966    0]
 [3967    0]
 [3968    0]
 [3969    0]
 [3970    0]
 [3971    0]
 [3972    0]
 [3973    0]
 [3974    0]
 [3975    0]
 [3976    0]
 [3977   24]
 [3978   80]
 [3979  129]
 [3980  177]
 [3981  223]
 [3982  270]
 [3983  309]
 [3984  347]
 [3985  384]
 [3986  423]
 [3987  458]
 [3988  497]
 [3989  533]
 [3990  571]
 [3991  608]
 [3992  648]
 [3993  685]
 [3994  717]
 [3995  752]
 [3996  770]
 [3997  790]
 [3998  873]
 [3999  949]
 [4000 1011]
 [4001 1067]
 [4002 1118]
 [4003 1160]
 [4004 1198]
 [4005 1231]
 [4006 1267]
 [4007 1301]
 [4008 1320]
 [4009 1304]
 [4010 1289]
 [4011 1252]
 [4012 1212]
 [4013 1172]
 [4014 1126]
 [4015 1077]
 [4016 1024]
 [4017  972]
 [4018  911]
 [4019  895]
 [4010 1289]
 [4011 1252]
 [4012 1212]
 [4013 1172]
 [4014 1126]
 [4015 1077]
 [4016 1024]
 [4017  972]
 [4018  911]
 [4019  895]
 [4020  876]
 [4021  896]
 [4022  918]
 [4023  941]
 [4024  961]
 [4025  982]
 [4026 1006]
 [4027 1028]
 [4028 1051]
 [4029 1073]
 [4030 1095]
 [4031 1102]
 [4032 1105]
 [4033 1110]
 [4034 1113]
 [4035 1116]
 [4036 1118]
 [4037 1124]
 [4038 1125]
 [4039 1126]
 [4040 1126]
 [4041 1127]
 [4042 1129]
 [4043 1129]
 [4044 1130]
 [4045 1130]
 [4046 1131]
 [4047 1131]
 [4048 1132]
 [4049 1132]
 [4050 1133]
 [4051 1134]
 [4052 1135]
 [4053 1136]
 [4054 1137]
 [4055 1138]
 [4056 1139]
 [4057 1142]
 [4058 1146]
 [4059 1149]
 [4060 1155]
 [4061 1159]
 [4062 1164]
 [4063 1169]
 [4064 1179]
 [4065 1188]
 [4066 1150]
 [4067 1100]
 [4068 1194]
 [4069 1285]
 [4070 1386]
 [4071 1475]
 [4072 1466]
 [4073 1454]
 [4074 1436]
 [4075 1413]
 [4076 1429]]
ステップ上限あり_モデル3_全員達成True_目標達成True_最低照度0_最大照度10000_最適化前照度500_最適化日数7_ステップサイズ50_J0.3452_Each_J0.1393

l_j = [[2460    0]
 [2461    0]
 [2462    0]
 [2463    0]
 [2464    0]
 [2465    0]
 [2466    0]
 [2467    0]
 [2468    0]
 [2469    0]
 [2470    0]
 [2471    0]
 [2472    0]
 [2473    0]
 [2474    0]
 [2475    0]
 [2476    0]
 [2477    0]
 [2478    0]
 [2479    0]
 [2480    0]
 [2481    0]
 [2482    0]
 [2483    0]
 [2484    0]
 [2485    0]
 [2486    0]
 [2487    0]
 [2488    0]
 [2489    0]
 [2490    0]
 [2491    0]
 [2492   45]
 [2493   84]
 [2494  134]
 [2495  182]
 [2496  188]
 [2497  199]
 [2498  236]
 [2499  277]
 [2500  319]
 [2490    0]
 [2491    0]
 [2492   45]
 [2493   84]
 [2494  134]
 [2495  182]
 [2496  188]
 [2497  199]
 [2498  236]
 [2499  277]
 [2500  319]
 [2501  356]
 [2502  387]
 [2503  422]
 [2504  438]
 [2505  451]
 [2506  467]
 [2507  487]
 [2508  515]
 [2509  535]
 [2510  560]
 [2511  568]
 [2512  621]
 [2513  675]
 [2514  736]
 [2515  802]
 [2516  875]
 [2517  946]
 [2518 1018]
 [2519 1088]
 [2520 1087]
 [2521 1121]
 [2522 1115]
 [2523 1109]
 [2524 1102]
 [2525 1089]
 [2526 1079]
 [2527 1065]
 [2528 1053]
 [2529 1041]
 [2530 1074]
 [2531 1085]
 [2532 1095]
 [2533 1105]
 [2534 1114]
 [2535 1122]
 [2536 1131]
 [2537 1137]
 [2538 1141]
 [2539 1147]
 [2540 1152]
 [2541 1155]
 [2542 1160]
 [2543 1164]
 [2544 1166]
 [2545 1169]
 [2546 1170]
 [2547 1173]
 [2548 1175]
 [2549 1176]
 [2550 1177]
 [2551 1177]
 [2552 1180]
 [2553 1181]
 [2554 1182]
 [2555 1183]
 [2556 1183]
 [2557 1184]
 [2558 1184]
 [2559 1219]
 [2560 1256]
 [2561 1291]
 [2562 1321]
 [2563 1347]
 [2564 1366]
 [2565 1379]
 [2566 1389]
 [2567 1396]
 [2568 1399]
 [2569 1392]
 [2570 1378]
 [2571 1360]
 [2572 1336]
 [2573 1308]
 [2574 1276]
 [2575 1244]
 [2576 1212]
 [2577 1179]
 [2578 1149]
 [2579 1143]
 [2570 1378]
 [2571 1360]
 [2572 1336]
 [2573 1308]
 [2574 1276]
 [2575 1244]
 [2576 1212]
 [2577 1179]
 [2578 1149]
 [2579 1143]
 [2580 1137]
 [2581 1124]
 [2582 1111]
 [2583 1096]
 [2584 1084]
 [2585 1070]
 [2586 1054]
 [2587 1031]
 [2588 1004]
 [2589  961]
 [2590  912]
 [2591  880]
 [2592  844]
 [2593  791]
 [2594  729]
 [2595  661]
 [2596  584]
 [2597  491]
 [2598  390]
 [2599  276]
 [2600  165]
 [2601   65]
 [2602    0]
 [2603    0]
 [2604    0]
 [2605    0]
 [2606    0]
 [2607    0]
 [2608    0]
 [2609    0]
 [2610    0]
 [2611    0]
 [2612    0]
 [2613    0]
 [2614    0]
 [2615    0]
 [2616    0]
 [2617    0]
 [2618    0]
 [2619    0]
 [2620    0]
 [2621    0]
 [2622    0]
 [2623    0]
 [2624    0]
 [2625    0]
 [2626    0]
 [2627    0]
 [2628    0]
 [2629    0]
 [2630    0]
 [2631    0]
 [2632    0]
 [2633    0]
 [2634    0]
 [2635    0]
 [2636    0]
 [2637    0]
 [2638    0]
 [2639    0]
 [2640    0]
 [2641    0]
 [2642    0]
 [2643    0]
 [2644    0]
 [2645    0]
 [2646    0]
 [2647    0]
 [2648    0]
 [2649    0]
 [2650    0]
 [2700    0]
 [2701    0]
 [2702    0]
 [2703    0]
 [2704    0]
 [2705    0]
 [2706    0]
 [2707    0]
 [2708    0]
 [2709    0]
 [2710    0]
 [2711    0]
 [2712    0]
 [2713    0]
 [2714    0]
 [2715    0]
 [2716    0]
 [2717    0]
 [2718    0]
 [2719    0]
 [2720    0]
 [2721    0]
 [2722    0]
 [2723    0]
 [2724    0]
 [2725    0]
 [2726    0]
 [2727    0]
 [2728    0]
 [2729    0]
 [2730    0]
 [2731    0]
 [2732    0]
 [2733    0]
 [2734    0]
 [2735    0]
 [2736    0]
 [2737    0]
 [2738    0]
 [2739   14]
 [2740   62]
 [2730    0]
 [2731    0]
 [2732    0]
 [2733    0]
 [2734    0]
 [2735    0]
 [2736    0]
 [2737    0]
 [2738    0]
 [2739   14]
 [2740   62]
 [2741  101]
 [2742  139]
 [2743  176]
 [2744  191]
 [2745  204]
 [2746  230]
 [2747  257]
 [2748  284]
 [2749  317]
 [2750  350]
 [2751  378]
 [2752  420]
 [2753  461]
 [2754  500]
 [2755  549]
 [2756  603]
 [2757  668]
 [2758  731]
 [2759  793]
 [2760  796]
 [2761  833]
 [2762  858]
 [2763  879]
 [2764  898]
 [2765  916]
 [2766  927]
 [2767  929]
 [2768  932]
 [2769  934]
 [2770  976]
 [2771  994]
 [2772 1011]
 [2773 1029]
 [2774 1045]
 [2775 1057]
 [2776 1070]
 [2777 1081]
 [2778 1093]
 [2779 1104]
 [2780 1114]
 [2781 1122]
 [2782 1129]
 [2783 1137]
 [2784 1143]
 [2785 1150]
 [2786 1156]
 [2787 1164]
 [2788 1168]
 [2789 1173]
 [2790 1178]
 [2791 1183]
 [2792 1189]
 [2793 1192]
 [2794 1198]
 [2795 1203]
 [2796 1208]
 [2797 1215]
 [2798 1221]
 [2799 1276]
 [2800 1325]
 [2801 1362]
 [2802 1386]
 [2803 1399]
 [2804 1400]
 [2805 1400]
 [2806 1400]
 [2807 1400]
 [2808 1400]
 [2809 1400]
 [2810 1400]
 [2811 1400]
 [2812 1400]
 [2813 1392]
 [2814 1373]
 [2815 1348]
 [2816 1315]
 [2817 1279]
 [2818 1239]
 [2819 1233]
 [2810 1400]
 [2811 1400]
 [2812 1400]
 [2813 1392]
 [2814 1373]
 [2815 1348]
 [2816 1315]
 [2817 1279]
 [2818 1239]
 [2819 1233]
 [2820 1229]
 [2821 1218]
 [2822 1209]
 [2823 1194]
 [2824 1182]
 [2825 1168]
 [2826 1153]
 [2827 1139]
 [2828 1125]
 [2829 1111]
 [2830 1090]
 [2831 1078]
 [2832 1063]
 [2833 1050]
 [2834 1029]
 [2835 1010]
 [2836  993]
 [2837  968]
 [2838  944]
 [2839  914]
 [2840  879]
 [2841  830]
 [2842  753]
 [2843  682]
 [2844  586]
 [2845  493]
 [2846  368]
 [2847  264]
 [2848  145]
 [2849   21]
 [2850    0]
 [2851    0]
 [2852    0]
 [2853    0]
 [2854    0]
 [2855    0]
 [2856    0]
 [2857    0]
 [2858    0]
 [2859    0]
 [2860    0]
 [2861    0]
 [2862    0]
 [2863    0]
 [2864    0]
 [2865    0]
 [2866    0]
 [2867    0]
 [2868    0]
 [2869    0]
 [2870    0]
 [2871    0]
 [2872    0]
 [2873    0]
 [2874    0]
 [2875    0]
 [2876    0]
 [2877    0]
 [2878    0]
 [2879    0]
 [2880    0]
 [2881    0]
 [2882    0]
 [2883    0]
 [2884    0]
 [2885    0]
 [2886    0]
 [2887    0]
 [2888    0]
 [2889    0]
 [2890    0]
 [2940    0]
 [2941    0]
 [2942    0]
 [2943    0]
 [2944    0]
 [2945    0]
 [2946    0]
 [2947    0]
 [2948    0]
 [2949    0]
 [2950    0]
 [2951    0]
 [2952    0]
 [2953    0]
 [2954    0]
 [2955    0]
 [2956    0]
 [2957    0]
 [2958    0]
 [2959    0]
 [2960    0]
 [2961    0]
 [2962    0]
 [2963    0]
 [2964    0]
 [2965    0]
 [2966    0]
 [2967    0]
 [2968    0]
 [2969    0]
 [2970    0]
 [2971    0]
 [2972    0]
 [2973    0]
 [2974    0]
 [2975    0]
 [2976    0]
 [2977    0]
 [2978    0]
 [2979    0]
 [2980    0]
 [2970    0]
 [2971    0]
 [2972    0]
 [2973    0]
 [2974    0]
 [2975    0]
 [2976    0]
 [2977    0]
 [2978    0]
 [2979    0]
 [2980    0]
 [2981    0]
 [2982    0]
 [2983    0]
 [2984    0]
 [2985    0]
 [2986    0]
 [2987    0]
 [2988    0]
 [2989    0]
 [2990   47]
 [2991  116]
 [2992  159]
 [2993  201]
 [2994  244]
 [2995  291]
 [2996  338]
 [2997  397]
 [2998  451]
 [2999  498]
 [3000  518]
 [3001  537]
 [3002  575]
 [3003  613]
 [3004  647]
 [3005  675]
 [3006  692]
 [3007  707]
 [3008  723]
 [3009  741]
 [3010  795]
 [3011  830]
 [3012  863]
 [3013  889]
 [3014  912]
 [3015  936]
 [3016  957]
 [3017  974]
 [3018  991]
 [3019 1007]
 [3020 1023]
 [3021 1038]
 [3022 1050]
 [3023 1064]
 [3024 1076]
 [3025 1089]
 [3026 1099]
 [3027 1110]
 [3028 1120]
 [3029 1128]
 [3030 1137]
 [3031 1148]
 [3032 1156]
 [3033 1162]
 [3034 1170]
 [3035 1179]
 [3036 1187]
 [3037 1198]
 [3038 1207]
 [3039 1265]
 [3040 1322]
 [3041 1365]
 [3042 1391]
 [3043 1400]
 [3044 1400]
 [3045 1400]
 [3046 1400]
 [3047 1400]
 [3048 1400]
 [3049 1400]
 [3050 1400]
 [3051 1400]
 [3052 1400]
 [3053 1400]
 [3054 1394]
 [3055 1375]
 [3056 1348]
 [3057 1314]
 [3058 1273]
 [3059 1268]
 [3050 1400]
 [3051 1400]
 [3052 1400]
 [3053 1400]
 [3054 1394]
 [3055 1375]
 [3056 1348]
 [3057 1314]
 [3058 1273]
 [3059 1268]
 [3060 1265]
 [3061 1259]
 [3062 1252]
 [3063 1244]
 [3064 1235]
 [3065 1226]
 [3066 1217]
 [3067 1202]
 [3068 1190]
 [3069 1179]
 [3070 1165]
 [3071 1159]
 [3072 1152]
 [3073 1145]
 [3074 1137]
 [3075 1128]
 [3076 1119]
 [3077 1108]
 [3078 1098]
 [3079 1084]
 [3080 1071]
 [3081 1054]
 [3082 1038]
 [3083 1019]
 [3084  999]
 [3085  976]
 [3086  945]
 [3087  899]
 [3088  852]
 [3089  793]
 [3090  713]
 [3091  622]
 [3092  514]
 [3093  371]
 [3094  222]
 [3095   61]
 [3096    0]
 [3097    0]
 [3098    0]
 [3099    0]
 [3100    0]
 [3101    0]
 [3102    0]
 [3103    0]
 [3104    0]
 [3105    0]
 [3106    0]
 [3107    0]
 [3108    0]
 [3109    0]
 [3110    0]
 [3111    0]
 [3112    0]
 [3113    0]
 [3114    0]
 [3115    0]
 [3116    0]
 [3117    0]
 [3118    0]
 [3119    0]
 [3120    0]
 [3121    0]
 [3122    0]
 [3123    0]
 [3124    0]
 [3125    0]
 [3126    0]
 [3127    0]
 [3128    0]
 [3129    0]
 [3130    0]
 [3180    0]
 [3181    0]
 [3182    0]
 [3183    0]
 [3184    0]
 [3185    0]
 [3186    0]
 [3187    0]
 [3188    0]
 [3189    0]
 [3190    0]
 [3191    0]
 [3192    0]
 [3193    0]
 [3194    0]
 [3195    0]
 [3196    0]
 [3197    0]
 [3198    0]
 [3199    0]
 [3200    0]
 [3201    0]
 [3202    0]
 [3203    0]
 [3204    0]
 [3205    0]
 [3206    0]
 [3207    0]
 [3208    0]
 [3209    0]
 [3210    0]
 [3211    0]
 [3212    0]
 [3213    0]
 [3214    0]
 [3215    0]
 [3216    0]
 [3217    0]
 [3218    0]
 [3219    0]
 [3220    0]
 [3210    0]
 [3211    0]
 [3212    0]
 [3213    0]
 [3214    0]
 [3215    0]
 [3216    0]
 [3217    0]
 [3218    0]
 [3219    0]
 [3220    0]
 [3221    0]
 [3222    0]
 [3223    0]
 [3224    0]
 [3225    0]
 [3226    0]
 [3227    0]
 [3228    0]
 [3229    0]
 [3230    0]
 [3231    0]
 [3232    0]
 [3233    0]
 [3234    0]
 [3235    0]
 [3236    0]
 [3237   60]
 [3238  121]
 [3239  174]
 [3240  213]
 [3241  221]
 [3242  274]
 [3243  323]
 [3244  372]
 [3245  416]
 [3246  450]
 [3247  470]
 [3248  499]
 [3249  530]
 [3250  568]
 [3251  603]
 [3252  639]
 [3253  677]
 [3254  715]
 [3255  750]
 [3256  782]
 [3257  816]
 [3258  848]
 [3259  869]
 [3260  894]
 [3261  915]
 [3262  935]
 [3263  953]
 [3264  972]
 [3265  990]
 [3266 1006]
 [3267 1021]
 [3268 1035]
 [3269 1049]
 [3270 1064]
 [3271 1080]
 [3272 1094]
 [3273 1103]
 [3274 1116]
 [3275 1129]
 [3276 1141]
 [3277 1151]
 [3278 1206]
 [3279 1261]
 [3280 1316]
 [3281 1359]
 [3282 1387]
 [3283 1400]
 [3284 1400]
 [3285 1400]
 [3286 1400]
 [3287 1400]
 [3288 1400]
 [3289 1400]
 [3290 1400]
 [3291 1400]
 [3292 1400]
 [3293 1400]
 [3294 1394]
 [3295 1376]
 [3296 1350]
 [3297 1318]
 [3298 1277]
 [3299 1276]
 [3290 1400]
 [3291 1400]
 [3292 1400]
 [3293 1400]
 [3294 1394]
 [3295 1376]
 [3296 1350]
 [3297 1318]
 [3298 1277]
 [3299 1276]
 [3300 1271]
 [3301 1269]
 [3302 1264]
 [3303 1258]
 [3304 1254]
 [3305 1249]
 [3306 1242]
 [3307 1237]
 [3308 1228]
 [3309 1219]
 [3310 1211]
 [3311 1206]
 [3312 1201]
 [3313 1197]
 [3314 1191]
 [3315 1187]
 [3316 1181]
 [3317 1177]
 [3318 1171]
 [3319 1165]
 [3320 1160]
 [3321 1152]
 [3322 1145]
 [3323 1137]
 [3324 1128]
 [3325 1118]
 [3326 1107]
 [3327 1093]
 [3328 1078]
 [3329 1063]
 [3330 1049]
 [3331 1031]
 [3332 1009]
 [3333  978]
 [3334  939]
 [3335  880]
 [3336  801]
 [3337  685]
 [3338  551]
 [3339  396]
 [3340  229]
 [3341   35]
 [3342    0]
 [3343    0]
 [3344    0]
 [3345    0]
 [3346    0]
 [3347    0]
 [3348    0]
 [3349    0]
 [3350    0]
 [3351    0]
 [3352    0]
 [3353    0]
 [3354    0]
 [3355    0]
 [3356    0]
 [3357    0]
 [3358    0]
 [3359    0]
 [3360    0]
 [3361    0]
 [3362    0]
 [3363    0]
 [3364    0]
 [3365    0]
 [3366    0]
 [3367    0]
 [3368    0]
 [3369    0]
 [3370    0]
 [3420    0]
 [3421    0]
 [3422    0]
 [3423    0]
 [3424    0]
 [3425    0]
 [3426    0]
 [3427    0]
 [3428    0]
 [3429    0]
 [3430    0]
 [3431    0]
 [3432    0]
 [3433    0]
 [3434    0]
 [3435    0]
 [3436    0]
 [3437    0]
 [3438    0]
 [3439    0]
 [3440    0]
 [3441    0]
 [3442    0]
 [3443    0]
 [3444    0]
 [3445    0]
 [3446    0]
 [3447    0]
 [3448    0]
 [3449    0]
 [3450    0]
 [3451    0]
 [3452    0]
 [3453    0]
 [3454    0]
 [3455    0]
 [3456    0]
 [3457    0]
 [3458    0]
 [3459    0]
 [3460    0]
 [3450    0]
 [3451    0]
 [3452    0]
 [3453    0]
 [3454    0]
 [3455    0]
 [3456    0]
 [3457    0]
 [3458    0]
 [3459    0]
 [3460    0]
 [3461    0]
 [3462    0]
 [3463    0]
 [3464    0]
 [3465    0]
 [3466    0]
 [3467    0]
 [3468    0]
 [3469    0]
 [3470    0]
 [3471    0]
 [3472    0]
 [3473    0]
 [3474    0]
 [3475    0]
 [3476    0]
 [3477    0]
 [3478    0]
 [3479    0]
 [3480    0]
 [3481    0]
 [3482    0]
 [3483   59]
 [3484  121]
 [3485  177]
 [3486  223]
 [3487  247]
 [3488  290]
 [3489  326]
 [3490  355]
 [3491  389]
 [3492  420]
 [3493  456]
 [3494  494]
 [3495  529]
 [3496  567]
 [3497  600]
 [3498  642]
 [3499  676]
 [3500  716]
 [3501  750]
 [3502  781]
 [3503  806]
 [3504  831]
 [3505  854]
 [3506  874]
 [3507  898]
 [3508  918]
 [3509  938]
 [3510  957]
 [3511  975]
 [3512  993]
 [3513 1010]
 [3514 1025]
 [3515 1042]
 [3516 1058]
 [3517 1073]
 [3518 1127]
 [3519 1173]
 [3520 1216]
 [3521 1264]
 [3522 1310]
 [3523 1351]
 [3524 1377]
 [3525 1395]
 [3526 1400]
 [3527 1400]
 [3528 1400]
 [3529 1400]
 [3530 1400]
 [3531 1400]
 [3532 1395]
 [3533 1382]
 [3534 1364]
 [3535 1342]
 [3536 1315]
 [3537 1279]
 [3538 1243]
 [3539 1243]
 [3530 1400]
 [3531 1400]
 [3532 1395]
 [3533 1382]
 [3534 1364]
 [3535 1342]
 [3536 1315]
 [3537 1279]
 [3538 1243]
 [3539 1243]
 [3540 1244]
 [3541 1243]
 [3542 1242]
 [3543 1242]
 [3544 1239]
 [3545 1239]
 [3546 1237]
 [3547 1233]
 [3548 1230]
 [3549 1228]
 [3550 1225]
 [3551 1224]
 [3552 1222]
 [3553 1221]
 [3554 1218]
 [3555 1217]
 [3556 1214]
 [3557 1213]
 [3558 1211]
 [3559 1206]
 [3560 1205]
 [3561 1202]
 [3562 1196]
 [3563 1195]
 [3564 1189]
 [3565 1186]
 [3566 1181]
 [3567 1175]
 [3568 1172]
 [3569 1164]
 [3570 1157]
 [3571 1151]
 [3572 1142]
 [3573 1135]
 [3574 1125]
 [3575 1120]
 [3576 1112]
 [3577 1107]
 [3578 1109]
 [3579 1104]
 [3580 1091]
 [3581 1015]
 [3582  904]
 [3583  772]
 [3584  625]
 [3585  455]
 [3586  232]
 [3587   55]
 [3588    0]
 [3589    0]
 [3590    0]
 [3591    0]
 [3592    0]
 [3593    0]
 [3594    0]
 [3595    0]
 [3596    0]
 [3597    0]
 [3598    0]
 [3599    0]
 [3600    0]
 [3601    0]
 [3602    0]
 [3603    0]
 [3604    0]
 [3605    0]
 [3606    0]
 [3607    0]
 [3608    0]
 [3609    0]
 [3610    0]
 [3660    0]
 [3661    0]
 [3662    0]
 [3663    0]
 [3664    0]
 [3665    0]
 [3666    0]
 [3667    0]
 [3668    0]
 [3669    0]
 [3670    0]
 [3671    0]
 [3672    0]
 [3673    0]
 [3674    0]
 [3675    0]
 [3676    0]
 [3677    0]
 [3678    0]
 [3679    0]
 [3680    0]
 [3681    0]
 [3682    0]
 [3683    0]
 [3684    0]
 [3685    0]
 [3686    0]
 [3687    0]
 [3688    0]
 [3689    0]
 [3690    0]
 [3691    0]
 [3692    0]
 [3693    0]
 [3694    0]
 [3695    0]
 [3696    0]
 [3697    0]
 [3698    0]
 [3699    0]
 [3700    0]
 [3690    0]
 [3691    0]
 [3692    0]
 [3693    0]
 [3694    0]
 [3695    0]
 [3696    0]
 [3697    0]
 [3698    0]
 [3699    0]
 [3700    0]
 [3701    0]
 [3702    0]
 [3703    0]
 [3704    0]
 [3705    0]
 [3706    0]
 [3707    0]
 [3708    0]
 [3709    0]
 [3710    0]
 [3711    0]
 [3712    0]
 [3713    0]
 [3714    0]
 [3715    0]
 [3716    0]
 [3717    0]
 [3718    0]
 [3719    0]
 [3720    0]
 [3721    0]
 [3722    0]
 [3723    0]
 [3724    0]
 [3725    0]
 [3726    0]
 [3727    0]
 [3728    1]
 [3729   45]
 [3730   58]
 [3731  106]
 [3732  150]
 [3733  195]
 [3734  239]
 [3735  281]
 [3736  322]
 [3737  362]
 [3738  400]
 [3739  439]
 [3740  478]
 [3741  518]
 [3742  555]
 [3743  595]
 [3744  632]
 [3745  675]
 [3746  709]
 [3747  742]
 [3748  771]
 [3749  796]
 [3750  823]
 [3751  848]
 [3752  864]
 [3753  889]
 [3754  912]
 [3755  934]
 [3756  948]
 [3757  964]
 [3758 1026]
 [3759 1080]
 [3760 1121]
 [3761 1153]
 [3762 1190]
 [3763 1226]
 [3764 1264]
 [3765 1302]
 [3766 1336]
 [3767 1361]
 [3768 1371]
 [3769 1366]
 [3770 1356]
 [3771 1343]
 [3772 1325]
 [3773 1301]
 [3774 1277]
 [3775 1248]
 [3776 1216]
 [3777 1185]
 [3778 1152]
 [3779 1151]
 [3770 1356]
 [3771 1343]
 [3772 1325]
 [3773 1301]
 [3774 1277]
 [3775 1248]
 [3776 1216]
 [3777 1185]
 [3778 1152]
 [3779 1151]
 [3780 1150]
 [3781 1154]
 [3782 1161]
 [3783 1165]
 [3784 1171]
 [3785 1175]
 [3786 1180]
 [3787 1186]
 [3788 1191]
 [3789 1193]
 [3790 1199]
 [3791 1200]
 [3792 1201]
 [3793 1206]
 [3794 1206]
 [3795 1207]
 [3796 1208]
 [3797 1209]
 [3798 1209]
 [3799 1211]
 [3800 1211]
 [3801 1210]
 [3802 1210]
 [3803 1208]
 [3804 1208]
 [3805 1207]
 [3806 1205]
 [3807 1202]
 [3808 1201]
 [3809 1199]
 [3810 1195]
 [3811 1193]
 [3812 1190]
 [3813 1187]
 [3814 1183]
 [3815 1180]
 [3816 1176]
 [3817 1172]
 [3818 1170]
 [3819 1171]
 [3820 1172]
 [3821 1175]
 [3822 1182]
 [3823 1189]
 [3824 1196]
 [3825 1204]
 [3826 1121]
 [3827 1004]
 [3828  881]
 [3829  759]
 [3830  624]
 [3831  524]
 [3832  451]
 [3833  387]
 [3834  320]
 [3835  254]
 [3836  176]
 [3837  100]
 [3838   13]
 [3839    0]
 [3840    0]
 [3841    0]
 [3842    0]
 [3843    0]
 [3844    0]
 [3845    0]
 [3846    0]
 [3847    0]
 [3848    0]
 [3849    0]
 [3850    0]
 [3900    0]
 [3901    0]
 [3902    0]
 [3903    0]
 [3904    0]
 [3905    0]
 [3906    0]
 [3907    0]
 [3908    0]
 [3909    0]
 [3910    0]
 [3911    0]
 [3912    0]
 [3913    0]
 [3914    0]
 [3915    0]
 [3916    0]
 [3917    0]
 [3918    0]
 [3919    0]
 [3920    0]
 [3921    0]
 [3922    0]
 [3923    0]
 [3924    0]
 [3925    0]
 [3926    0]
 [3927    0]
 [3928    0]
 [3929    0]
 [3930    0]
 [3931    0]
 [3932    0]
 [3933    0]
 [3934    0]
 [3935    0]
 [3936    0]
 [3937    0]
 [3938    0]
 [3939    0]
 [3940    0]
 [3930    0]
 [3931    0]
 [3932    0]
 [3933    0]
 [3934    0]
 [3935    0]
 [3936    0]
 [3937    0]
 [3938    0]
 [3939    0]
 [3940    0]
 [3941    0]
 [3942    0]
 [3943    0]
 [3944    0]
 [3945    0]
 [3946    0]
 [3947    0]
 [3948    0]
 [3949    0]
 [3950    0]
 [3951    0]
 [3952    0]
 [3953    0]
 [3954    0]
 [3955    0]
 [3956    0]
 [3957    0]
 [3958    0]
 [3959    0]
 [3960    0]
 [3961    0]
 [3962    0]
 [3963    0]
 [3964    0]
 [3965    0]
 [3966    0]
 [3967    0]
 [3968    0]
 [3969    0]
 [3970    0]
 [3971    0]
 [3972    0]
 [3973    0]
 [3974    0]
 [3975    0]
 [3976    0]
 [3977    0]
 [3978    0]
 [3979   71]
 [3980  133]
 [3981  189]
 [3982  242]
 [3983  294]
 [3984  339]
 [3985  384]
 [3986  429]
 [3987  474]
 [3988  515]
 [3989  562]
 [3990  604]
 [3991  646]
 [3992  690]
 [3993  724]
 [3994  757]
 [3995  789]
 [3996  809]
 [3997  829]
 [3998  906]
 [3999  976]
 [4000 1031]
 [4001 1085]
 [4002 1123]
 [4003 1158]
 [4004 1191]
 [4005 1223]
 [4006 1256]
 [4007 1290]
 [4008 1308]
 [4009 1293]
 [4010 1276]
 [4011 1240]
 [4012 1202]
 [4013 1160]
 [4014 1115]
 [4015 1068]
 [4016 1021]
 [4017  965]
 [4018  911]
 [4019  889]
 [4010 1276]
 [4011 1240]
 [4012 1202]
 [4013 1160]
 [4014 1115]
 [4015 1068]
 [4016 1021]
 [4017  965]
 [4018  911]
 [4019  889]
 [4020  871]
 [4021  888]
 [4022  909]
 [4023  928]
 [4024  953]
 [4025  974]
 [4026  997]
 [4027 1022]
 [4028 1045]
 [4029 1070]
 [4030 1093]
 [4031 1097]
 [4032 1100]
 [4033 1103]
 [4034 1107]
 [4035 1109]
 [4036 1109]
 [4037 1110]
 [4038 1112]
 [4039 1112]
 [4040 1114]
 [4041 1116]
 [4042 1116]
 [4043 1114]
 [4044 1114]
 [4045 1116]
 [4046 1116]
 [4047 1113]
 [4048 1113]
 [4049 1114]
 [4050 1114]
 [4051 1116]
 [4052 1116]
 [4053 1115]
 [4054 1118]
 [4055 1120]
 [4056 1121]
 [4057 1123]
 [4058 1127]
 [4059 1131]
 [4060 1135]
 [4061 1142]
 [4062 1147]
 [4063 1155]
 [4064 1163]
 [4065 1177]
 [4066 1144]
 [4067 1105]
 [4068 1186]
 [4069 1274]
 [4070 1355]
 [4071 1400]
 [4072 1399]
 [4073 1396]
 [4074 1393]
 [4075 1388]
 [4076 1396]]
ステップ上限あり_モデル3_全員達成True_目標達成True_最低照度0_最大照度10000_最適化前照度500_最適化日数7_ステップサイズ60_J0.3377_Each_J0.1437

l_j = [[2460    0]
 [2461    0]
 [2462    0]
 [2463    0]
 [2464    0]
 [2465    0]
 [2466    0]
 [2467    0]
 [2468    0]
 [2469    0]
 [2470    0]
 [2471    0]
 [2472    0]
 [2473    0]
 [2474    0]
 [2475    0]
 [2476    0]
 [2477    0]
 [2478    0]
 [2479    0]
 [2480    0]
 [2481    0]
 [2482    0]
 [2483    0]
 [2484    0]
 [2485    0]
 [2486    0]
 [2487    0]
 [2488    0]
 [2489    0]
 [2490    0]
 [2491    0]
 [2492    0]
 [2493   15]
 [2494   72]
 [2495  126]
 [2496  132]
 [2497  142]
 [2498  191]
 [2499  236]
 [2500  283]
 [2490    0]
 [2491    0]
 [2492    0]
 [2493   15]
 [2494   72]
 [2495  126]
 [2496  132]
 [2497  142]
 [2498  191]
 [2499  236]
 [2500  283]
 [2501  325]
 [2502  364]
 [2503  408]
 [2504  425]
 [2505  444]
 [2506  465]
 [2507  486]
 [2508  516]
 [2509  543]
 [2510  574]
 [2511  582]
 [2512  646]
 [2513  717]
 [2514  790]
 [2515  871]
 [2516  958]
 [2517 1043]
 [2518 1129]
 [2519 1171]
 [2520 1167]
 [2521 1187]
 [2522 1180]
 [2523 1172]
 [2524 1164]
 [2525 1152]
 [2526 1137]
 [2527 1124]
 [2528 1108]
 [2529 1095]
 [2530 1121]
 [2531 1135]
 [2532 1145]
 [2533 1152]
 [2534 1160]
 [2535 1167]
 [2536 1172]
 [2537 1180]
 [2538 1183]
 [2539 1185]
 [2540 1192]
 [2541 1194]
 [2542 1199]
 [2543 1201]
 [2544 1204]
 [2545 1207]
 [2546 1209]
 [2547 1213]
 [2548 1213]
 [2549 1215]
 [2550 1218]
 [2551 1219]
 [2552 1220]
 [2553 1220]
 [2554 1221]
 [2555 1222]
 [2556 1222]
 [2557 1223]
 [2558 1225]
 [2559 1270]
 [2560 1313]
 [2561 1350]
 [2562 1381]
 [2563 1409]
 [2564 1431]
 [2565 1441]
 [2566 1448]
 [2567 1450]
 [2568 1450]
 [2569 1449]
 [2570 1441]
 [2571 1422]
 [2572 1388]
 [2573 1354]
 [2574 1317]
 [2575 1277]
 [2576 1234]
 [2577 1191]
 [2578 1149]
 [2579 1142]
 [2570 1441]
 [2571 1422]
 [2572 1388]
 [2573 1354]
 [2574 1317]
 [2575 1277]
 [2576 1234]
 [2577 1191]
 [2578 1149]
 [2579 1142]
 [2580 1133]
 [2581 1119]
 [2582 1103]
 [2583 1089]
 [2584 1075]
 [2585 1062]
 [2586 1048]
 [2587 1030]
 [2588 1007]
 [2589  968]
 [2590  916]
 [2591  877]
 [2592  834]
 [2593  776]
 [2594  707]
 [2595  618]
 [2596  532]
 [2597  429]
 [2598  314]
 [2599  197]
 [2600   89]
 [2601    6]
 [2602    0]
 [2603    0]
 [2604    0]
 [2605    0]
 [2606    0]
 [2607    0]
 [2608    0]
 [2609    0]
 [2610    0]
 [2611    0]
 [2612    0]
 [2613    0]
 [2614    0]
 [2615    0]
 [2616    0]
 [2617    0]
 [2618    0]
 [2619    0]
 [2620    0]
 [2621    0]
 [2622    0]
 [2623    0]
 [2624    0]
 [2625    0]
 [2626    0]
 [2627    0]
 [2628    0]
 [2629    0]
 [2630    0]
 [2631    0]
 [2632    0]
 [2633    0]
 [2634    0]
 [2635    0]
 [2636    0]
 [2637    0]
 [2638    0]
 [2639    0]
 [2640    0]
 [2641    0]
 [2642    0]
 [2643    0]
 [2644    0]
 [2645    0]
 [2646    0]
 [2647    0]
 [2648    0]
 [2649    0]
 [2650    0]
 [2700    0]
 [2701    0]
 [2702    0]
 [2703    0]
 [2704    0]
 [2705    0]
 [2706    0]
 [2707    0]
 [2708    0]
 [2709    0]
 [2710    0]
 [2711    0]
 [2712    0]
 [2713    0]
 [2714    0]
 [2715    0]
 [2716    0]
 [2717    0]
 [2718    0]
 [2719    0]
 [2720    0]
 [2721    0]
 [2722    0]
 [2723    0]
 [2724    0]
 [2725    0]
 [2726    0]
 [2727    0]
 [2728    0]
 [2729    0]
 [2730    0]
 [2731    0]
 [2732    0]
 [2733    0]
 [2734    0]
 [2735    0]
 [2736    0]
 [2737    0]
 [2738    0]
 [2739    0]
 [2740    0]
 [2730    0]
 [2731    0]
 [2732    0]
 [2733    0]
 [2734    0]
 [2735    0]
 [2736    0]
 [2737    0]
 [2738    0]
 [2739    0]
 [2740    0]
 [2741    0]
 [2742   18]
 [2743   71]
 [2744   95]
 [2745  117]
 [2746  155]
 [2747  193]
 [2748  228]
 [2749  269]
 [2750  311]
 [2751  349]
 [2752  399]
 [2753  453]
 [2754  502]
 [2755  560]
 [2756  631]
 [2757  706]
 [2758  784]
 [2759  858]
 [2760  864]
 [2761  908]
 [2762  939]
 [2763  964]
 [2764  985]
 [2765  991]
 [2766  995]
 [2767  993]
 [2768  993]
 [2769  992]
 [2770 1029]
 [2771 1046]
 [2772 1061]
 [2773 1077]
 [2774 1089]
 [2775 1104]
 [2776 1119]
 [2777 1128]
 [2778 1136]
 [2779 1144]
 [2780 1155]
 [2781 1162]
 [2782 1170]
 [2783 1175]
 [2784 1182]
 [2785 1189]
 [2786 1195]
 [2787 1201]
 [2788 1209]
 [2789 1213]
 [2790 1221]
 [2791 1226]
 [2792 1232]
 [2793 1236]
 [2794 1243]
 [2795 1252]
 [2796 1257]
 [2797 1265]
 [2798 1272]
 [2799 1337]
 [2800 1384]
 [2801 1427]
 [2802 1445]
 [2803 1450]
 [2804 1450]
 [2805 1450]
 [2806 1450]
 [2807 1450]
 [2808 1450]
 [2809 1450]
 [2810 1450]
 [2811 1450]
 [2812 1450]
 [2813 1449]
 [2814 1433]
 [2815 1394]
 [2816 1345]
 [2817 1297]
 [2818 1244]
 [2819 1235]
 [2810 1450]
 [2811 1450]
 [2812 1450]
 [2813 1449]
 [2814 1433]
 [2815 1394]
 [2816 1345]
 [2817 1297]
 [2818 1244]
 [2819 1235]
 [2820 1225]
 [2821 1217]
 [2822 1208]
 [2823 1199]
 [2824 1190]
 [2825 1175]
 [2826 1162]
 [2827 1147]
 [2828 1136]
 [2829 1121]
 [2830 1108]
 [2831 1094]
 [2832 1081]
 [2833 1065]
 [2834 1049]
 [2835 1031]
 [2836 1010]
 [2837  989]
 [2838  963]
 [2839  928]
 [2840  878]
 [2841  822]
 [2842  755]
 [2843  677]
 [2844  580]
 [2845  465]
 [2846  341]
 [2847  203]
 [2848   69]
 [2849    0]
 [2850    0]
 [2851    0]
 [2852    0]
 [2853    0]
 [2854    0]
 [2855    0]
 [2856    0]
 [2857    0]
 [2858    0]
 [2859    0]
 [2860    0]
 [2861    0]
 [2862    0]
 [2863    0]
 [2864    0]
 [2865    0]
 [2866    0]
 [2867    0]
 [2868    0]
 [2869    0]
 [2870    0]
 [2871    0]
 [2872    0]
 [2873    0]
 [2874    0]
 [2875    0]
 [2876    0]
 [2877    0]
 [2878    0]
 [2879    0]
 [2880    0]
 [2881    0]
 [2882    0]
 [2883    0]
 [2884    0]
 [2885    0]
 [2886    0]
 [2887    0]
 [2888    0]
 [2889    0]
 [2890    0]
 [2940    0]
 [2941    0]
 [2942    0]
 [2943    0]
 [2944    0]
 [2945    0]
 [2946    0]
 [2947    0]
 [2948    0]
 [2949    0]
 [2950    0]
 [2951    0]
 [2952    0]
 [2953    0]
 [2954    0]
 [2955    0]
 [2956    0]
 [2957    0]
 [2958    0]
 [2959    0]
 [2960    0]
 [2961    0]
 [2962    0]
 [2963    0]
 [2964    0]
 [2965    0]
 [2966    0]
 [2967    0]
 [2968    0]
 [2969    0]
 [2970    0]
 [2971    0]
 [2972    0]
 [2973    0]
 [2974    0]
 [2975    0]
 [2976    0]
 [2977    0]
 [2978    0]
 [2979    0]
 [2980    0]
 [2970    0]
 [2971    0]
 [2972    0]
 [2973    0]
 [2974    0]
 [2975    0]
 [2976    0]
 [2977    0]
 [2978    0]
 [2979    0]
 [2980    0]
 [2981    0]
 [2982    0]
 [2983    0]
 [2984    0]
 [2985    0]
 [2986    0]
 [2987    0]
 [2988    0]
 [2989    0]
 [2990    0]
 [2991    0]
 [2992   46]
 [2993  111]
 [2994  171]
 [2995  231]
 [2996  297]
 [2997  370]
 [2998  438]
 [2999  496]
 [3000  516]
 [3001  542]
 [3002  590]
 [3003  633]
 [3004  673]
 [3005  709]
 [3006  735]
 [3007  750]
 [3008  764]
 [3009  792]
 [3010  854]
 [3011  882]
 [3012  913]
 [3013  937]
 [3014  961]
 [3015  981]
 [3016 1001]
 [3017 1018]
 [3018 1034]
 [3019 1049]
 [3020 1061]
 [3021 1075]
 [3022 1093]
 [3023 1106]
 [3024 1115]
 [3025 1126]
 [3026 1137]
 [3027 1146]
 [3028 1157]
 [3029 1166]
 [3030 1173]
 [3031 1183]
 [3032 1191]
 [3033 1202]
 [3034 1212]
 [3035 1221]
 [3036 1231]
 [3037 1243]
 [3038 1255]
 [3039 1327]
 [3040 1386]
 [3041 1430]
 [3042 1448]
 [3043 1450]
 [3044 1450]
 [3045 1450]
 [3046 1450]
 [3047 1450]
 [3048 1450]
 [3049 1450]
 [3050 1450]
 [3051 1450]
 [3052 1450]
 [3053 1450]
 [3054 1449]
 [3055 1434]
 [3056 1393]
 [3057 1340]
 [3058 1287]
 [3059 1277]
 [3050 1450]
 [3051 1450]
 [3052 1450]
 [3053 1450]
 [3054 1449]
 [3055 1434]
 [3056 1393]
 [3057 1340]
 [3058 1287]
 [3059 1277]
 [3060 1269]
 [3061 1262]
 [3062 1257]
 [3063 1252]
 [3064 1247]
 [3065 1239]
 [3066 1234]
 [3067 1225]
 [3068 1215]
 [3069 1204]
 [3070 1191]
 [3071 1182]
 [3072 1176]
 [3073 1167]
 [3074 1158]
 [3075 1149]
 [3076 1140]
 [3077 1130]
 [3078 1119]
 [3079 1106]
 [3080 1094]
 [3081 1078]
 [3082 1061]
 [3083 1045]
 [3084 1021]
 [3085  998]
 [3086  956]
 [3087  910]
 [3088  859]
 [3089  791]
 [3090  711]
 [3091  605]
 [3092  477]
 [3093  317]
 [3094  133]
 [3095    0]
 [3096    0]
 [3097    0]
 [3098    0]
 [3099    0]
 [3100    0]
 [3101    0]
 [3102    0]
 [3103    0]
 [3104    0]
 [3105    0]
 [3106    0]
 [3107    0]
 [3108    0]
 [3109    0]
 [3110    0]
 [3111    0]
 [3112    0]
 [3113    0]
 [3114    0]
 [3115    0]
 [3116    0]
 [3117    0]
 [3118    0]
 [3119    0]
 [3120    0]
 [3121    0]
 [3122    0]
 [3123    0]
 [3124    0]
 [3125    0]
 [3126    0]
 [3127    0]
 [3128    0]
 [3129    0]
 [3130    0]
 [3180    0]
 [3181    0]
 [3182    0]
 [3183    0]
 [3184    0]
 [3185    0]
 [3186    0]
 [3187    0]
 [3188    0]
 [3189    0]
 [3190    0]
 [3191    0]
 [3192    0]
 [3193    0]
 [3194    0]
 [3195    0]
 [3196    0]
 [3197    0]
 [3198    0]
 [3199    0]
 [3200    0]
 [3201    0]
 [3202    0]
 [3203    0]
 [3204    0]
 [3205    0]
 [3206    0]
 [3207    0]
 [3208    0]
 [3209    0]
 [3210    0]
 [3211    0]
 [3212    0]
 [3213    0]
 [3214    0]
 [3215    0]
 [3216    0]
 [3217    0]
 [3218    0]
 [3219    0]
 [3220    0]
 [3210    0]
 [3211    0]
 [3212    0]
 [3213    0]
 [3214    0]
 [3215    0]
 [3216    0]
 [3217    0]
 [3218    0]
 [3219    0]
 [3220    0]
 [3221    0]
 [3222    0]
 [3223    0]
 [3224    0]
 [3225    0]
 [3226    0]
 [3227    0]
 [3228    0]
 [3229    0]
 [3230    0]
 [3231    0]
 [3232    0]
 [3233    0]
 [3234    0]
 [3235    0]
 [3236    0]
 [3237    0]
 [3238    0]
 [3239   70]
 [3240  127]
 [3241  143]
 [3242  210]
 [3243  276]
 [3244  332]
 [3245  387]
 [3246  435]
 [3247  458]
 [3248  500]
 [3249  538]
 [3250  583]
 [3251  625]
 [3252  670]
 [3253  713]
 [3254  757]
 [3255  795]
 [3256  825]
 [3257  853]
 [3258  881]
 [3259  906]
 [3260  929]
 [3261  950]
 [3262  971]
 [3263  986]
 [3264 1004]
 [3265 1020]
 [3266 1036]
 [3267 1051]
 [3268 1069]
 [3269 1087]
 [3270 1101]
 [3271 1112]
 [3272 1124]
 [3273 1137]
 [3274 1149]
 [3275 1162]
 [3276 1175]
 [3277 1186]
 [3278 1253]
 [3279 1323]
 [3280 1382]
 [3281 1423]
 [3282 1445]
 [3283 1450]
 [3284 1450]
 [3285 1450]
 [3286 1450]
 [3287 1450]
 [3288 1450]
 [3289 1450]
 [3290 1450]
 [3291 1450]
 [3292 1450]
 [3293 1450]
 [3294 1448]
 [3295 1434]
 [3296 1399]
 [3297 1349]
 [3298 1300]
 [3299 1292]
 [3290 1450]
 [3291 1450]
 [3292 1450]
 [3293 1450]
 [3294 1448]
 [3295 1434]
 [3296 1399]
 [3297 1349]
 [3298 1300]
 [3299 1292]
 [3300 1285]
 [3301 1280]
 [3302 1276]
 [3303 1276]
 [3304 1272]
 [3305 1269]
 [3306 1267]
 [3307 1264]
 [3308 1259]
 [3309 1255]
 [3310 1249]
 [3311 1240]
 [3312 1238]
 [3313 1231]
 [3314 1225]
 [3315 1218]
 [3316 1213]
 [3317 1207]
 [3318 1198]
 [3319 1192]
 [3320 1184]
 [3321 1176]
 [3322 1168]
 [3323 1160]
 [3324 1153]
 [3325 1144]
 [3326 1132]
 [3327 1119]
 [3328 1107]
 [3329 1093]
 [3330 1078]
 [3331 1060]
 [3332 1036]
 [3333 1017]
 [3334  973]
 [3335  911]
 [3336  821]
 [3337  696]
 [3338  532]
 [3339  346]
 [3340  139]
 [3341    0]
 [3342    0]
 [3343    0]
 [3344    0]
 [3345    0]
 [3346    0]
 [3347    0]
 [3348    0]
 [3349    0]
 [3350    0]
 [3351    0]
 [3352    0]
 [3353    0]
 [3354    0]
 [3355    0]
 [3356    0]
 [3357    0]
 [3358    0]
 [3359    0]
 [3360    0]
 [3361    0]
 [3362    0]
 [3363    0]
 [3364    0]
 [3365    0]
 [3366    0]
 [3367    0]
 [3368    0]
 [3369    0]
 [3370    0]
 [3420    0]
 [3421    0]
 [3422    0]
 [3423    0]
 [3424    0]
 [3425    0]
 [3426    0]
 [3427    0]
 [3428    0]
 [3429    0]
 [3430    0]
 [3431    0]
 [3432    0]
 [3433    0]
 [3434    0]
 [3435    0]
 [3436    0]
 [3437    0]
 [3438    0]
 [3439    0]
 [3440    0]
 [3441    0]
 [3442    0]
 [3443    0]
 [3444    0]
 [3445    0]
 [3446    0]
 [3447    0]
 [3448    0]
 [3449    0]
 [3450    0]
 [3451    0]
 [3452    0]
 [3453    0]
 [3454    0]
 [3455    0]
 [3456    0]
 [3457    0]
 [3458    0]
 [3459    0]
 [3460    0]
 [3450    0]
 [3451    0]
 [3452    0]
 [3453    0]
 [3454    0]
 [3455    0]
 [3456    0]
 [3457    0]
 [3458    0]
 [3459    0]
 [3460    0]
 [3461    0]
 [3462    0]
 [3463    0]
 [3464    0]
 [3465    0]
 [3466    0]
 [3467    0]
 [3468    0]
 [3469    0]
 [3470    0]
 [3471    0]
 [3472    0]
 [3473    0]
 [3474    0]
 [3475    0]
 [3476    0]
 [3477    0]
 [3478    0]
 [3479    0]
 [3480    0]
 [3481    0]
 [3482    0]
 [3483    0]
 [3484   44]
 [3485  110]
 [3486  165]
 [3487  196]
 [3488  246]
 [3489  291]
 [3490  323]
 [3491  362]
 [3492  403]
 [3493  447]
 [3494  490]
 [3495  534]
 [3496  578]
 [3497  624]
 [3498  667]
 [3499  712]
 [3500  750]
 [3501  781]
 [3502  810]
 [3503  837]
 [3504  855]
 [3505  882]
 [3506  904]
 [3507  926]
 [3508  946]
 [3509  963]
 [3510  983]
 [3511  999]
 [3512 1019]
 [3513 1036]
 [3514 1053]
 [3515 1076]
 [3516 1089]
 [3517 1106]
 [3518 1162]
 [3519 1214]
 [3520 1270]
 [3521 1328]
 [3522 1376]
 [3523 1415]
 [3524 1437]
 [3525 1449]
 [3526 1450]
 [3527 1450]
 [3528 1450]
 [3529 1450]
 [3530 1450]
 [3531 1450]
 [3532 1449]
 [3533 1441]
 [3534 1425]
 [3535 1394]
 [3536 1356]
 [3537 1316]
 [3538 1271]
 [3539 1266]
 [3530 1450]
 [3531 1450]
 [3532 1449]
 [3533 1441]
 [3534 1425]
 [3535 1394]
 [3536 1356]
 [3537 1316]
 [3538 1271]
 [3539 1266]
 [3540 1264]
 [3541 1263]
 [3542 1263]
 [3543 1263]
 [3544 1262]
 [3545 1263]
 [3546 1263]
 [3547 1265]
 [3548 1265]
 [3549 1266]
 [3550 1265]
 [3551 1263]
 [3552 1263]
 [3553 1262]
 [3554 1258]
 [3555 1257]
 [3556 1252]
 [3557 1249]
 [3558 1248]
 [3559 1244]
 [3560 1238]
 [3561 1235]
 [3562 1229]
 [3563 1226]
 [3564 1220]
 [3565 1213]
 [3566 1208]
 [3567 1200]
 [3568 1192]
 [3569 1187]
 [3570 1180]
 [3571 1171]
 [3572 1165]
 [3573 1158]
 [3574 1151]
 [3575 1142]
 [3576 1140]
 [3577 1143]
 [3578 1166]
 [3579 1168]
 [3580 1132]
 [3581 1060]
 [3582  929]
 [3583  766]
 [3584  583]
 [3585  368]
 [3586  111]
 [3587    0]
 [3588    0]
 [3589    0]
 [3590    0]
 [3591    0]
 [3592    0]
 [3593    0]
 [3594    0]
 [3595    0]
 [3596    0]
 [3597    0]
 [3598    0]
 [3599    0]
 [3600    0]
 [3601    0]
 [3602    0]
 [3603    0]
 [3604    0]
 [3605    0]
 [3606    0]
 [3607    0]
 [3608    0]
 [3609    0]
 [3610    0]
 [3660    0]
 [3661    0]
 [3662    0]
 [3663    0]
 [3664    0]
 [3665    0]
 [3666    0]
 [3667    0]
 [3668    0]
 [3669    0]
 [3670    0]
 [3671    0]
 [3672    0]
 [3673    0]
 [3674    0]
 [3675    0]
 [3676    0]
 [3677    0]
 [3678    0]
 [3679    0]
 [3680    0]
 [3681    0]
 [3682    0]
 [3683    0]
 [3684    0]
 [3685    0]
 [3686    0]
 [3687    0]
 [3688    0]
 [3689    0]
 [3690    0]
 [3691    0]
 [3692    0]
 [3693    0]
 [3694    0]
 [3695    0]
 [3696    0]
 [3697    0]
 [3698    0]
 [3699    0]
 [3700    0]
 [3690    0]
 [3691    0]
 [3692    0]
 [3693    0]
 [3694    0]
 [3695    0]
 [3696    0]
 [3697    0]
 [3698    0]
 [3699    0]
 [3700    0]
 [3701    0]
 [3702    0]
 [3703    0]
 [3704    0]
 [3705    0]
 [3706    0]
 [3707    0]
 [3708    0]
 [3709    0]
 [3710    0]
 [3711    0]
 [3712    0]
 [3713    0]
 [3714    0]
 [3715    0]
 [3716    0]
 [3717    0]
 [3718    0]
 [3719    0]
 [3720    0]
 [3721    0]
 [3722    0]
 [3723    0]
 [3724    0]
 [3725    0]
 [3726    0]
 [3727    0]
 [3728    0]
 [3729    0]
 [3730    0]
 [3731    0]
 [3732   62]
 [3733  124]
 [3734  178]
 [3735  232]
 [3736  284]
 [3737  333]
 [3738  379]
 [3739  427]
 [3740  475]
 [3741  520]
 [3742  567]
 [3743  615]
 [3744  663]
 [3745  700]
 [3746  735]
 [3747  767]
 [3748  796]
 [3749  824]
 [3750  848]
 [3751  871]
 [3752  890]
 [3753  915]
 [3754  936]
 [3755  956]
 [3756  971]
 [3757  990]
 [3758 1060]
 [3759 1111]
 [3760 1153]
 [3761 1195]
 [3762 1237]
 [3763 1282]
 [3764 1329]
 [3765 1370]
 [3766 1403]
 [3767 1425]
 [3768 1434]
 [3769 1429]
 [3770 1421]
 [3771 1406]
 [3772 1386]
 [3773 1362]
 [3774 1333]
 [3775 1297]
 [3776 1256]
 [3777 1213]
 [3778 1169]
 [3779 1165]
 [3770 1421]
 [3771 1406]
 [3772 1386]
 [3773 1362]
 [3774 1333]
 [3775 1297]
 [3776 1256]
 [3777 1213]
 [3778 1169]
 [3779 1165]
 [3780 1163]
 [3781 1168]
 [3782 1175]
 [3783 1183]
 [3784 1190]
 [3785 1198]
 [3786 1204]
 [3787 1211]
 [3788 1221]
 [3789 1228]
 [3790 1236]
 [3791 1237]
 [3792 1241]
 [3793 1242]
 [3794 1244]
 [3795 1245]
 [3796 1245]
 [3797 1246]
 [3798 1246]
 [3799 1246]
 [3800 1245]
 [3801 1246]
 [3802 1244]
 [3803 1244]
 [3804 1241]
 [3805 1241]
 [3806 1239]
 [3807 1236]
 [3808 1233]
 [3809 1228]
 [3810 1227]
 [3811 1222]
 [3812 1218]
 [3813 1213]
 [3814 1210]
 [3815 1205]
 [3816 1200]
 [3817 1194]
 [3818 1193]
 [3819 1192]
 [3820 1193]
 [3821 1196]
 [3822 1202]
 [3823 1208]
 [3824 1212]
 [3825 1219]
 [3826 1183]
 [3827 1050]
 [3828  936]
 [3829  755]
 [3830  623]
 [3831  531]
 [3832  456]
 [3833  393]
 [3834  323]
 [3835  261]
 [3836  172]
 [3837   66]
 [3838    0]
 [3839    0]
 [3840    0]
 [3841    0]
 [3842    0]
 [3843    0]
 [3844    0]
 [3845    0]
 [3846    0]
 [3847    0]
 [3848    0]
 [3849    0]
 [3850    0]
 [3900    0]
 [3901    0]
 [3902    0]
 [3903    0]
 [3904    0]
 [3905    0]
 [3906    0]
 [3907    0]
 [3908    0]
 [3909    0]
 [3910    0]
 [3911    0]
 [3912    0]
 [3913    0]
 [3914    0]
 [3915    0]
 [3916    0]
 [3917    0]
 [3918    0]
 [3919    0]
 [3920    0]
 [3921    0]
 [3922    0]
 [3923    0]
 [3924    0]
 [3925    0]
 [3926    0]
 [3927    0]
 [3928    0]
 [3929    0]
 [3930    0]
 [3931    0]
 [3932    0]
 [3933    0]
 [3934    0]
 [3935    0]
 [3936    0]
 [3937    0]
 [3938    0]
 [3939    0]
 [3940    0]
 [3930    0]
 [3931    0]
 [3932    0]
 [3933    0]
 [3934    0]
 [3935    0]
 [3936    0]
 [3937    0]
 [3938    0]
 [3939    0]
 [3940    0]
 [3941    0]
 [3942    0]
 [3943    0]
 [3944    0]
 [3945    0]
 [3946    0]
 [3947    0]
 [3948    0]
 [3949    0]
 [3950    0]
 [3951    0]
 [3952    0]
 [3953    0]
 [3954    0]
 [3955    0]
 [3956    0]
 [3957    0]
 [3958    0]
 [3959    0]
 [3960    0]
 [3961    0]
 [3962    0]
 [3963    0]
 [3964    0]
 [3965    0]
 [3966    0]
 [3967    0]
 [3968    0]
 [3969    0]
 [3970    0]
 [3971    0]
 [3972    0]
 [3973    0]
 [3974    0]
 [3975    0]
 [3976    0]
 [3977    0]
 [3978    0]
 [3979    0]
 [3980   24]
 [3981  106]
 [3982  177]
 [3983  243]
 [3984  301]
 [3985  356]
 [3986  415]
 [3987  467]
 [3988  519]
 [3989  571]
 [3990  625]
 [3991  673]
 [3992  709]
 [3993  748]
 [3994  782]
 [3995  812]
 [3996  831]
 [3997  854]
 [3998  936]
 [3999 1005]
 [4000 1071]
 [4001 1122]
 [4002 1166]
 [4003 1205]
 [4004 1246]
 [4005 1288]
 [4006 1330]
 [4007 1373]
 [4008 1388]
 [4009 1372]
 [4010 1354]
 [4011 1306]
 [4012 1252]
 [4013 1195]
 [4014 1132]
 [4015 1067]
 [4016 1007]
 [4017  939]
 [4018  863]
 [4019  833]
 [4010 1354]
 [4011 1306]
 [4012 1252]
 [4013 1195]
 [4014 1132]
 [4015 1067]
 [4016 1007]
 [4017  939]
 [4018  863]
 [4019  833]
 [4020  800]
 [4021  827]
 [4022  851]
 [4023  880]
 [4024  907]
 [4025  939]
 [4026  970]
 [4027 1003]
 [4028 1035]
 [4029 1066]
 [4030 1097]
 [4031 1101]
 [4032 1105]
 [4033 1108]
 [4034 1111]
 [4035 1112]
 [4036 1116]
 [4037 1115]
 [4038 1117]
 [4039 1117]
 [4040 1118]
 [4041 1118]
 [4042 1116]
 [4043 1115]
 [4044 1117]
 [4045 1115]
 [4046 1115]
 [4047 1115]
 [4048 1114]
 [4049 1114]
 [4050 1114]
 [4051 1114]
 [4052 1113]
 [4053 1115]
 [4054 1116]
 [4055 1118]
 [4056 1121]
 [4057 1126]
 [4058 1129]
 [4059 1134]
 [4060 1142]
 [4061 1150]
 [4062 1158]
 [4063 1173]
 [4064 1185]
 [4065 1202]
 [4066 1159]
 [4067 1109]
 [4068 1214]
 [4069 1327]
 [4070 1424]
 [4071 1450]
 [4072 1450]
 [4073 1450]
 [4074 1450]
 [4075 1450]
 [4076 1450]]
ステップ上限あり_モデル3_全員達成True_目標達成True_最低照度0_最大照度10000_最適化前照度500_最適化日数7_ステップサイズ70_J0.3514_Each_J0.1448

l_j = [[2460    0]
 [2461    0]
 [2462    0]
 [2463    0]
 [2464    0]
 [2465    0]
 [2466    0]
 [2467    0]
 [2468    0]
 [2469    0]
 [2470    0]
 [2471    0]
 [2472    0]
 [2473    0]
 [2474    0]
 [2475    0]
 [2476    0]
 [2477    0]
 [2478    0]
 [2479    0]
 [2480    0]
 [2481    0]
 [2482    0]
 [2483    0]
 [2484    0]
 [2485    0]
 [2486    0]
 [2487    0]
 [2488    0]
 [2489    0]
 [2490    0]
 [2491    0]
 [2492    0]
 [2493    0]
 [2494   25]
 [2495   81]
 [2496   89]
 [2497  103]
 [2498  150]
 [2499  199]
 [2500  249]
 [2490    0]
 [2491    0]
 [2492    0]
 [2493    0]
 [2494   25]
 [2495   81]
 [2496   89]
 [2497  103]
 [2498  150]
 [2499  199]
 [2500  249]
 [2501  293]
 [2502  340]
 [2503  388]
 [2504  407]
 [2505  424]
 [2506  446]
 [2507  471]
 [2508  504]
 [2509  533]
 [2510  567]
 [2511  578]
 [2512  643]
 [2513  716]
 [2514  798]
 [2515  882]
 [2516  973]
 [2517 1063]
 [2518 1105]
 [2519 1128]
 [2520 1126]
 [2521 1134]
 [2522 1131]
 [2523 1126]
 [2524 1120]
 [2525 1113]
 [2526 1106]
 [2527 1098]
 [2528 1088]
 [2529 1077]
 [2530 1095]
 [2531 1103]
 [2532 1110]
 [2533 1115]
 [2534 1120]
 [2535 1123]
 [2536 1126]
 [2537 1130]
 [2538 1133]
 [2539 1137]
 [2540 1141]
 [2541 1143]
 [2542 1146]
 [2543 1148]
 [2544 1151]
 [2545 1153]
 [2546 1155]
 [2547 1157]
 [2548 1158]
 [2549 1161]
 [2550 1162]
 [2551 1163]
 [2552 1163]
 [2553 1166]
 [2554 1166]
 [2555 1167]
 [2556 1167]
 [2557 1169]
 [2558 1170]
 [2559 1200]
 [2560 1223]
 [2561 1239]
 [2562 1247]
 [2563 1250]
 [2564 1250]
 [2565 1250]
 [2566 1250]
 [2567 1250]
 [2568 1250]
 [2569 1250]
 [2570 1250]
 [2571 1250]
 [2572 1250]
 [2573 1243]
 [2574 1230]
 [2575 1212]
 [2576 1189]
 [2577 1167]
 [2578 1141]
 [2579 1137]
 [2570 1250]
 [2571 1250]
 [2572 1250]
 [2573 1243]
 [2574 1230]
 [2575 1212]
 [2576 1189]
 [2577 1167]
 [2578 1141]
 [2579 1137]
 [2580 1135]
 [2581 1121]
 [2582 1108]
 [2583 1095]
 [2584 1081]
 [2585 1068]
 [2586 1056]
 [2587 1042]
 [2588 1023]
 [2589  998]
 [2590  953]
 [2591  928]
 [2592  894]
 [2593  857]
 [2594  802]
 [2595  738]
 [2596  653]
 [2597  552]
 [2598  454]
 [2599  365]
 [2600  286]
 [2601  203]
 [2602  117]
 [2603   21]
 [2604    0]
 [2605    0]
 [2606    0]
 [2607    0]
 [2608    0]
 [2609    0]
 [2610    0]
 [2611    0]
 [2612    0]
 [2613    0]
 [2614    0]
 [2615    0]
 [2616    0]
 [2617    0]
 [2618    0]
 [2619    0]
 [2620    0]
 [2621    0]
 [2622    0]
 [2623    0]
 [2624    0]
 [2625    0]
 [2626    0]
 [2627    0]
 [2628    0]
 [2629    0]
 [2630    0]
 [2631    0]
 [2632    0]
 [2633    0]
 [2634    0]
 [2635    0]
 [2636    0]
 [2637    0]
 [2638    0]
 [2639    0]
 [2640    0]
 [2641    0]
 [2642    0]
 [2643    0]
 [2644    0]
 [2645    0]
 [2646    0]
 [2647    0]
 [2648    0]
 [2649    0]
 [2650    0]
 [2700    0]
 [2701    0]
 [2702    0]
 [2703    0]
 [2704    0]
 [2705    0]
 [2706    0]
 [2707    0]
 [2708    0]
 [2709    0]
 [2710    0]
 [2711    0]
 [2712    0]
 [2713    0]
 [2714    0]
 [2715    0]
 [2716    0]
 [2717    0]
 [2718    0]
 [2719    0]
 [2720    0]
 [2721    0]
 [2722    0]
 [2723    0]
 [2724    0]
 [2725    0]
 [2726    0]
 [2727    0]
 [2728    0]
 [2729    0]
 [2730    0]
 [2731    0]
 [2732    0]
 [2733    0]
 [2734    0]
 [2735    0]
 [2736    0]
 [2737    0]
 [2738    0]
 [2739    0]
 [2740    0]
 [2730    0]
 [2731    0]
 [2732    0]
 [2733    0]
 [2734    0]
 [2735    0]
 [2736    0]
 [2737    0]
 [2738    0]
 [2739    0]
 [2740    0]
 [2741    0]
 [2742    0]
 [2743   22]
 [2744   52]
 [2745   78]
 [2746  118]
 [2747  157]
 [2748  195]
 [2749  242]
 [2750  287]
 [2751  326]
 [2752  385]
 [2753  445]
 [2754  501]
 [2755  567]
 [2756  641]
 [2757  725]
 [2758  810]
 [2759  890]
 [2760  896]
 [2761  947]
 [2762  975]
 [2763  991]
 [2764  997]
 [2765 1000]
 [2766 1001]
 [2767  999]
 [2768  999]
 [2769  997]
 [2770 1024]
 [2771 1036]
 [2772 1050]
 [2773 1061]
 [2774 1071]
 [2775 1080]
 [2776 1087]
 [2777 1094]
 [2778 1101]
 [2779 1107]
 [2780 1114]
 [2781 1118]
 [2782 1123]
 [2783 1128]
 [2784 1133]
 [2785 1137]
 [2786 1143]
 [2787 1148]
 [2788 1151]
 [2789 1157]
 [2790 1163]
 [2791 1167]
 [2792 1173]
 [2793 1177]
 [2794 1181]
 [2795 1187]
 [2796 1192]
 [2797 1196]
 [2798 1201]
 [2799 1233]
 [2800 1248]
 [2801 1250]
 [2802 1250]
 [2803 1250]
 [2804 1250]
 [2805 1250]
 [2806 1250]
 [2807 1250]
 [2808 1250]
 [2809 1250]
 [2810 1250]
 [2811 1250]
 [2812 1250]
 [2813 1250]
 [2814 1250]
 [2815 1250]
 [2816 1243]
 [2817 1227]
 [2818 1206]
 [2819 1204]
 [2810 1250]
 [2811 1250]
 [2812 1250]
 [2813 1250]
 [2814 1250]
 [2815 1250]
 [2816 1243]
 [2817 1227]
 [2818 1206]
 [2819 1204]
 [2820 1200]
 [2821 1195]
 [2822 1187]
 [2823 1178]
 [2824 1168]
 [2825 1160]
 [2826 1144]
 [2827 1131]
 [2828 1117]
 [2829 1104]
 [2830 1090]
 [2831 1083]
 [2832 1076]
 [2833 1065]
 [2834 1053]
 [2835 1041]
 [2836 1026]
 [2837 1008]
 [2838  986]
 [2839  964]
 [2840  933]
 [2841  900]
 [2842  847]
 [2843  772]
 [2844  696]
 [2845  607]
 [2846  495]
 [2847  379]
 [2848  262]
 [2849  149]
 [2850   49]
 [2851    0]
 [2852    0]
 [2853    0]
 [2854    0]
 [2855    0]
 [2856    0]
 [2857    0]
 [2858    0]
 [2859    0]
 [2860    0]
 [2861    0]
 [2862    0]
 [2863    0]
 [2864    0]
 [2865    0]
 [2866    0]
 [2867    0]
 [2868    0]
 [2869    0]
 [2870    0]
 [2871    0]
 [2872    0]
 [2873    0]
 [2874    0]
 [2875    0]
 [2876    0]
 [2877    0]
 [2878    0]
 [2879    0]
 [2880    0]
 [2881    0]
 [2882    0]
 [2883    0]
 [2884    0]
 [2885    0]
 [2886    0]
 [2887    0]
 [2888    0]
 [2889    0]
 [2890    0]
 [2940    0]
 [2941    0]
 [2942    0]
 [2943    0]
 [2944    0]
 [2945    0]
 [2946    0]
 [2947    0]
 [2948    0]
 [2949    0]
 [2950    0]
 [2951    0]
 [2952    0]
 [2953    0]
 [2954    0]
 [2955    0]
 [2956    0]
 [2957    0]
 [2958    0]
 [2959    0]
 [2960    0]
 [2961    0]
 [2962    0]
 [2963    0]
 [2964    0]
 [2965    0]
 [2966    0]
 [2967    0]
 [2968    0]
 [2969    0]
 [2970    0]
 [2971    0]
 [2972    0]
 [2973    0]
 [2974    0]
 [2975    0]
 [2976    0]
 [2977    0]
 [2978    0]
 [2979    0]
 [2980    0]
 [2970    0]
 [2971    0]
 [2972    0]
 [2973    0]
 [2974    0]
 [2975    0]
 [2976    0]
 [2977    0]
 [2978    0]
 [2979    0]
 [2980    0]
 [2981    0]
 [2982    0]
 [2983    0]
 [2984    0]
 [2985    0]
 [2986    0]
 [2987    0]
 [2988    0]
 [2989    0]
 [2990    0]
 [2991    0]
 [2992   25]
 [2993   91]
 [2994  156]
 [2995  221]
 [2996  289]
 [2997  371]
 [2998  443]
 [2999  509]
 [3000  530]
 [3001  558]
 [3002  609]
 [3003  655]
 [3004  702]
 [3005  741]
 [3006  768]
 [3007  784]
 [3008  800]
 [3009  829]
 [3010  880]
 [3011  906]
 [3012  931]
 [3013  949]
 [3014  967]
 [3015  984]
 [3016  998]
 [3017 1010]
 [3018 1023]
 [3019 1037]
 [3020 1051]
 [3021 1061]
 [3022 1069]
 [3023 1077]
 [3024 1086]
 [3025 1095]
 [3026 1102]
 [3027 1108]
 [3028 1114]
 [3029 1121]
 [3030 1128]
 [3031 1132]
 [3032 1141]
 [3033 1147]
 [3034 1156]
 [3035 1163]
 [3036 1170]
 [3037 1179]
 [3038 1188]
 [3039 1228]
 [3040 1247]
 [3041 1250]
 [3042 1250]
 [3043 1250]
 [3044 1250]
 [3045 1250]
 [3046 1250]
 [3047 1250]
 [3048 1250]
 [3049 1250]
 [3050 1250]
 [3051 1250]
 [3052 1250]
 [3053 1250]
 [3054 1250]
 [3055 1250]
 [3056 1250]
 [3057 1242]
 [3058 1224]
 [3059 1222]
 [3050 1250]
 [3051 1250]
 [3052 1250]
 [3053 1250]
 [3054 1250]
 [3055 1250]
 [3056 1250]
 [3057 1242]
 [3058 1224]
 [3059 1222]
 [3060 1219]
 [3061 1216]
 [3062 1213]
 [3063 1208]
 [3064 1204]
 [3065 1199]
 [3066 1192]
 [3067 1184]
 [3068 1176]
 [3069 1165]
 [3070 1154]
 [3071 1147]
 [3072 1141]
 [3073 1134]
 [3074 1127]
 [3075 1122]
 [3076 1114]
 [3077 1107]
 [3078 1100]
 [3079 1095]
 [3080 1086]
 [3081 1077]
 [3082 1064]
 [3083 1052]
 [3084 1038]
 [3085 1020]
 [3086  999]
 [3087  968]
 [3088  930]
 [3089  879]
 [3090  810]
 [3091  722]
 [3092  610]
 [3093  463]
 [3094  283]
 [3095  105]
 [3096    0]
 [3097    0]
 [3098    0]
 [3099    0]
 [3100    0]
 [3101    0]
 [3102    0]
 [3103    0]
 [3104    0]
 [3105    0]
 [3106    0]
 [3107    0]
 [3108    0]
 [3109    0]
 [3110    0]
 [3111    0]
 [3112    0]
 [3113    0]
 [3114    0]
 [3115    0]
 [3116    0]
 [3117    0]
 [3118    0]
 [3119    0]
 [3120    0]
 [3121    0]
 [3122    0]
 [3123    0]
 [3124    0]
 [3125    0]
 [3126    0]
 [3127    0]
 [3128    0]
 [3129    0]
 [3130    0]
 [3180    0]
 [3181    0]
 [3182    0]
 [3183    0]
 [3184    0]
 [3185    0]
 [3186    0]
 [3187    0]
 [3188    0]
 [3189    0]
 [3190    0]
 [3191    0]
 [3192    0]
 [3193    0]
 [3194    0]
 [3195    0]
 [3196    0]
 [3197    0]
 [3198    0]
 [3199    0]
 [3200    0]
 [3201    0]
 [3202    0]
 [3203    0]
 [3204    0]
 [3205    0]
 [3206    0]
 [3207    0]
 [3208    0]
 [3209    0]
 [3210    0]
 [3211    0]
 [3212    0]
 [3213    0]
 [3214    0]
 [3215    0]
 [3216    0]
 [3217    0]
 [3218    0]
 [3219    0]
 [3220    0]
 [3210    0]
 [3211    0]
 [3212    0]
 [3213    0]
 [3214    0]
 [3215    0]
 [3216    0]
 [3217    0]
 [3218    0]
 [3219    0]
 [3220    0]
 [3221    0]
 [3222    0]
 [3223    0]
 [3224    0]
 [3225    0]
 [3226    0]
 [3227    0]
 [3228    0]
 [3229    0]
 [3230    0]
 [3231    0]
 [3232    0]
 [3233    0]
 [3234    0]
 [3235    0]
 [3236    0]
 [3237    0]
 [3238    0]
 [3239   66]
 [3240  126]
 [3241  138]
 [3242  210]
 [3243  279]
 [3244  345]
 [3245  399]
 [3246  448]
 [3247  473]
 [3248  513]
 [3249  552]
 [3250  602]
 [3251  650]
 [3252  696]
 [3253  745]
 [3254  793]
 [3255  823]
 [3256  853]
 [3257  880]
 [3258  900]
 [3259  920]
 [3260  941]
 [3261  957]
 [3262  973]
 [3263  986]
 [3264 1001]
 [3265 1016]
 [3266 1031]
 [3267 1046]
 [3268 1056]
 [3269 1065]
 [3270 1074]
 [3271 1084]
 [3272 1094]
 [3273 1103]
 [3274 1111]
 [3275 1119]
 [3276 1128]
 [3277 1137]
 [3278 1184]
 [3279 1224]
 [3280 1246]
 [3281 1250]
 [3282 1250]
 [3283 1250]
 [3284 1250]
 [3285 1250]
 [3286 1250]
 [3287 1250]
 [3288 1250]
 [3289 1250]
 [3290 1250]
 [3291 1250]
 [3292 1250]
 [3293 1250]
 [3294 1250]
 [3295 1250]
 [3296 1250]
 [3297 1243]
 [3298 1226]
 [3299 1224]
 [3290 1250]
 [3291 1250]
 [3292 1250]
 [3293 1250]
 [3294 1250]
 [3295 1250]
 [3296 1250]
 [3297 1243]
 [3298 1226]
 [3299 1224]
 [3300 1222]
 [3301 1221]
 [3302 1219]
 [3303 1217]
 [3304 1213]
 [3305 1211]
 [3306 1207]
 [3307 1206]
 [3308 1201]
 [3309 1196]
 [3310 1191]
 [3311 1187]
 [3312 1184]
 [3313 1180]
 [3314 1176]
 [3315 1172]
 [3316 1167]
 [3317 1162]
 [3318 1158]
 [3319 1152]
 [3320 1146]
 [3321 1141]
 [3322 1135]
 [3323 1130]
 [3324 1123]
 [3325 1118]
 [3326 1111]
 [3327 1105]
 [3328 1098]
 [3329 1091]
 [3330 1083]
 [3331 1073]
 [3332 1063]
 [3333 1054]
 [3334 1028]
 [3335  981]
 [3336  909]
 [3337  801]
 [3338  643]
 [3339  460]
 [3340  248]
 [3341   17]
 [3342    0]
 [3343    0]
 [3344    0]
 [3345    0]
 [3346    0]
 [3347    0]
 [3348    0]
 [3349    0]
 [3350    0]
 [3351    0]
 [3352    0]
 [3353    0]
 [3354    0]
 [3355    0]
 [3356    0]
 [3357    0]
 [3358    0]
 [3359    0]
 [3360    0]
 [3361    0]
 [3362    0]
 [3363    0]
 [3364    0]
 [3365    0]
 [3366    0]
 [3367    0]
 [3368    0]
 [3369    0]
 [3370    0]
 [3420    0]
 [3421    0]
 [3422    0]
 [3423    0]
 [3424    0]
 [3425    0]
 [3426    0]
 [3427    0]
 [3428    0]
 [3429    0]
 [3430    0]
 [3431    0]
 [3432    0]
 [3433    0]
 [3434    0]
 [3435    0]
 [3436    0]
 [3437    0]
 [3438    0]
 [3439    0]
 [3440    0]
 [3441    0]
 [3442    0]
 [3443    0]
 [3444    0]
 [3445    0]
 [3446    0]
 [3447    0]
 [3448    0]
 [3449    0]
 [3450    0]
 [3451    0]
 [3452    0]
 [3453    0]
 [3454    0]
 [3455    0]
 [3456    0]
 [3457    0]
 [3458    0]
 [3459    0]
 [3460    0]
 [3450    0]
 [3451    0]
 [3452    0]
 [3453    0]
 [3454    0]
 [3455    0]
 [3456    0]
 [3457    0]
 [3458    0]
 [3459    0]
 [3460    0]
 [3461    0]
 [3462    0]
 [3463    0]
 [3464    0]
 [3465    0]
 [3466    0]
 [3467    0]
 [3468    0]
 [3469    0]
 [3470    0]
 [3471    0]
 [3472    0]
 [3473    0]
 [3474    0]
 [3475    0]
 [3476    0]
 [3477    0]
 [3478    0]
 [3479    0]
 [3480    0]
 [3481    0]
 [3482    0]
 [3483    0]
 [3484   42]
 [3485  114]
 [3486  168]
 [3487  195]
 [3488  242]
 [3489  290]
 [3490  326]
 [3491  370]
 [3492  416]
 [3493  461]
 [3494  510]
 [3495  556]
 [3496  605]
 [3497  652]
 [3498  701]
 [3499  743]
 [3500  780]
 [3501  809]
 [3502  837]
 [3503  861]
 [3504  878]
 [3505  900]
 [3506  918]
 [3507  935]
 [3508  954]
 [3509  970]
 [3510  985]
 [3511 1001]
 [3512 1018]
 [3513 1034]
 [3514 1046]
 [3515 1057]
 [3516 1068]
 [3517 1080]
 [3518 1115]
 [3519 1152]
 [3520 1192]
 [3521 1226]
 [3522 1244]
 [3523 1250]
 [3524 1250]
 [3525 1250]
 [3526 1250]
 [3527 1250]
 [3528 1250]
 [3529 1250]
 [3530 1250]
 [3531 1250]
 [3532 1250]
 [3533 1250]
 [3534 1250]
 [3535 1250]
 [3536 1242]
 [3537 1228]
 [3538 1208]
 [3539 1207]
 [3530 1250]
 [3531 1250]
 [3532 1250]
 [3533 1250]
 [3534 1250]
 [3535 1250]
 [3536 1242]
 [3537 1228]
 [3538 1208]
 [3539 1207]
 [3540 1208]
 [3541 1207]
 [3542 1207]
 [3543 1207]
 [3544 1205]
 [3545 1205]
 [3546 1204]
 [3547 1203]
 [3548 1202]
 [3549 1201]
 [3550 1199]
 [3551 1199]
 [3552 1198]
 [3553 1196]
 [3554 1195]
 [3555 1195]
 [3556 1193]
 [3557 1191]
 [3558 1190]
 [3559 1187]
 [3560 1186]
 [3561 1183]
 [3562 1182]
 [3563 1177]
 [3564 1173]
 [3565 1170]
 [3566 1165]
 [3567 1162]
 [3568 1157]
 [3569 1153]
 [3570 1146]
 [3571 1141]
 [3572 1136]
 [3573 1131]
 [3574 1129]
 [3575 1125]
 [3576 1125]
 [3577 1131]
 [3578 1143]
 [3579 1171]
 [3580 1167]
 [3581 1123]
 [3582 1015]
 [3583  857]
 [3584  672]
 [3585  443]
 [3586  189]
 [3587   67]
 [3588    0]
 [3589    0]
 [3590    0]
 [3591    0]
 [3592    0]
 [3593    0]
 [3594    0]
 [3595    0]
 [3596    0]
 [3597    0]
 [3598    0]
 [3599    0]
 [3600    0]
 [3601    0]
 [3602    0]
 [3603    0]
 [3604    0]
 [3605    0]
 [3606    0]
 [3607    0]
 [3608    0]
 [3609    0]
 [3610    0]
 [3660    0]
 [3661    0]
 [3662    0]
 [3663    0]
 [3664    0]
 [3665    0]
 [3666    0]
 [3667    0]
 [3668    0]
 [3669    0]
 [3670    0]
 [3671    0]
 [3672    0]
 [3673    0]
 [3674    0]
 [3675    0]
 [3676    0]
 [3677    0]
 [3678    0]
 [3679    0]
 [3680    0]
 [3681    0]
 [3682    0]
 [3683    0]
 [3684    0]
 [3685    0]
 [3686    0]
 [3687    0]
 [3688    0]
 [3689    0]
 [3690    0]
 [3691    0]
 [3692    0]
 [3693    0]
 [3694    0]
 [3695    0]
 [3696    0]
 [3697    0]
 [3698    0]
 [3699    0]
 [3700    0]
 [3690    0]
 [3691    0]
 [3692    0]
 [3693    0]
 [3694    0]
 [3695    0]
 [3696    0]
 [3697    0]
 [3698    0]
 [3699    0]
 [3700    0]
 [3701    0]
 [3702    0]
 [3703    0]
 [3704    0]
 [3705    0]
 [3706    0]
 [3707    0]
 [3708    0]
 [3709    0]
 [3710    0]
 [3711    0]
 [3712    0]
 [3713    0]
 [3714    0]
 [3715    0]
 [3716    0]
 [3717    0]
 [3718    0]
 [3719    0]
 [3720    0]
 [3721    0]
 [3722    0]
 [3723    0]
 [3724    0]
 [3725    0]
 [3726    0]
 [3727    0]
 [3728    0]
 [3729    0]
 [3730    0]
 [3731    0]
 [3732   45]
 [3733  114]
 [3734  177]
 [3735  233]
 [3736  290]
 [3737  342]
 [3738  393]
 [3739  444]
 [3740  498]
 [3741  547]
 [3742  600]
 [3743  648]
 [3744  692]
 [3745  730]
 [3746  764]
 [3747  793]
 [3748  820]
 [3749  848]
 [3750  869]
 [3751  890]
 [3752  905]
 [3753  927]
 [3754  946]
 [3755  963]
 [3756  976]
 [3757  992]
 [3758 1046]
 [3759 1080]
 [3760 1107]
 [3761 1136]
 [3762 1166]
 [3763 1197]
 [3764 1225]
 [3765 1240]
 [3766 1249]
 [3767 1250]
 [3768 1250]
 [3769 1250]
 [3770 1250]
 [3771 1250]
 [3772 1247]
 [3773 1239]
 [3774 1228]
 [3775 1212]
 [3776 1192]
 [3777 1165]
 [3778 1139]
 [3779 1138]
 [3770 1250]
 [3771 1250]
 [3772 1247]
 [3773 1239]
 [3774 1228]
 [3775 1212]
 [3776 1192]
 [3777 1165]
 [3778 1139]
 [3779 1138]
 [3780 1139]
 [3781 1143]
 [3782 1147]
 [3783 1152]
 [3784 1157]
 [3785 1161]
 [3786 1166]
 [3787 1170]
 [3788 1175]
 [3789 1178]
 [3790 1180]
 [3791 1182]
 [3792 1184]
 [3793 1184]
 [3794 1187]
 [3795 1187]
 [3796 1187]
 [3797 1188]
 [3798 1190]
 [3799 1189]
 [3800 1189]
 [3801 1189]
 [3802 1189]
 [3803 1189]
 [3804 1188]
 [3805 1187]
 [3806 1185]
 [3807 1185]
 [3808 1184]
 [3809 1181]
 [3810 1180]
 [3811 1178]
 [3812 1176]
 [3813 1174]
 [3814 1172]
 [3815 1169]
 [3816 1166]
 [3817 1162]
 [3818 1162]
 [3819 1161]
 [3820 1164]
 [3821 1169]
 [3822 1172]
 [3823 1177]
 [3824 1183]
 [3825 1189]
 [3826 1191]
 [3827 1049]
 [3828  884]
 [3829  692]
 [3830  574]
 [3831  504]
 [3832  434]
 [3833  375]
 [3834  300]
 [3835  243]
 [3836  175]
 [3837   68]
 [3838    0]
 [3839    0]
 [3840    0]
 [3841    0]
 [3842    0]
 [3843    0]
 [3844    0]
 [3845    0]
 [3846    0]
 [3847    0]
 [3848    0]
 [3849    0]
 [3850    0]
 [3900    0]
 [3901    0]
 [3902    0]
 [3903    0]
 [3904    0]
 [3905    0]
 [3906    0]
 [3907    0]
 [3908    0]
 [3909    0]
 [3910    0]
 [3911    0]
 [3912    0]
 [3913    0]
 [3914    0]
 [3915    0]
 [3916    0]
 [3917    0]
 [3918    0]
 [3919    0]
 [3920    0]
 [3921    0]
 [3922    0]
 [3923    0]
 [3924    0]
 [3925    0]
 [3926    0]
 [3927    0]
 [3928    0]
 [3929    0]
 [3930    0]
 [3931    0]
 [3932    0]
 [3933    0]
 [3934    0]
 [3935    0]
 [3936    0]
 [3937    0]
 [3938    0]
 [3939    0]
 [3940    0]
 [3930    0]
 [3931    0]
 [3932    0]
 [3933    0]
 [3934    0]
 [3935    0]
 [3936    0]
 [3937    0]
 [3938    0]
 [3939    0]
 [3940    0]
 [3941    0]
 [3942    0]
 [3943    0]
 [3944    0]
 [3945    0]
 [3946    0]
 [3947    0]
 [3948    0]
 [3949    0]
 [3950    0]
 [3951    0]
 [3952    0]
 [3953    0]
 [3954    0]
 [3955    0]
 [3956    0]
 [3957    0]
 [3958    0]
 [3959    0]
 [3960    0]
 [3961    0]
 [3962    0]
 [3963    0]
 [3964    0]
 [3965    0]
 [3966    0]
 [3967    0]
 [3968    0]
 [3969    0]
 [3970    0]
 [3971    0]
 [3972    0]
 [3973    0]
 [3974    0]
 [3975    0]
 [3976    0]
 [3977    0]
 [3978    0]
 [3979    0]
 [3980    9]
 [3981   99]
 [3982  178]
 [3983  247]
 [3984  310]
 [3985  370]
 [3986  430]
 [3987  489]
 [3988  545]
 [3989  602]
 [3990  658]
 [3991  699]
 [3992  737]
 [3993  772]
 [3994  803]
 [3995  832]
 [3996  854]
 [3997  871]
 [3998  943]
 [3999 1000]
 [4000 1048]
 [4001 1084]
 [4002 1110]
 [4003 1137]
 [4004 1165]
 [4005 1194]
 [4006 1221]
 [4007 1242]
 [4008 1246]
 [4009 1242]
 [4010 1233]
 [4011 1209]
 [4012 1177]
 [4013 1141]
 [4014 1102]
 [4015 1062]
 [4016 1021]
 [4017  982]
 [4018  938]
 [4019  920]
 [4010 1233]
 [4011 1209]
 [4012 1177]
 [4013 1141]
 [4014 1102]
 [4015 1062]
 [4016 1021]
 [4017  982]
 [4018  938]
 [4019  920]
 [4020  904]
 [4021  920]
 [4022  936]
 [4023  952]
 [4024  971]
 [4025  990]
 [4026 1010]
 [4027 1030]
 [4028 1049]
 [4029 1069]
 [4030 1088]
 [4031 1093]
 [4032 1095]
 [4033 1098]
 [4034 1100]
 [4035 1103]
 [4036 1104]
 [4037 1107]
 [4038 1108]
 [4039 1109]
 [4040 1109]
 [4041 1112]
 [4042 1112]
 [4043 1111]
 [4044 1112]
 [4045 1112]
 [4046 1112]
 [4047 1112]
 [4048 1114]
 [4049 1114]
 [4050 1114]
 [4051 1114]
 [4052 1115]
 [4053 1116]
 [4054 1116]
 [4055 1117]
 [4056 1121]
 [4057 1121]
 [4058 1125]
 [4059 1130]
 [4060 1133]
 [4061 1137]
 [4062 1144]
 [4063 1152]
 [4064 1161]
 [4065 1169]
 [4066 1143]
 [4067 1111]
 [4068 1179]
 [4069 1234]
 [4070 1250]
 [4071 1250]
 [4072 1250]
 [4073 1250]
 [4074 1250]
 [4075 1250]
 [4076 1250]]
ステップ上限あり_モデル3_全員達成True_目標達成False_最低照度0_最大照度10000_最適化前照度500_最適化日数7_ステップサイズ80_J0.3434_Each_J0.1451

l_j = [[2460    0]
 [2461    0]
 [2462    0]
 [2463    0]
 [2464    0]
 [2465    0]
 [2466    0]
 [2467    0]
 [2468    0]
 [2469    0]
 [2470    0]
 [2471    0]
 [2472    0]
 [2473    0]
 [2474    0]
 [2475    0]
 [2476    0]
 [2477    0]
 [2478    0]
 [2479    0]
 [2480    0]
 [2481    0]
 [2482    0]
 [2483    0]
 [2484    0]
 [2485    0]
 [2486    0]
 [2487    0]
 [2488    0]
 [2489    0]
 [2490    0]
 [2491    0]
 [2492    0]
 [2493    0]
 [2494    0]
 [2495   23]
 [2496   37]
 [2497   52]
 [2498  112]
 [2499  165]
 [2500  223]
 [2490    0]
 [2491    0]
 [2492    0]
 [2493    0]
 [2494    0]
 [2495   23]
 [2496   37]
 [2497   52]
 [2498  112]
 [2499  165]
 [2500  223]
 [2501  267]
 [2502  317]
 [2503  374]
 [2504  397]
 [2505  416]
 [2506  446]
 [2507  473]
 [2508  510]
 [2509  545]
 [2510  579]
 [2511  594]
 [2512  671]
 [2513  755]
 [2514  845]
 [2515  946]
 [2516 1052]
 [2517 1122]
 [2518 1149]
 [2519 1169]
 [2520 1166]
 [2521 1176]
 [2522 1170]
 [2523 1165]
 [2524 1159]
 [2525 1151]
 [2526 1144]
 [2527 1135]
 [2528 1123]
 [2529 1113]
 [2530 1131]
 [2531 1137]
 [2532 1143]
 [2533 1147]
 [2534 1152]
 [2535 1157]
 [2536 1160]
 [2537 1167]
 [2538 1171]
 [2539 1174]
 [2540 1178]
 [2541 1180]
 [2542 1186]
 [2543 1188]
 [2544 1191]
 [2545 1194]
 [2546 1196]
 [2547 1199]
 [2548 1200]
 [2549 1202]
 [2550 1203]
 [2551 1205]
 [2552 1208]
 [2553 1208]
 [2554 1208]
 [2555 1210]
 [2556 1210]
 [2557 1212]
 [2558 1213]
 [2559 1245]
 [2560 1270]
 [2561 1286]
 [2562 1297]
 [2563 1300]
 [2564 1300]
 [2565 1300]
 [2566 1300]
 [2567 1300]
 [2568 1300]
 [2569 1300]
 [2570 1300]
 [2571 1300]
 [2572 1298]
 [2573 1285]
 [2574 1268]
 [2575 1242]
 [2576 1214]
 [2577 1180]
 [2578 1147]
 [2579 1141]
 [2570 1300]
 [2571 1300]
 [2572 1298]
 [2573 1285]
 [2574 1268]
 [2575 1242]
 [2576 1214]
 [2577 1180]
 [2578 1147]
 [2579 1141]
 [2580 1134]
 [2581 1120]
 [2582 1107]
 [2583 1094]
 [2584 1082]
 [2585 1067]
 [2586 1055]
 [2587 1039]
 [2588 1026]
 [2589  998]
 [2590  956]
 [2591  923]
 [2592  882]
 [2593  836]
 [2594  772]
 [2595  695]
 [2596  593]
 [2597  502]
 [2598  400]
 [2599  311]
 [2600  237]
 [2601  154]
 [2602   62]
 [2603    0]
 [2604    0]
 [2605    0]
 [2606    0]
 [2607    0]
 [2608    0]
 [2609    0]
 [2610    0]
 [2611    0]
 [2612    0]
 [2613    0]
 [2614    0]
 [2615    0]
 [2616    0]
 [2617    0]
 [2618    0]
 [2619    0]
 [2620    0]
 [2621    0]
 [2622    0]
 [2623    0]
 [2624    0]
 [2625    0]
 [2626    0]
 [2627    0]
 [2628    0]
 [2629    0]
 [2630    0]
 [2631    0]
 [2632    0]
 [2633    0]
 [2634    0]
 [2635    0]
 [2636    0]
 [2637    0]
 [2638    0]
 [2639    0]
 [2640    0]
 [2641    0]
 [2642    0]
 [2643    0]
 [2644    0]
 [2645    0]
 [2646    0]
 [2647    0]
 [2648    0]
 [2649    0]
 [2650    0]
 [2700    0]
 [2701    0]
 [2702    0]
 [2703    0]
 [2704    0]
 [2705    0]
 [2706    0]
 [2707    0]
 [2708    0]
 [2709    0]
 [2710    0]
 [2711    0]
 [2712    0]
 [2713    0]
 [2714    0]
 [2715    0]
 [2716    0]
 [2717    0]
 [2718    0]
 [2719    0]
 [2720    0]
 [2721    0]
 [2722    0]
 [2723    0]
 [2724    0]
 [2725    0]
 [2726    0]
 [2727    0]
 [2728    0]
 [2729    0]
 [2730    0]
 [2731    0]
 [2732    0]
 [2733    0]
 [2734    0]
 [2735    0]
 [2736    0]
 [2737    0]
 [2738    0]
 [2739    0]
 [2740    0]
 [2730    0]
 [2731    0]
 [2732    0]
 [2733    0]
 [2734    0]
 [2735    0]
 [2736    0]
 [2737    0]
 [2738    0]
 [2739    0]
 [2740    0]
 [2741    0]
 [2742    0]
 [2743    0]
 [2744    0]
 [2745    0]
 [2746   52]
 [2747  102]
 [2748  150]
 [2749  207]
 [2750  256]
 [2751  303]
 [2752  373]
 [2753  435]
 [2754  502]
 [2755  577]
 [2756  662]
 [2757  758]
 [2758  852]
 [2759  946]
 [2760  953]
 [2761 1001]
 [2762 1020]
 [2763 1028]
 [2764 1032]
 [2765 1034]
 [2766 1034]
 [2767 1034]
 [2768 1032]
 [2769 1033]
 [2770 1056]
 [2771 1069]
 [2772 1082]
 [2773 1093]
 [2774 1101]
 [2775 1109]
 [2776 1118]
 [2777 1126]
 [2778 1131]
 [2779 1137]
 [2780 1143]
 [2781 1150]
 [2782 1155]
 [2783 1161]
 [2784 1168]
 [2785 1175]
 [2786 1181]
 [2787 1186]
 [2788 1193]
 [2789 1199]
 [2790 1203]
 [2791 1210]
 [2792 1217]
 [2793 1222]
 [2794 1226]
 [2795 1231]
 [2796 1236]
 [2797 1242]
 [2798 1247]
 [2799 1281]
 [2800 1298]
 [2801 1300]
 [2802 1300]
 [2803 1300]
 [2804 1300]
 [2805 1300]
 [2806 1300]
 [2807 1300]
 [2808 1300]
 [2809 1300]
 [2810 1300]
 [2811 1300]
 [2812 1300]
 [2813 1300]
 [2814 1300]
 [2815 1296]
 [2816 1278]
 [2817 1252]
 [2818 1217]
 [2819 1210]
 [2810 1300]
 [2811 1300]
 [2812 1300]
 [2813 1300]
 [2814 1300]
 [2815 1296]
 [2816 1278]
 [2817 1252]
 [2818 1217]
 [2819 1210]
 [2820 1202]
 [2821 1196]
 [2822 1191]
 [2823 1184]
 [2824 1176]
 [2825 1166]
 [2826 1159]
 [2827 1146]
 [2828 1132]
 [2829 1118]
 [2830 1106]
 [2831 1094]
 [2832 1086]
 [2833 1077]
 [2834 1067]
 [2835 1052]
 [2836 1038]
 [2837 1022]
 [2838  997]
 [2839  971]
 [2840  939]
 [2841  889]
 [2842  836]
 [2843  733]
 [2844  651]
 [2845  559]
 [2846  447]
 [2847  321]
 [2848  224]
 [2849  112]
 [2850    0]
 [2851    0]
 [2852    0]
 [2853    0]
 [2854    0]
 [2855    0]
 [2856    0]
 [2857    0]
 [2858    0]
 [2859    0]
 [2860    0]
 [2861    0]
 [2862    0]
 [2863    0]
 [2864    0]
 [2865    0]
 [2866    0]
 [2867    0]
 [2868    0]
 [2869    0]
 [2870    0]
 [2871    0]
 [2872    0]
 [2873    0]
 [2874    0]
 [2875    0]
 [2876    0]
 [2877    0]
 [2878    0]
 [2879    0]
 [2880    0]
 [2881    0]
 [2882    0]
 [2883    0]
 [2884    0]
 [2885    0]
 [2886    0]
 [2887    0]
 [2888    0]
 [2889    0]
 [2890    0]
 [2940    0]
 [2941    0]
 [2942    0]
 [2943    0]
 [2944    0]
 [2945    0]
 [2946    0]
 [2947    0]
 [2948    0]
 [2949    0]
 [2950    0]
 [2951    0]
 [2952    0]
 [2953    0]
 [2954    0]
 [2955    0]
 [2956    0]
 [2957    0]
 [2958    0]
 [2959    0]
 [2960    0]
 [2961    0]
 [2962    0]
 [2963    0]
 [2964    0]
 [2965    0]
 [2966    0]
 [2967    0]
 [2968    0]
 [2969    0]
 [2970    0]
 [2971    0]
 [2972    0]
 [2973    0]
 [2974    0]
 [2975    0]
 [2976    0]
 [2977    0]
 [2978    0]
 [2979    0]
 [2980    0]
 [2970    0]
 [2971    0]
 [2972    0]
 [2973    0]
 [2974    0]
 [2975    0]
 [2976    0]
 [2977    0]
 [2978    0]
 [2979    0]
 [2980    0]
 [2981    0]
 [2982    0]
 [2983    0]
 [2984    0]
 [2985    0]
 [2986    0]
 [2987    0]
 [2988    0]
 [2989    0]
 [2990    0]
 [2991    0]
 [2992    0]
 [2993    0]
 [2994   79]
 [2995  160]
 [2996  245]
 [2997  340]
 [2998  427]
 [2999  502]
 [3000  530]
 [3001  565]
 [3002  624]
 [3003  677]
 [3004  725]
 [3005  771]
 [3006  805]
 [3007  823]
 [3008  841]
 [3009  865]
 [3010  912]
 [3011  935]
 [3012  959]
 [3013  979]
 [3014  998]
 [3015 1011]
 [3016 1028]
 [3017 1041]
 [3018 1056]
 [3019 1067]
 [3020 1076]
 [3021 1085]
 [3022 1096]
 [3023 1105]
 [3024 1113]
 [3025 1120]
 [3026 1127]
 [3027 1136]
 [3028 1144]
 [3029 1151]
 [3030 1159]
 [3031 1167]
 [3032 1177]
 [3033 1185]
 [3034 1194]
 [3035 1205]
 [3036 1213]
 [3037 1224]
 [3038 1235]
 [3039 1277]
 [3040 1298]
 [3041 1300]
 [3042 1300]
 [3043 1300]
 [3044 1300]
 [3045 1300]
 [3046 1300]
 [3047 1300]
 [3048 1300]
 [3049 1300]
 [3050 1300]
 [3051 1300]
 [3052 1300]
 [3053 1300]
 [3054 1300]
 [3055 1300]
 [3056 1295]
 [3057 1274]
 [3058 1246]
 [3059 1239]
 [3050 1300]
 [3051 1300]
 [3052 1300]
 [3053 1300]
 [3054 1300]
 [3055 1300]
 [3056 1295]
 [3057 1274]
 [3058 1246]
 [3059 1239]
 [3060 1234]
 [3061 1230]
 [3062 1227]
 [3063 1222]
 [3064 1218]
 [3065 1214]
 [3066 1210]
 [3067 1206]
 [3068 1198]
 [3069 1191]
 [3070 1183]
 [3071 1174]
 [3072 1166]
 [3073 1158]
 [3074 1151]
 [3075 1142]
 [3076 1134]
 [3077 1125]
 [3078 1117]
 [3079 1107]
 [3080 1098]
 [3081 1090]
 [3082 1081]
 [3083 1065]
 [3084 1051]
 [3085 1031]
 [3086 1004]
 [3087  957]
 [3088  911]
 [3089  851]
 [3090  776]
 [3091  678]
 [3092  551]
 [3093  394]
 [3094  199]
 [3095   43]
 [3096    0]
 [3097    0]
 [3098    0]
 [3099    0]
 [3100    0]
 [3101    0]
 [3102    0]
 [3103    0]
 [3104    0]
 [3105    0]
 [3106    0]
 [3107    0]
 [3108    0]
 [3109    0]
 [3110    0]
 [3111    0]
 [3112    0]
 [3113    0]
 [3114    0]
 [3115    0]
 [3116    0]
 [3117    0]
 [3118    0]
 [3119    0]
 [3120    0]
 [3121    0]
 [3122    0]
 [3123    0]
 [3124    0]
 [3125    0]
 [3126    0]
 [3127    0]
 [3128    0]
 [3129    0]
 [3130    0]
 [3180    0]
 [3181    0]
 [3182    0]
 [3183    0]
 [3184    0]
 [3185    0]
 [3186    0]
 [3187    0]
 [3188    0]
 [3189    0]
 [3190    0]
 [3191    0]
 [3192    0]
 [3193    0]
 [3194    0]
 [3195    0]
 [3196    0]
 [3197    0]
 [3198    0]
 [3199    0]
 [3200    0]
 [3201    0]
 [3202    0]
 [3203    0]
 [3204    0]
 [3205    0]
 [3206    0]
 [3207    0]
 [3208    0]
 [3209    0]
 [3210    0]
 [3211    0]
 [3212    0]
 [3213    0]
 [3214    0]
 [3215    0]
 [3216    0]
 [3217    0]
 [3218    0]
 [3219    0]
 [3220    0]
 [3210    0]
 [3211    0]
 [3212    0]
 [3213    0]
 [3214    0]
 [3215    0]
 [3216    0]
 [3217    0]
 [3218    0]
 [3219    0]
 [3220    0]
 [3221    0]
 [3222    0]
 [3223    0]
 [3224    0]
 [3225    0]
 [3226    0]
 [3227    0]
 [3228    0]
 [3229    0]
 [3230    0]
 [3231    0]
 [3232    0]
 [3233    0]
 [3234    0]
 [3235    0]
 [3236    0]
 [3237    0]
 [3238    0]
 [3239    0]
 [3240   72]
 [3241   88]
 [3242  171]
 [3243  251]
 [3244  323]
 [3245  388]
 [3246  442]
 [3247  469]
 [3248  516]
 [3249  557]
 [3250  619]
 [3251  672]
 [3252  724]
 [3253  776]
 [3254  820]
 [3255  849]
 [3256  878]
 [3257  902]
 [3258  925]
 [3259  947]
 [3260  965]
 [3261  980]
 [3262  995]
 [3263 1012]
 [3264 1028]
 [3265 1043]
 [3266 1057]
 [3267 1066]
 [3268 1079]
 [3269 1089]
 [3270 1100]
 [3271 1110]
 [3272 1119]
 [3273 1128]
 [3274 1139]
 [3275 1149]
 [3276 1161]
 [3277 1172]
 [3278 1233]
 [3279 1275]
 [3280 1297]
 [3281 1300]
 [3282 1300]
 [3283 1300]
 [3284 1300]
 [3285 1300]
 [3286 1300]
 [3287 1300]
 [3288 1300]
 [3289 1300]
 [3290 1300]
 [3291 1300]
 [3292 1300]
 [3293 1300]
 [3294 1300]
 [3295 1300]
 [3296 1297]
 [3297 1279]
 [3298 1252]
 [3299 1248]
 [3290 1300]
 [3291 1300]
 [3292 1300]
 [3293 1300]
 [3294 1300]
 [3295 1300]
 [3296 1297]
 [3297 1279]
 [3298 1252]
 [3299 1248]
 [3300 1243]
 [3301 1242]
 [3302 1240]
 [3303 1238]
 [3304 1236]
 [3305 1234]
 [3306 1232]
 [3307 1231]
 [3308 1230]
 [3309 1227]
 [3310 1224]
 [3311 1220]
 [3312 1215]
 [3313 1212]
 [3314 1207]
 [3315 1202]
 [3316 1198]
 [3317 1193]
 [3318 1186]
 [3319 1181]
 [3320 1175]
 [3321 1167]
 [3322 1160]
 [3323 1152]
 [3324 1145]
 [3325 1136]
 [3326 1128]
 [3327 1119]
 [3328 1111]
 [3329 1103]
 [3330 1093]
 [3331 1085]
 [3332 1072]
 [3333 1069]
 [3334 1041]
 [3335  995]
 [3336  917]
 [3337  803]
 [3338  635]
 [3339  418]
 [3340  175]
 [3341    0]
 [3342    0]
 [3343    0]
 [3344    0]
 [3345    0]
 [3346    0]
 [3347    0]
 [3348    0]
 [3349    0]
 [3350    0]
 [3351    0]
 [3352    0]
 [3353    0]
 [3354    0]
 [3355    0]
 [3356    0]
 [3357    0]
 [3358    0]
 [3359    0]
 [3360    0]
 [3361    0]
 [3362    0]
 [3363    0]
 [3364    0]
 [3365    0]
 [3366    0]
 [3367    0]
 [3368    0]
 [3369    0]
 [3370    0]
 [3420    0]
 [3421    0]
 [3422    0]
 [3423    0]
 [3424    0]
 [3425    0]
 [3426    0]
 [3427    0]
 [3428    0]
 [3429    0]
 [3430    0]
 [3431    0]
 [3432    0]
 [3433    0]
 [3434    0]
 [3435    0]
 [3436    0]
 [3437    0]
 [3438    0]
 [3439    0]
 [3440    0]
 [3441    0]
 [3442    0]
 [3443    0]
 [3444    0]
 [3445    0]
 [3446    0]
 [3447    0]
 [3448    0]
 [3449    0]
 [3450    0]
 [3451    0]
 [3452    0]
 [3453    0]
 [3454    0]
 [3455    0]
 [3456    0]
 [3457    0]
 [3458    0]
 [3459    0]
 [3460    0]
 [3450    0]
 [3451    0]
 [3452    0]
 [3453    0]
 [3454    0]
 [3455    0]
 [3456    0]
 [3457    0]
 [3458    0]
 [3459    0]
 [3460    0]
 [3461    0]
 [3462    0]
 [3463    0]
 [3464    0]
 [3465    0]
 [3466    0]
 [3467    0]
 [3468    0]
 [3469    0]
 [3470    0]
 [3471    0]
 [3472    0]
 [3473    0]
 [3474    0]
 [3475    0]
 [3476    0]
 [3477    0]
 [3478    0]
 [3479    0]
 [3480    0]
 [3481    0]
 [3482    0]
 [3483    0]
 [3484    0]
 [3485   38]
 [3486  104]
 [3487  139]
 [3488  202]
 [3489  260]
 [3490  304]
 [3491  357]
 [3492  408]
 [3493  460]
 [3494  513]
 [3495  567]
 [3496  623]
 [3497  676]
 [3498  725]
 [3499  767]
 [3500  800]
 [3501  831]
 [3502  858]
 [3503  879]
 [3504  898]
 [3505  917]
 [3506  940]
 [3507  955]
 [3508  972]
 [3509  988]
 [3510 1007]
 [3511 1025]
 [3512 1042]
 [3513 1054]
 [3514 1066]
 [3515 1079]
 [3516 1092]
 [3517 1102]
 [3518 1145]
 [3519 1194]
 [3520 1243]
 [3521 1277]
 [3522 1296]
 [3523 1300]
 [3524 1300]
 [3525 1300]
 [3526 1300]
 [3527 1300]
 [3528 1300]
 [3529 1300]
 [3530 1300]
 [3531 1300]
 [3532 1300]
 [3533 1300]
 [3534 1300]
 [3535 1297]
 [3536 1284]
 [3537 1264]
 [3538 1235]
 [3539 1233]
 [3530 1300]
 [3531 1300]
 [3532 1300]
 [3533 1300]
 [3534 1300]
 [3535 1297]
 [3536 1284]
 [3537 1264]
 [3538 1235]
 [3539 1233]
 [3540 1230]
 [3541 1229]
 [3542 1229]
 [3543 1229]
 [3544 1230]
 [3545 1232]
 [3546 1232]
 [3547 1234]
 [3548 1234]
 [3549 1235]
 [3550 1235]
 [3551 1235]
 [3552 1234]
 [3553 1232]
 [3554 1232]
 [3555 1230]
 [3556 1227]
 [3557 1225]
 [3558 1224]
 [3559 1219]
 [3560 1218]
 [3561 1214]
 [3562 1210]
 [3563 1207]
 [3564 1202]
 [3565 1199]
 [3566 1194]
 [3567 1191]
 [3568 1186]
 [3569 1179]
 [3570 1173]
 [3571 1165]
 [3572 1159]
 [3573 1152]
 [3574 1145]
 [3575 1140]
 [3576 1137]
 [3577 1142]
 [3578 1144]
 [3579 1147]
 [3580 1140]
 [3581 1112]
 [3582 1014]
 [3583  840]
 [3584  634]
 [3585  380]
 [3586  126]
 [3587    0]
 [3588    0]
 [3589    0]
 [3590    0]
 [3591    0]
 [3592    0]
 [3593    0]
 [3594    0]
 [3595    0]
 [3596    0]
 [3597    0]
 [3598    0]
 [3599    0]
 [3600    0]
 [3601    0]
 [3602    0]
 [3603    0]
 [3604    0]
 [3605    0]
 [3606    0]
 [3607    0]
 [3608    0]
 [3609    0]
 [3610    0]
 [3660    0]
 [3661    0]
 [3662    0]
 [3663    0]
 [3664    0]
 [3665    0]
 [3666    0]
 [3667    0]
 [3668    0]
 [3669    0]
 [3670    0]
 [3671    0]
 [3672    0]
 [3673    0]
 [3674    0]
 [3675    0]
 [3676    0]
 [3677    0]
 [3678    0]
 [3679    0]
 [3680    0]
 [3681    0]
 [3682    0]
 [3683    0]
 [3684    0]
 [3685    0]
 [3686    0]
 [3687    0]
 [3688    0]
 [3689    0]
 [3690    0]
 [3691    0]
 [3692    0]
 [3693    0]
 [3694    0]
 [3695    0]
 [3696    0]
 [3697    0]
 [3698    0]
 [3699    0]
 [3700    0]
 [3690    0]
 [3691    0]
 [3692    0]
 [3693    0]
 [3694    0]
 [3695    0]
 [3696    0]
 [3697    0]
 [3698    0]
 [3699    0]
 [3700    0]
 [3701    0]
 [3702    0]
 [3703    0]
 [3704    0]
 [3705    0]
 [3706    0]
 [3707    0]
 [3708    0]
 [3709    0]
 [3710    0]
 [3711    0]
 [3712    0]
 [3713    0]
 [3714    0]
 [3715    0]
 [3716    0]
 [3717    0]
 [3718    0]
 [3719    0]
 [3720    0]
 [3721    0]
 [3722    0]
 [3723    0]
 [3724    0]
 [3725    0]
 [3726    0]
 [3727    0]
 [3728    0]
 [3729    0]
 [3730    0]
 [3731    0]
 [3732    0]
 [3733   47]
 [3734  123]
 [3735  195]
 [3736  262]
 [3737  323]
 [3738  381]
 [3739  442]
 [3740  499]
 [3741  557]
 [3742  616]
 [3743  668]
 [3744  707]
 [3745  745]
 [3746  780]
 [3747  808]
 [3748  838]
 [3749  860]
 [3750  885]
 [3751  904]
 [3752  925]
 [3753  943]
 [3754  962]
 [3755  981]
 [3756  998]
 [3757 1018]
 [3758 1064]
 [3759 1103]
 [3760 1135]
 [3761 1171]
 [3762 1211]
 [3763 1250]
 [3764 1277]
 [3765 1293]
 [3766 1300]
 [3767 1300]
 [3768 1300]
 [3769 1300]
 [3770 1300]
 [3771 1300]
 [3772 1297]
 [3773 1288]
 [3774 1273]
 [3775 1252]
 [3776 1228]
 [3777 1196]
 [3778 1159]
 [3779 1155]
 [3770 1300]
 [3771 1300]
 [3772 1297]
 [3773 1288]
 [3774 1273]
 [3775 1252]
 [3776 1228]
 [3777 1196]
 [3778 1159]
 [3779 1155]
 [3780 1156]
 [3781 1161]
 [3782 1166]
 [3783 1174]
 [3784 1179]
 [3785 1184]
 [3786 1192]
 [3787 1197]
 [3788 1203]
 [3789 1209]
 [3790 1215]
 [3791 1216]
 [3792 1219]
 [3793 1219]
 [3794 1220]
 [3795 1220]
 [3796 1222]
 [3797 1222]
 [3798 1223]
 [3799 1223]
 [3800 1223]
 [3801 1223]
 [3802 1222]
 [3803 1219]
 [3804 1218]
 [3805 1217]
 [3806 1216]
 [3807 1213]
 [3808 1212]
 [3809 1208]
 [3810 1207]
 [3811 1202]
 [3812 1200]
 [3813 1197]
 [3814 1194]
 [3815 1190]
 [3816 1187]
 [3817 1184]
 [3818 1180]
 [3819 1179]
 [3820 1179]
 [3821 1183]
 [3822 1185]
 [3823 1190]
 [3824 1196]
 [3825 1199]
 [3826 1200]
 [3827 1078]
 [3828  904]
 [3829  700]
 [3830  579]
 [3831  503]
 [3832  431]
 [3833  358]
 [3834  283]
 [3835  221]
 [3836  167]
 [3837   55]
 [3838    0]
 [3839    0]
 [3840    0]
 [3841    0]
 [3842    0]
 [3843    0]
 [3844    0]
 [3845    0]
 [3846    0]
 [3847    0]
 [3848    0]
 [3849    0]
 [3850    0]
 [3900    0]
 [3901    0]
 [3902    0]
 [3903    0]
 [3904    0]
 [3905    0]
 [3906    0]
 [3907    0]
 [3908    0]
 [3909    0]
 [3910    0]
 [3911    0]
 [3912    0]
 [3913    0]
 [3914    0]
 [3915    0]
 [3916    0]
 [3917    0]
 [3918    0]
 [3919    0]
 [3920    0]
 [3921    0]
 [3922    0]
 [3923    0]
 [3924    0]
 [3925    0]
 [3926    0]
 [3927    0]
 [3928    0]
 [3929    0]
 [3930    0]
 [3931    0]
 [3932    0]
 [3933    0]
 [3934    0]
 [3935    0]
 [3936    0]
 [3937    0]
 [3938    0]
 [3939    0]
 [3940    0]
 [3930    0]
 [3931    0]
 [3932    0]
 [3933    0]
 [3934    0]
 [3935    0]
 [3936    0]
 [3937    0]
 [3938    0]
 [3939    0]
 [3940    0]
 [3941    0]
 [3942    0]
 [3943    0]
 [3944    0]
 [3945    0]
 [3946    0]
 [3947    0]
 [3948    0]
 [3949    0]
 [3950    0]
 [3951    0]
 [3952    0]
 [3953    0]
 [3954    0]
 [3955    0]
 [3956    0]
 [3957    0]
 [3958    0]
 [3959    0]
 [3960    0]
 [3961    0]
 [3962    0]
 [3963    0]
 [3964    0]
 [3965    0]
 [3966    0]
 [3967    0]
 [3968    0]
 [3969    0]
 [3970    0]
 [3971    0]
 [3972    0]
 [3973    0]
 [3974    0]
 [3975    0]
 [3976    0]
 [3977    0]
 [3978    0]
 [3979    0]
 [3980    0]
 [3981   33]
 [3982  130]
 [3983  213]
 [3984  288]
 [3985  359]
 [3986  427]
 [3987  495]
 [3988  558]
 [3989  622]
 [3990  672]
 [3991  714]
 [3992  752]
 [3993  788]
 [3994  820]
 [3995  850]
 [3996  871]
 [3997  891]
 [3998  964]
 [3999 1030]
 [4000 1073]
 [4001 1112]
 [4002 1144]
 [4003 1179]
 [4004 1215]
 [4005 1252]
 [4006 1283]
 [4007 1297]
 [4008 1300]
 [4009 1297]
 [4010 1290]
 [4011 1264]
 [4012 1221]
 [4013 1172]
 [4014 1119]
 [4015 1062]
 [4016 1008]
 [4017  950]
 [4018  892]
 [4019  864]
 [4010 1290]
 [4011 1264]
 [4012 1221]
 [4013 1172]
 [4014 1119]
 [4015 1062]
 [4016 1008]
 [4017  950]
 [4018  892]
 [4019  864]
 [4020  838]
 [4021  858]
 [4022  879]
 [4023  903]
 [4024  928]
 [4025  954]
 [4026  982]
 [4027 1009]
 [4028 1036]
 [4029 1067]
 [4030 1094]
 [4031 1098]
 [4032 1102]
 [4033 1105]
 [4034 1107]
 [4035 1109]
 [4036 1111]
 [4037 1114]
 [4038 1114]
 [4039 1114]
 [4040 1116]
 [4041 1116]
 [4042 1116]
 [4043 1114]
 [4044 1115]
 [4045 1115]
 [4046 1113]
 [4047 1114]
 [4048 1114]
 [4049 1113]
 [4050 1114]
 [4051 1115]
 [4052 1115]
 [4053 1115]
 [4054 1117]
 [4055 1119]
 [4056 1122]
 [4057 1125]
 [4058 1130]
 [4059 1135]
 [4060 1142]
 [4061 1149]
 [4062 1158]
 [4063 1167]
 [4064 1178]
 [4065 1190]
 [4066 1160]
 [4067 1117]
 [4068 1203]
 [4069 1278]
 [4070 1300]
 [4071 1300]
 [4072 1300]
 [4073 1300]
 [4074 1300]
 [4075 1300]
 [4076 1300]]
ステップ上限あり_モデル3_全員達成True_目標達成True_最低照度0_最大照度10000_最適化前照度500_最適化日数7_ステップサイズ90_J0.3448_Each_J0.1444

l_j = [[2460    0]
 [2461    0]
 [2462    0]
 [2463    0]
 [2464    0]
 [2465    0]
 [2466    0]
 [2467    0]
 [2468    0]
 [2469    0]
 [2470    0]
 [2471    0]
 [2472    0]
 [2473    0]
 [2474    0]
 [2475    0]
 [2476    0]
 [2477    0]
 [2478    0]
 [2479    0]
 [2480    0]
 [2481    0]
 [2482    0]
 [2483    0]
 [2484    0]
 [2485    0]
 [2486    0]
 [2487    0]
 [2488    0]
 [2489    0]
 [2490    0]
 [2491    0]
 [2492    0]
 [2493    0]
 [2494    0]
 [2495    0]
 [2496    0]
 [2497   15]
 [2498   75]
 [2499  133]
 [2500  190]
 [2490    0]
 [2491    0]
 [2492    0]
 [2493    0]
 [2494    0]
 [2495    0]
 [2496    0]
 [2497   15]
 [2498   75]
 [2499  133]
 [2500  190]
 [2501  242]
 [2502  292]
 [2503  356]
 [2504  377]
 [2505  402]
 [2506  434]
 [2507  465]
 [2508  504]
 [2509  542]
 [2510  582]
 [2511  601]
 [2512  682]
 [2513  776]
 [2514  875]
 [2515  984]
 [2516 1085]
 [2517 1122]
 [2518 1142]
 [2519 1159]
 [2520 1159]
 [2521 1167]
 [2522 1163]
 [2523 1158]
 [2524 1151]
 [2525 1145]
 [2526 1138]
 [2527 1129]
 [2528 1122]
 [2529 1114]
 [2530 1125]
 [2531 1131]
 [2532 1136]
 [2533 1141]
 [2534 1145]
 [2535 1151]
 [2536 1156]
 [2537 1159]
 [2538 1163]
 [2539 1168]
 [2540 1170]
 [2541 1173]
 [2542 1177]
 [2543 1180]
 [2544 1182]
 [2545 1186]
 [2546 1188]
 [2547 1188]
 [2548 1191]
 [2549 1191]
 [2550 1192]
 [2551 1194]
 [2552 1195]
 [2553 1196]
 [2554 1197]
 [2555 1198]
 [2556 1198]
 [2557 1198]
 [2558 1201]
 [2559 1224]
 [2560 1242]
 [2561 1249]
 [2562 1250]
 [2563 1250]
 [2564 1250]
 [2565 1250]
 [2566 1250]
 [2567 1250]
 [2568 1250]
 [2569 1250]
 [2570 1250]
 [2571 1250]
 [2572 1250]
 [2573 1247]
 [2574 1238]
 [2575 1221]
 [2576 1198]
 [2577 1173]
 [2578 1145]
 [2579 1137]
 [2570 1250]
 [2571 1250]
 [2572 1250]
 [2573 1247]
 [2574 1238]
 [2575 1221]
 [2576 1198]
 [2577 1173]
 [2578 1145]
 [2579 1137]
 [2580 1132]
 [2581 1122]
 [2582 1110]
 [2583 1096]
 [2584 1084]
 [2585 1070]
 [2586 1055]
 [2587 1041]
 [2588 1026]
 [2589 1003]
 [2590  970]
 [2591  938]
 [2592  904]
 [2593  860]
 [2594  798]
 [2595  712]
 [2596  623]
 [2597  524]
 [2598  441]
 [2599  363]
 [2600  280]
 [2601  196]
 [2602  101]
 [2603    2]
 [2604    0]
 [2605    0]
 [2606    0]
 [2607    0]
 [2608    0]
 [2609    0]
 [2610    0]
 [2611    0]
 [2612    0]
 [2613    0]
 [2614    0]
 [2615    0]
 [2616    0]
 [2617    0]
 [2618    0]
 [2619    0]
 [2620    0]
 [2621    0]
 [2622    0]
 [2623    0]
 [2624    0]
 [2625    0]
 [2626    0]
 [2627    0]
 [2628    0]
 [2629    0]
 [2630    0]
 [2631    0]
 [2632    0]
 [2633    0]
 [2634    0]
 [2635    0]
 [2636    0]
 [2637    0]
 [2638    0]
 [2639    0]
 [2640    0]
 [2641    0]
 [2642    0]
 [2643    0]
 [2644    0]
 [2645    0]
 [2646    0]
 [2647    0]
 [2648    0]
 [2649    0]
 [2650    0]
 [2700    0]
 [2701    0]
 [2702    0]
 [2703    0]
 [2704    0]
 [2705    0]
 [2706    0]
 [2707    0]
 [2708    0]
 [2709    0]
 [2710    0]
 [2711    0]
 [2712    0]
 [2713    0]
 [2714    0]
 [2715    0]
 [2716    0]
 [2717    0]
 [2718    0]
 [2719    0]
 [2720    0]
 [2721    0]
 [2722    0]
 [2723    0]
 [2724    0]
 [2725    0]
 [2726    0]
 [2727    0]
 [2728    0]
 [2729    0]
 [2730    0]
 [2731    0]
 [2732    0]
 [2733    0]
 [2734    0]
 [2735    0]
 [2736    0]
 [2737    0]
 [2738    0]
 [2739    0]
 [2740    0]
 [2730    0]
 [2731    0]
 [2732    0]
 [2733    0]
 [2734    0]
 [2735    0]
 [2736    0]
 [2737    0]
 [2738    0]
 [2739    0]
 [2740    0]
 [2741    0]
 [2742    0]
 [2743    0]
 [2744    0]
 [2745    0]
 [2746    0]
 [2747   35]
 [2748   94]
 [2749  160]
 [2750  222]
 [2751  267]
 [2752  348]
 [2753  423]
 [2754  500]
 [2755  585]
 [2756  681]
 [2757  790]
 [2758  894]
 [2759  989]
 [2760  996]
 [2761 1025]
 [2762 1033]
 [2763 1040]
 [2764 1044]
 [2765 1046]
 [2766 1046]
 [2767 1046]
 [2768 1043]
 [2769 1040]
 [2770 1065]
 [2771 1076]
 [2772 1084]
 [2773 1092]
 [2774 1103]
 [2775 1109]
 [2776 1114]
 [2777 1121]
 [2778 1126]
 [2779 1131]
 [2780 1139]
 [2781 1145]
 [2782 1152]
 [2783 1156]
 [2784 1162]
 [2785 1169]
 [2786 1174]
 [2787 1180]
 [2788 1187]
 [2789 1191]
 [2790 1196]
 [2791 1200]
 [2792 1204]
 [2793 1209]
 [2794 1213]
 [2795 1216]
 [2796 1219]
 [2797 1223]
 [2798 1227]
 [2799 1246]
 [2800 1250]
 [2801 1250]
 [2802 1250]
 [2803 1250]
 [2804 1250]
 [2805 1250]
 [2806 1250]
 [2807 1250]
 [2808 1250]
 [2809 1250]
 [2810 1250]
 [2811 1250]
 [2812 1250]
 [2813 1250]
 [2814 1250]
 [2815 1250]
 [2816 1241]
 [2817 1226]
 [2818 1202]
 [2819 1196]
 [2810 1250]
 [2811 1250]
 [2812 1250]
 [2813 1250]
 [2814 1250]
 [2815 1250]
 [2816 1241]
 [2817 1226]
 [2818 1202]
 [2819 1196]
 [2820 1190]
 [2821 1184]
 [2822 1179]
 [2823 1175]
 [2824 1170]
 [2825 1161]
 [2826 1153]
 [2827 1144]
 [2828 1131]
 [2829 1116]
 [2830 1102]
 [2831 1094]
 [2832 1083]
 [2833 1075]
 [2834 1065]
 [2835 1056]
 [2836 1042]
 [2837 1027]
 [2838 1010]
 [2839  986]
 [2840  955]
 [2841  914]
 [2842  848]
 [2843  771]
 [2844  664]
 [2845  569]
 [2846  465]
 [2847  366]
 [2848  265]
 [2849  150]
 [2850   21]
 [2851    0]
 [2852    0]
 [2853    0]
 [2854    0]
 [2855    0]
 [2856    0]
 [2857    0]
 [2858    0]
 [2859    0]
 [2860    0]
 [2861    0]
 [2862    0]
 [2863    0]
 [2864    0]
 [2865    0]
 [2866    0]
 [2867    0]
 [2868    0]
 [2869    0]
 [2870    0]
 [2871    0]
 [2872    0]
 [2873    0]
 [2874    0]
 [2875    0]
 [2876    0]
 [2877    0]
 [2878    0]
 [2879    0]
 [2880    0]
 [2881    0]
 [2882    0]
 [2883    0]
 [2884    0]
 [2885    0]
 [2886    0]
 [2887    0]
 [2888    0]
 [2889    0]
 [2890    0]
 [2940    0]
 [2941    0]
 [2942    0]
 [2943    0]
 [2944    0]
 [2945    0]
 [2946    0]
 [2947    0]
 [2948    0]
 [2949    0]
 [2950    0]
 [2951    0]
 [2952    0]
 [2953    0]
 [2954    0]
 [2955    0]
 [2956    0]
 [2957    0]
 [2958    0]
 [2959    0]
 [2960    0]
 [2961    0]
 [2962    0]
 [2963    0]
 [2964    0]
 [2965    0]
 [2966    0]
 [2967    0]
 [2968    0]
 [2969    0]
 [2970    0]
 [2971    0]
 [2972    0]
 [2973    0]
 [2974    0]
 [2975    0]
 [2976    0]
 [2977    0]
 [2978    0]
 [2979    0]
 [2980    0]
 [2970    0]
 [2971    0]
 [2972    0]
 [2973    0]
 [2974    0]
 [2975    0]
 [2976    0]
 [2977    0]
 [2978    0]
 [2979    0]
 [2980    0]
 [2981    0]
 [2982    0]
 [2983    0]
 [2984    0]
 [2985    0]
 [2986    0]
 [2987    0]
 [2988    0]
 [2989    0]
 [2990    0]
 [2991    0]
 [2992    0]
 [2993    0]
 [2994   32]
 [2995  122]
 [2996  219]
 [2997  329]
 [2998  426]
 [2999  514]
 [3000  542]
 [3001  579]
 [3002  645]
 [3003  702]
 [3004  757]
 [3005  807]
 [3006  847]
 [3007  861]
 [3008  875]
 [3009  894]
 [3010  932]
 [3011  953]
 [3012  973]
 [3013  989]
 [3014 1005]
 [3015 1020]
 [3016 1036]
 [3017 1048]
 [3018 1059]
 [3019 1070]
 [3020 1078]
 [3021 1089]
 [3022 1096]
 [3023 1104]
 [3024 1110]
 [3025 1117]
 [3026 1125]
 [3027 1131]
 [3028 1140]
 [3029 1147]
 [3030 1155]
 [3031 1163]
 [3032 1172]
 [3033 1181]
 [3034 1189]
 [3035 1196]
 [3036 1204]
 [3037 1210]
 [3038 1217]
 [3039 1245]
 [3040 1250]
 [3041 1250]
 [3042 1250]
 [3043 1250]
 [3044 1250]
 [3045 1250]
 [3046 1250]
 [3047 1250]
 [3048 1250]
 [3049 1250]
 [3050 1250]
 [3051 1250]
 [3052 1250]
 [3053 1250]
 [3054 1250]
 [3055 1250]
 [3056 1250]
 [3057 1238]
 [3058 1220]
 [3059 1215]
 [3050 1250]
 [3051 1250]
 [3052 1250]
 [3053 1250]
 [3054 1250]
 [3055 1250]
 [3056 1250]
 [3057 1238]
 [3058 1220]
 [3059 1215]
 [3060 1210]
 [3061 1207]
 [3062 1206]
 [3063 1204]
 [3064 1201]
 [3065 1198]
 [3066 1194]
 [3067 1191]
 [3068 1188]
 [3069 1181]
 [3070 1175]
 [3071 1169]
 [3072 1161]
 [3073 1154]
 [3074 1146]
 [3075 1139]
 [3076 1130]
 [3077 1122]
 [3078 1113]
 [3079 1106]
 [3080 1096]
 [3081 1087]
 [3082 1079]
 [3083 1068]
 [3084 1055]
 [3085 1039]
 [3086 1019]
 [3087  986]
 [3088  940]
 [3089  889]
 [3090  812]
 [3091  717]
 [3092  591]
 [3093  424]
 [3094  248]
 [3095   82]
 [3096    0]
 [3097    0]
 [3098    0]
 [3099    0]
 [3100    0]
 [3101    0]
 [3102    0]
 [3103    0]
 [3104    0]
 [3105    0]
 [3106    0]
 [3107    0]
 [3108    0]
 [3109    0]
 [3110    0]
 [3111    0]
 [3112    0]
 [3113    0]
 [3114    0]
 [3115    0]
 [3116    0]
 [3117    0]
 [3118    0]
 [3119    0]
 [3120    0]
 [3121    0]
 [3122    0]
 [3123    0]
 [3124    0]
 [3125    0]
 [3126    0]
 [3127    0]
 [3128    0]
 [3129    0]
 [3130    0]
 [3180    0]
 [3181    0]
 [3182    0]
 [3183    0]
 [3184    0]
 [3185    0]
 [3186    0]
 [3187    0]
 [3188    0]
 [3189    0]
 [3190    0]
 [3191    0]
 [3192    0]
 [3193    0]
 [3194    0]
 [3195    0]
 [3196    0]
 [3197    0]
 [3198    0]
 [3199    0]
 [3200    0]
 [3201    0]
 [3202    0]
 [3203    0]
 [3204    0]
 [3205    0]
 [3206    0]
 [3207    0]
 [3208    0]
 [3209    0]
 [3210    0]
 [3211    0]
 [3212    0]
 [3213    0]
 [3214    0]
 [3215    0]
 [3216    0]
 [3217    0]
 [3218    0]
 [3219    0]
 [3220    0]
 [3210    0]
 [3211    0]
 [3212    0]
 [3213    0]
 [3214    0]
 [3215    0]
 [3216    0]
 [3217    0]
 [3218    0]
 [3219    0]
 [3220    0]
 [3221    0]
 [3222    0]
 [3223    0]
 [3224    0]
 [3225    0]
 [3226    0]
 [3227    0]
 [3228    0]
 [3229    0]
 [3230    0]
 [3231    0]
 [3232    0]
 [3233    0]
 [3234    0]
 [3235    0]
 [3236    0]
 [3237    0]
 [3238    0]
 [3239    0]
 [3240    8]
 [3241   30]
 [3242  124]
 [3243  215]
 [3244  298]
 [3245  372]
 [3246  436]
 [3247  467]
 [3248  520]
 [3249  570]
 [3250  637]
 [3251  697]
 [3252  757]
 [3253  805]
 [3254  841]
 [3255  869]
 [3256  893]
 [3257  918]
 [3258  937]
 [3259  953]
 [3260  970]
 [3261  985]
 [3262 1003]
 [3263 1021]
 [3264 1036]
 [3265 1047]
 [3266 1058]
 [3267 1068]
 [3268 1080]
 [3269 1088]
 [3270 1096]
 [3271 1105]
 [3272 1114]
 [3273 1125]
 [3274 1134]
 [3275 1144]
 [3276 1156]
 [3277 1166]
 [3278 1217]
 [3279 1244]
 [3280 1250]
 [3281 1250]
 [3282 1250]
 [3283 1250]
 [3284 1250]
 [3285 1250]
 [3286 1250]
 [3287 1250]
 [3288 1250]
 [3289 1250]
 [3290 1250]
 [3291 1250]
 [3292 1250]
 [3293 1250]
 [3294 1250]
 [3295 1250]
 [3296 1250]
 [3297 1242]
 [3298 1226]
 [3299 1221]
 [3290 1250]
 [3291 1250]
 [3292 1250]
 [3293 1250]
 [3294 1250]
 [3295 1250]
 [3296 1250]
 [3297 1242]
 [3298 1226]
 [3299 1221]
 [3300 1218]
 [3301 1216]
 [3302 1215]
 [3303 1214]
 [3304 1215]
 [3305 1214]
 [3306 1213]
 [3307 1212]
 [3308 1210]
 [3309 1208]
 [3310 1207]
 [3311 1205]
 [3312 1202]
 [3313 1199]
 [3314 1195]
 [3315 1191]
 [3316 1187]
 [3317 1183]
 [3318 1178]
 [3319 1174]
 [3320 1169]
 [3321 1162]
 [3322 1156]
 [3323 1149]
 [3324 1140]
 [3325 1133]
 [3326 1125]
 [3327 1117]
 [3328 1109]
 [3329 1101]
 [3330 1091]
 [3331 1085]
 [3332 1079]
 [3333 1079]
 [3334 1063]
 [3335 1034]
 [3336  972]
 [3337  861]
 [3338  692]
 [3339  458]
 [3340  195]
 [3341    0]
 [3342    0]
 [3343    0]
 [3344    0]
 [3345    0]
 [3346    0]
 [3347    0]
 [3348    0]
 [3349    0]
 [3350    0]
 [3351    0]
 [3352    0]
 [3353    0]
 [3354    0]
 [3355    0]
 [3356    0]
 [3357    0]
 [3358    0]
 [3359    0]
 [3360    0]
 [3361    0]
 [3362    0]
 [3363    0]
 [3364    0]
 [3365    0]
 [3366    0]
 [3367    0]
 [3368    0]
 [3369    0]
 [3370    0]
 [3420    0]
 [3421    0]
 [3422    0]
 [3423    0]
 [3424    0]
 [3425    0]
 [3426    0]
 [3427    0]
 [3428    0]
 [3429    0]
 [3430    0]
 [3431    0]
 [3432    0]
 [3433    0]
 [3434    0]
 [3435    0]
 [3436    0]
 [3437    0]
 [3438    0]
 [3439    0]
 [3440    0]
 [3441    0]
 [3442    0]
 [3443    0]
 [3444    0]
 [3445    0]
 [3446    0]
 [3447    0]
 [3448    0]
 [3449    0]
 [3450    0]
 [3451    0]
 [3452    0]
 [3453    0]
 [3454    0]
 [3455    0]
 [3456    0]
 [3457    0]
 [3458    0]
 [3459    0]
 [3460    0]
 [3450    0]
 [3451    0]
 [3452    0]
 [3453    0]
 [3454    0]
 [3455    0]
 [3456    0]
 [3457    0]
 [3458    0]
 [3459    0]
 [3460    0]
 [3461    0]
 [3462    0]
 [3463    0]
 [3464    0]
 [3465    0]
 [3466    0]
 [3467    0]
 [3468    0]
 [3469    0]
 [3470    0]
 [3471    0]
 [3472    0]
 [3473    0]
 [3474    0]
 [3475    0]
 [3476    0]
 [3477    0]
 [3478    0]
 [3479    0]
 [3480    0]
 [3481    0]
 [3482    0]
 [3483    0]
 [3484    0]
 [3485    0]
 [3486   69]
 [3487  103]
 [3488  169]
 [3489  232]
 [3490  281]
 [3491  341]
 [3492  400]
 [3493  460]
 [3494  519]
 [3495  580]
 [3496  642]
 [3497  699]
 [3498  744]
 [3499  779]
 [3500  814]
 [3501  842]
 [3502  865]
 [3503  890]
 [3504  906]
 [3505  927]
 [3506  945]
 [3507  962]
 [3508  978]
 [3509  996]
 [3510 1017]
 [3511 1033]
 [3512 1044]
 [3513 1057]
 [3514 1068]
 [3515 1080]
 [3516 1088]
 [3517 1100]
 [3518 1140]
 [3519 1185]
 [3520 1222]
 [3521 1245]
 [3522 1250]
 [3523 1250]
 [3524 1250]
 [3525 1250]
 [3526 1250]
 [3527 1250]
 [3528 1250]
 [3529 1250]
 [3530 1250]
 [3531 1250]
 [3532 1250]
 [3533 1250]
 [3534 1250]
 [3535 1250]
 [3536 1246]
 [3537 1234]
 [3538 1215]
 [3539 1212]
 [3530 1250]
 [3531 1250]
 [3532 1250]
 [3533 1250]
 [3534 1250]
 [3535 1250]
 [3536 1246]
 [3537 1234]
 [3538 1215]
 [3539 1212]
 [3540 1210]
 [3541 1210]
 [3542 1210]
 [3543 1211]
 [3544 1212]
 [3545 1212]
 [3546 1213]
 [3547 1214]
 [3548 1215]
 [3549 1215]
 [3550 1215]
 [3551 1214]
 [3552 1214]
 [3553 1214]
 [3554 1211]
 [3555 1211]
 [3556 1210]
 [3557 1208]
 [3558 1207]
 [3559 1205]
 [3560 1202]
 [3561 1200]
 [3562 1199]
 [3563 1195]
 [3564 1192]
 [3565 1188]
 [3566 1184]
 [3567 1180]
 [3568 1176]
 [3569 1171]
 [3570 1167]
 [3571 1160]
 [3572 1154]
 [3573 1148]
 [3574 1143]
 [3575 1138]
 [3576 1136]
 [3577 1140]
 [3578 1143]
 [3579 1157]
 [3580 1151]
 [3581 1142]
 [3582 1061]
 [3583  886]
 [3584  664]
 [3585  382]
 [3586  150]
 [3587   11]
 [3588    0]
 [3589    0]
 [3590    0]
 [3591    0]
 [3592    0]
 [3593    0]
 [3594    0]
 [3595    0]
 [3596    0]
 [3597    0]
 [3598    0]
 [3599    0]
 [3600    0]
 [3601    0]
 [3602    0]
 [3603    0]
 [3604    0]
 [3605    0]
 [3606    0]
 [3607    0]
 [3608    0]
 [3609    0]
 [3610    0]
 [3660    0]
 [3661    0]
 [3662    0]
 [3663    0]
 [3664    0]
 [3665    0]
 [3666    0]
 [3667    0]
 [3668    0]
 [3669    0]
 [3670    0]
 [3671    0]
 [3672    0]
 [3673    0]
 [3674    0]
 [3675    0]
 [3676    0]
 [3677    0]
 [3678    0]
 [3679    0]
 [3680    0]
 [3681    0]
 [3682    0]
 [3683    0]
 [3684    0]
 [3685    0]
 [3686    0]
 [3687    0]
 [3688    0]
 [3689    0]
 [3690    0]
 [3691    0]
 [3692    0]
 [3693    0]
 [3694    0]
 [3695    0]
 [3696    0]
 [3697    0]
 [3698    0]
 [3699    0]
 [3700    0]
 [3690    0]
 [3691    0]
 [3692    0]
 [3693    0]
 [3694    0]
 [3695    0]
 [3696    0]
 [3697    0]
 [3698    0]
 [3699    0]
 [3700    0]
 [3701    0]
 [3702    0]
 [3703    0]
 [3704    0]
 [3705    0]
 [3706    0]
 [3707    0]
 [3708    0]
 [3709    0]
 [3710    0]
 [3711    0]
 [3712    0]
 [3713    0]
 [3714    0]
 [3715    0]
 [3716    0]
 [3717    0]
 [3718    0]
 [3719    0]
 [3720    0]
 [3721    0]
 [3722    0]
 [3723    0]
 [3724    0]
 [3725    0]
 [3726    0]
 [3727    0]
 [3728    0]
 [3729    0]
 [3730    0]
 [3731    0]
 [3732    0]
 [3733    0]
 [3734   77]
 [3735  163]
 [3736  241]
 [3737  309]
 [3738  376]
 [3739  443]
 [3740  507]
 [3741  569]
 [3742  637]
 [3743  685]
 [3744  724]
 [3745  761]
 [3746  793]
 [3747  821]
 [3748  847]
 [3749  872]
 [3750  894]
 [3751  915]
 [3752  930]
 [3753  947]
 [3754  966]
 [3755  988]
 [3756 1007]
 [3757 1024]
 [3758 1068]
 [3759 1097]
 [3760 1129]
 [3761 1164]
 [3762 1201]
 [3763 1227]
 [3764 1244]
 [3765 1250]
 [3766 1250]
 [3767 1250]
 [3768 1250]
 [3769 1250]
 [3770 1250]
 [3771 1250]
 [3772 1250]
 [3773 1249]
 [3774 1242]
 [3775 1228]
 [3776 1208]
 [3777 1183]
 [3778 1154]
 [3779 1152]
 [3770 1250]
 [3771 1250]
 [3772 1250]
 [3773 1249]
 [3774 1242]
 [3775 1228]
 [3776 1208]
 [3777 1183]
 [3778 1154]
 [3779 1152]
 [3780 1149]
 [3781 1153]
 [3782 1158]
 [3783 1164]
 [3784 1168]
 [3785 1174]
 [3786 1179]
 [3787 1184]
 [3788 1190]
 [3789 1196]
 [3790 1200]
 [3791 1202]
 [3792 1203]
 [3793 1203]
 [3794 1205]
 [3795 1205]
 [3796 1205]
 [3797 1205]
 [3798 1205]
 [3799 1206]
 [3800 1206]
 [3801 1204]
 [3802 1204]
 [3803 1204]
 [3804 1202]
 [3805 1202]
 [3806 1200]
 [3807 1199]
 [3808 1197]
 [3809 1195]
 [3810 1194]
 [3811 1192]
 [3812 1190]
 [3813 1187]
 [3814 1184]
 [3815 1182]
 [3816 1178]
 [3817 1176]
 [3818 1174]
 [3819 1172]
 [3820 1175]
 [3821 1178]
 [3822 1180]
 [3823 1181]
 [3824 1184]
 [3825 1187]
 [3826 1186]
 [3827 1079]
 [3828  873]
 [3829  663]
 [3830  556]
 [3831  498]
 [3832  436]
 [3833  362]
 [3834  286]
 [3835  228]
 [3836  180]
 [3837   61]
 [3838    0]
 [3839    0]
 [3840    0]
 [3841    0]
 [3842    0]
 [3843    0]
 [3844    0]
 [3845    0]
 [3846    0]
 [3847    0]
 [3848    0]
 [3849    0]
 [3850    0]
 [3900    0]
 [3901    0]
 [3902    0]
 [3903    0]
 [3904    0]
 [3905    0]
 [3906    0]
 [3907    0]
 [3908    0]
 [3909    0]
 [3910    0]
 [3911    0]
 [3912    0]
 [3913    0]
 [3914    0]
 [3915    0]
 [3916    0]
 [3917    0]
 [3918    0]
 [3919    0]
 [3920    0]
 [3921    0]
 [3922    0]
 [3923    0]
 [3924    0]
 [3925    0]
 [3926    0]
 [3927    0]
 [3928    0]
 [3929    0]
 [3930    0]
 [3931    0]
 [3932    0]
 [3933    0]
 [3934    0]
 [3935    0]
 [3936    0]
 [3937    0]
 [3938    0]
 [3939    0]
 [3940    0]
 [3930    0]
 [3931    0]
 [3932    0]
 [3933    0]
 [3934    0]
 [3935    0]
 [3936    0]
 [3937    0]
 [3938    0]
 [3939    0]
 [3940    0]
 [3941    0]
 [3942    0]
 [3943    0]
 [3944    0]
 [3945    0]
 [3946    0]
 [3947    0]
 [3948    0]
 [3949    0]
 [3950    0]
 [3951    0]
 [3952    0]
 [3953    0]
 [3954    0]
 [3955    0]
 [3956    0]
 [3957    0]
 [3958    0]
 [3959    0]
 [3960    0]
 [3961    0]
 [3962    0]
 [3963    0]
 [3964    0]
 [3965    0]
 [3966    0]
 [3967    0]
 [3968    0]
 [3969    0]
 [3970    0]
 [3971    0]
 [3972    0]
 [3973    0]
 [3974    0]
 [3975    0]
 [3976    0]
 [3977    0]
 [3978    0]
 [3979    0]
 [3980    0]
 [3981    0]
 [3982   87]
 [3983  183]
 [3984  268]
 [3985  346]
 [3986  426]
 [3987  496]
 [3988  571]
 [3989  632]
 [3990  684]
 [3991  726]
 [3992  762]
 [3993  797]
 [3994  827]
 [3995  859]
 [3996  878]
 [3997  898]
 [3998  967]
 [3999 1032]
 [4000 1074]
 [4001 1105]
 [4002 1138]
 [4003 1170]
 [4004 1204]
 [4005 1234]
 [4006 1249]
 [4007 1250]
 [4008 1250]
 [4009 1250]
 [4010 1250]
 [4011 1239]
 [4012 1209]
 [4013 1167]
 [4014 1116]
 [4015 1063]
 [4016 1011]
 [4017  958]
 [4018  904]
 [4019  878]
 [4010 1250]
 [4011 1239]
 [4012 1209]
 [4013 1167]
 [4014 1116]
 [4015 1063]
 [4016 1011]
 [4017  958]
 [4018  904]
 [4019  878]
 [4020  854]
 [4021  872]
 [4022  893]
 [4023  915]
 [4024  939]
 [4025  963]
 [4026  989]
 [4027 1014]
 [4028 1041]
 [4029 1068]
 [4030 1094]
 [4031 1098]
 [4032 1101]
 [4033 1105]
 [4034 1107]
 [4035 1109]
 [4036 1111]
 [4037 1113]
 [4038 1115]
 [4039 1115]
 [4040 1116]
 [4041 1117]
 [4042 1116]
 [4043 1117]
 [4044 1118]
 [4045 1117]
 [4046 1118]
 [4047 1117]
 [4048 1116]
 [4049 1116]
 [4050 1117]
 [4051 1118]
 [4052 1118]
 [4053 1119]
 [4054 1120]
 [4055 1122]
 [4056 1124]
 [4057 1127]
 [4058 1131]
 [4059 1135]
 [4060 1140]
 [4061 1146]
 [4062 1153]
 [4063 1162]
 [4064 1172]
 [4065 1184]
 [4066 1157]
 [4067 1121]
 [4068 1195]
 [4069 1242]
 [4070 1250]
 [4071 1250]
 [4072 1250]
 [4073 1250]
 [4074 1250]
 [4075 1250]
 [4076 1250]]
